dataset,n_bootstrap,beta_hat,beta_ci_low,beta_ci_high,terminal_fraction_hat,terminal_fraction_ci_low,terminal_fraction_ci_high
Qwen2.5-7B / RTX 3090 (direct telemetry),5000,0.7389516385318975,0.49042630613909804,0.9460417115934091,0.4776143656464408,0.38827488972838,0.6123652834521103
Mistral-7B / RTX 3090,5000,0.9297381525648706,0.6664403577005658,1.1418427313716857,0.39465703677596936,0.3192302245696416,0.5135333258237911
Qwen2.5-7B / RTX 4090,5000,0.5673228174680077,0.40190392496618055,0.7142195719171152,0.5670414819822224,0.48957404007269434,0.6690450211256964
