held_out_dataset,trained_beta,normalized_rmse,max_absolute_error,spearman_pred_observed,kendall_pred_observed
Qwen2.5-7B / RTX 3090 (direct telemetry),0.7377364040597002,0.10253867033972597,0.1571496862203694,1.0,0.9999999999999999
Mistral-7B / RTX 3090,0.6511285128026779,0.1312030672348097,0.2550904383575133,1.0,0.9999999999999999
Qwen2.5-7B / RTX 4090,0.8308529102589545,0.12429090461930628,0.18683453388709914,1.0,0.9999999999999999
