dataset_a,dataset_b,rmse_between_normalized_curves,max_absolute_difference,spearman,kendall
Qwen2.5-7B / RTX 3090 (direct telemetry),Mistral-7B / RTX 3090,0.06723039098318773,0.09700210050205915,1.0,0.9999999999999999
Qwen2.5-7B / RTX 3090 (direct telemetry),Qwen2.5-7B / RTX 4090,0.0708704761610087,0.1138470954074966,1.0,0.9999999999999999
Mistral-7B / RTX 3090,Qwen2.5-7B / RTX 4090,0.13257849893319915,0.20639766307367569,1.0,0.9999999999999999
