variant,median_kendall,median_regret,p90_regret,maximum_regret,within_1pct,within_5pct,exact_training,same_selection_as_original
log_monotone,1.0,0.0,0.0,0.011422323464503854,0.9722222222222222,1.0,0.8888888888888888,0.9444444444444444
original,1.0,0.0,0.0,0.0034778710551162406,1.0,1.0,0.8888888888888888,1.0
positive_affine,1.0,0.0,0.0,0.0034778710551162406,1.0,1.0,0.8888888888888888,1.0
rank_fraction,1.0,0.0,0.0,0.011422323464503854,0.9444444444444444,1.0,0.9166666666666666,0.9166666666666666
smooth_10pct_sd,0.9873015873015872,0.0,0.0,0.00878082831833419,1.0,1.0,0.8611111111111112,0.9444444444444444
smooth_20pct_sd,0.9740462266778056,0.0,0.0,0.040493727531153045,0.9722222222222222,1.0,0.8888888888888888,0.9166666666666666
smooth_40pct_sd,0.9438039543302701,0.0,0.0,0.04294869646711975,0.9722222222222222,1.0,0.8333333333333334,0.8888888888888888
squared_rank,1.0,0.0,0.0,0.011422323464503854,0.9722222222222222,1.0,0.9166666666666666,0.9166666666666666
