method,median_regret,p90_regret,maximum_regret,runs_within_1pct,runs_within_5pct,exact
DR_BGS,0.0,0.0,0.0034778710551162406,1.0,1.0,0.8888888888888888
guarded_GP,0.0,0.0034778710551162406,0.00878082831833419,1.0,1.0,0.8611111111111112
residual_GP,0.0,0.0,0.07219697300533622,0.95,0.9944444444444445,0.8444444444444444
standard_GP,0.0,0.00029444547132495276,0.07219697300533622,0.9555555555555556,0.9888888888888889,0.7833333333333333
