{
  "model_comparison": [
    {
      "model": "exponential",
      "parameters": "53.61375883;0.03445137467",
      "rmse_tok_s": 0.7894585543653281,
      "r2": 0.996115299816413,
      "aicc": 5.163104687378532,
      "loocv_rmse_tok_s": 1.2986781168927168
    },
    {
      "model": "quadratic",
      "parameters": "53.94052521;-1.870871644;0.02318699178",
      "rmse_tok_s": 0.40408544408523994,
      "r2": 0.9989822403020066,
      "aicc": 7.12645286253046,
      "loocv_rmse_tok_s": 2.8485272131243784
    },
    {
      "model": "reciprocal",
      "parameters": "56.89910882;0.05853997752",
      "rmse_tok_s": 1.0109379543457102,
      "r2": 0.9936298766818049,
      "aicc": 8.13054281092581,
      "loocv_rmse_tok_s": 1.609348330368933
    },
    {
      "model": "linear",
      "parameters": "50.23339815;1.001739215",
      "rmse_tok_s": 2.748112025934469,
      "r2": 0.9529274526059716,
      "aicc": 20.130969678570523,
      "loocv_rmse_tok_s": 6.572497133244699
    }
  ],
  "bootstrap": {
    "n": 10000,
    "a_hat": 53.61375879277417,
    "b_hat": 0.03445137456780365,
    "a_ci": [
      53.37606045784565,
      53.85669444014044
    ],
    "b_ci": [
      0.03326148893798899,
      0.035666829321715075
    ]
  },
  "independent_summary_agreement": {
    "normalized_rmse": 0.00991591378187501,
    "max_abs_difference": 0.01930704634884728,
    "spearman": 1.0,
    "kendall": 0.9999999999999999
  },
  "monotonicity_violations": 0
}