model,parameters,rmse_tok_s,r2,aicc,loocv_rmse_tok_s
exponential,53.61375883;0.03445137467,0.7894585543653281,0.996115299816413,5.163104687378532,1.2986781168927168
quadratic,53.94052521;-1.870871644;0.02318699178,0.40408544408523994,0.9989822403020066,7.12645286253046,2.8485272131243784
reciprocal,56.89910882;0.05853997752,1.0109379543457102,0.9936298766818049,8.13054281092581,1.609348330368933
linear,50.23339815;1.001739215,2.748112025934469,0.9529274526059716,20.130969678570523,6.572497133244699
