{
  "scenario_id": "V01",
  "design": "fresh_lhs",
  "K": 55.13057390972789,
  "mu_max": 165.39172172918367,
  "rho": 0.6482280779644518,
  "arrival_scv": 1.0,
  "mean_jump_fraction": 0.09435740417510995,
  "tau": 1.1781021880900149,
  "qH": 0.5432339950111713,
  "beta": 0.6663009061110894,
  "jump_cv": 0.9748602243913376,
  "cloud_cost_multiplier": 2.8793771608170897,
  "deactivation_mean": 1.7007311555352678,
  "lambda_H": 9.735588477785816,
  "lambda_L": 11.07510766232376,
  "mean_H": 5.98227452152686,
  "mean_L": 4.421681168085071,
  "cv_H": 0.9748602243913376,
  "cv_L": 0.9748602243913376,
  "cW": 1.0,
  "cB": 10.0,
  "cL": 2.5,
  "cC": 0.25,
  "policy_count": 190,
  "diffusion_best_idx": 2,
  "exhaustive_train_idx": 164,
  "holdout_oracle_idx": 99,
  "single_train_idx": 10,
  "selection_idx": 77,
  "final_idx": 102,
  "selection_candidate_count": 46,
  "certified": 0,
  "fallback": 1,
  "certificate_stage_reps": 20,
  "certificate_ambiguous_count": 2,
  "certificate_simulation_count": 920,
  "algorithm_simulation_count": 1318,
  "exhaustive_simulation_count": 3830,
  "work_reduction": 0.6558746736292429,
  "holdout_regret_vs_exhaustive": 0.0,
  "holdout_regret_vs_oracle": 0.008437970411488974,
  "hysteresis_gain_vs_best_single": 0.004158919160713338,
  "adaptive_gain_vs_best_single": 0.010502266884068048,
  "exhaustive_holdout_objective": 0.599869059078085,
  "adaptive_holdout_objective": 0.5960479895285069,
  "single_holdout_objective": 0.602374285034034,
  "selected_alpha_on": 38.59140173680952,
  "selected_alpha_off": 33.07834434583674,
  "exhaustive_alpha_on": 49.6175165187551,
  "exhaustive_alpha_off": 33.07834434583674,
  "pareto_count": 113,
  "distinct_weight_optima": 8,
  "robust_idx": 51,
  "robust_max_additive_regret": 0.4615104497104089,
  "equal_weight_idx": 1,
  "elapsed_seconds": 11.711501121520996
}