{
  "scenario_id": "V02",
  "design": "fresh_lhs",
  "K": 42.442118973062506,
  "mu_max": 127.32635691918752,
  "rho": 0.7068711620199213,
  "arrival_scv": 4.0,
  "mean_jump_fraction": 0.061482473945477206,
  "tau": 0.44561921073949634,
  "qH": 0.6239210676024842,
  "beta": 1.2328264741540393,
  "jump_cv": 0.7893647674002754,
  "cloud_cost_multiplier": 0.5431398960981509,
  "deactivation_mean": 0.8282701057652244,
  "lambda_H": 18.712938688949304,
  "lambda_L": 15.260552741322117,
  "mean_H": 3.000863445044983,
  "mean_L": 2.2180295028593355,
  "cv_H": 0.7893647674002754,
  "cv_L": 0.7893647674002754,
  "cW": 1.0,
  "cB": 10.0,
  "cL": 2.5,
  "cC": 0.25,
  "policy_count": 190,
  "diffusion_best_idx": 0,
  "exhaustive_train_idx": 0,
  "holdout_oracle_idx": 0,
  "single_train_idx": 0,
  "selection_idx": 0,
  "final_idx": 0,
  "selection_candidate_count": 32,
  "certified": 1,
  "fallback": 0,
  "certificate_stage_reps": 15,
  "certificate_ambiguous_count": 0,
  "certificate_simulation_count": 240,
  "algorithm_simulation_count": 526,
  "exhaustive_simulation_count": 3830,
  "work_reduction": 0.8626631853785901,
  "holdout_regret_vs_exhaustive": 0.0,
  "holdout_regret_vs_oracle": 0.0,
  "hysteresis_gain_vs_best_single": -0.007741139420304805,
  "adaptive_gain_vs_best_single": -0.007741139420304805,
  "exhaustive_holdout_objective": 1.3367852065116483,
  "adaptive_holdout_objective": 1.3367852065116483,
  "single_holdout_objective": 1.3265164576694999,
  "selected_alpha_on": 2.1221059486531253,
  "selected_alpha_off": 2.1221059486531253,
  "exhaustive_alpha_on": 2.1221059486531253,
  "exhaustive_alpha_off": 2.1221059486531253,
  "pareto_count": 157,
  "distinct_weight_optima": 6,
  "robust_idx": 174,
  "robust_max_additive_regret": 0.5007112403468768,
  "equal_weight_idx": 0,
  "elapsed_seconds": 18.5377197265625
}