{
  "scenario_id": "V03",
  "design": "fresh_lhs",
  "K": 59.58877356636329,
  "mu_max": 178.76632069908987,
  "rho": 0.6730186465520287,
  "arrival_scv": 4.0,
  "mean_jump_fraction": 0.07473721531639504,
  "tau": 0.7424640106831933,
  "qH": 0.5635610132206886,
  "beta": 0.9184997864707874,
  "jump_cv": 1.3574944076926176,
  "cloud_cost_multiplier": 0.4561254927370571,
  "deactivation_mean": 0.5561055395296913,
  "lambda_H": 13.238980435705972,
  "lambda_L": 13.871264486685282,
  "mean_H": 5.121523850539583,
  "mean_L": 3.785474150398822,
  "cv_H": 1.3574944076926176,
  "cv_L": 1.3574944076926176,
  "cW": 1.0,
  "cB": 10.0,
  "cL": 2.5,
  "cC": 0.25,
  "policy_count": 190,
  "diffusion_best_idx": 0,
  "exhaustive_train_idx": 0,
  "holdout_oracle_idx": 0,
  "single_train_idx": 0,
  "selection_idx": 0,
  "final_idx": 0,
  "selection_candidate_count": 33,
  "certified": 1,
  "fallback": 0,
  "certificate_stage_reps": 15,
  "certificate_ambiguous_count": 0,
  "certificate_simulation_count": 265,
  "algorithm_simulation_count": 559,
  "exhaustive_simulation_count": 3830,
  "work_reduction": 0.8540469973890339,
  "holdout_regret_vs_exhaustive": 0.0,
  "holdout_regret_vs_oracle": 0.0,
  "hysteresis_gain_vs_best_single": 0.0044342476864015915,
  "adaptive_gain_vs_best_single": 0.0044342476864015915,
  "exhaustive_holdout_objective": 0.8174518308153209,
  "adaptive_holdout_objective": 0.8174518308153209,
  "single_holdout_objective": 0.8210927594843856,
  "selected_alpha_on": 2.9794386783181643,
  "selected_alpha_off": 2.9794386783181643,
  "exhaustive_alpha_on": 2.9794386783181643,
  "exhaustive_alpha_off": 2.9794386783181643,
  "pareto_count": 130,
  "distinct_weight_optima": 4,
  "robust_idx": 53,
  "robust_max_additive_regret": 0.47129448990125444,
  "equal_weight_idx": 0,
  "elapsed_seconds": 14.716760396957397
}