{
  "scenario_id": "V04",
  "design": "fresh_lhs",
  "K": 32.598610528859716,
  "mu_max": 97.79583158657914,
  "rho": 0.8716277490102732,
  "arrival_scv": 1.0,
  "mean_jump_fraction": 0.09745865776092619,
  "tau": 0.927339612118801,
  "qH": 0.21293336840561408,
  "beta": 1.3189681596155711,
  "jump_cv": 1.644259307758925,
  "cloud_cost_multiplier": 0.25033165970881943,
  "deactivation_mean": 1.0749417963709633,
  "lambda_H": 4.967956229002708,
  "lambda_L": 24.844167671127234,
  "mean_H": 3.6535693510659435,
  "mean_L": 2.7004643029617843,
  "cv_H": 1.644259307758925,
  "cv_L": 1.644259307758925,
  "cW": 1.0,
  "cB": 10.0,
  "cL": 2.5,
  "cC": 0.25,
  "policy_count": 190,
  "diffusion_best_idx": 0,
  "exhaustive_train_idx": 3,
  "holdout_oracle_idx": 0,
  "single_train_idx": 0,
  "selection_idx": 6,
  "final_idx": 1,
  "selection_candidate_count": 39,
  "certified": 0,
  "fallback": 1,
  "certificate_stage_reps": 20,
  "certificate_ambiguous_count": 5,
  "certificate_simulation_count": 780,
  "algorithm_simulation_count": 1122,
  "exhaustive_simulation_count": 3830,
  "work_reduction": 0.7070496083550915,
  "holdout_regret_vs_exhaustive": 0.0,
  "holdout_regret_vs_oracle": 0.019271953488182857,
  "hysteresis_gain_vs_best_single": -0.043101359033232575,
  "adaptive_gain_vs_best_single": -0.026273123541293457,
  "exhaustive_holdout_objective": 1.0980722439867323,
  "adaptive_holdout_objective": 1.0803571694650222,
  "single_holdout_objective": 1.0526994663341709,
  "selected_alpha_on": 3.259861052885972,
  "selected_alpha_off": 1.629930526442986,
  "exhaustive_alpha_on": 4.889791579328957,
  "exhaustive_alpha_off": 1.629930526442986,
  "pareto_count": 107,
  "distinct_weight_optima": 6,
  "robust_idx": 63,
  "robust_max_additive_regret": 0.437295033593779,
  "equal_weight_idx": 0,
  "elapsed_seconds": 14.029847383499146
}