{
  "scenario_id": "V05",
  "design": "fresh_lhs",
  "K": 68.43055594026143,
  "mu_max": 205.29166782078428,
  "rho": 0.5644743641075931,
  "arrival_scv": 4.0,
  "mean_jump_fraction": 0.06396372686560822,
  "tau": 2.93059727051036,
  "qH": 0.3276964790159966,
  "beta": 0.7502909314771677,
  "jump_cv": 1.985351061877873,
  "cloud_cost_multiplier": 1.2044759433106595,
  "deactivation_mean": 1.9791193595721894,
  "lambda_H": 7.544069007090406,
  "lambda_L": 20.940072338853422,
  "mean_H": 5.033634397838298,
  "mean_L": 3.7205123810109155,
  "cv_H": 1.985351061877873,
  "cv_L": 1.985351061877873,
  "cW": 1.0,
  "cB": 10.0,
  "cL": 2.5,
  "cC": 0.25,
  "policy_count": 190,
  "diffusion_best_idx": 0,
  "exhaustive_train_idx": 1,
  "holdout_oracle_idx": 11,
  "single_train_idx": 1,
  "selection_idx": 1,
  "final_idx": 1,
  "selection_candidate_count": 35,
  "certified": 1,
  "fallback": 0,
  "certificate_stage_reps": 20,
  "certificate_ambiguous_count": 0,
  "certificate_simulation_count": 441,
  "algorithm_simulation_count": 751,
  "exhaustive_simulation_count": 3830,
  "work_reduction": 0.8039164490861619,
  "holdout_regret_vs_exhaustive": 0.0,
  "holdout_regret_vs_oracle": 0.008210574211606605,
  "hysteresis_gain_vs_best_single": -0.005786321598992188,
  "adaptive_gain_vs_best_single": -0.005786321598992188,
  "exhaustive_holdout_objective": 0.5619898955880516,
  "adaptive_holdout_objective": 0.5619898955880516,
  "single_holdout_objective": 0.5587567493407585,
  "selected_alpha_on": 6.8430555940261435,
  "selected_alpha_off": 3.4215277970130717,
  "exhaustive_alpha_on": 6.8430555940261435,
  "exhaustive_alpha_off": 3.4215277970130717,
  "pareto_count": 109,
  "distinct_weight_optima": 4,
  "robust_idx": 61,
  "robust_max_additive_regret": 0.4692593793108108,
  "equal_weight_idx": 0,
  "elapsed_seconds": 12.66093897819519
}