{
  "scenario_id": "V06",
  "design": "fresh_lhs",
  "K": 42.86632525161223,
  "mu_max": 128.5989757548367,
  "rho": 0.8142049297478628,
  "arrival_scv": 4.0,
  "mean_jump_fraction": 0.07512838042144475,
  "tau": 3.535142843910458,
  "qH": 0.4176870901772259,
  "beta": 0.9563866332642504,
  "jump_cv": 1.1136395226839018,
  "cloud_cost_multiplier": 0.37720595059715745,
  "deactivation_mean": 1.4435779901979733,
  "lambda_H": 11.808756505918826,
  "lambda_L": 22.273499082058866,
  "mean_H": 3.703549229388383,
  "mean_L": 2.737405952156631,
  "cv_H": 1.1136395226839018,
  "cv_L": 1.1136395226839018,
  "cW": 1.0,
  "cB": 10.0,
  "cL": 2.5,
  "cC": 0.25,
  "policy_count": 190,
  "diffusion_best_idx": 0,
  "exhaustive_train_idx": 2,
  "holdout_oracle_idx": 0,
  "single_train_idx": 0,
  "selection_idx": 2,
  "final_idx": 1,
  "selection_candidate_count": 37,
  "certified": 0,
  "fallback": 1,
  "certificate_stage_reps": 20,
  "certificate_ambiguous_count": 12,
  "certificate_simulation_count": 740,
  "algorithm_simulation_count": 1066,
  "exhaustive_simulation_count": 3830,
  "work_reduction": 0.7216710182767624,
  "holdout_regret_vs_exhaustive": 0.0,
  "holdout_regret_vs_oracle": 0.015120486232085029,
  "hysteresis_gain_vs_best_single": -0.059331666710687354,
  "adaptive_gain_vs_best_single": -0.03185755521238864,
  "exhaustive_holdout_objective": 1.8483948459064075,
  "adaptive_holdout_objective": 1.800456124082865,
  "single_holdout_objective": 1.744868867788902,
  "selected_alpha_on": 4.286632525161223,
  "selected_alpha_off": 2.1433162625806115,
  "exhaustive_alpha_on": 4.286632525161223,
  "exhaustive_alpha_off": 4.286632525161223,
  "pareto_count": 128,
  "distinct_weight_optima": 6,
  "robust_idx": 51,
  "robust_max_additive_regret": 0.4818411323117507,
  "equal_weight_idx": 0,
  "elapsed_seconds": 17.69819688796997
}