{
  "scenario_id": "V07",
  "design": "fresh_lhs",
  "K": 77.4292171434216,
  "mu_max": 232.2876514302648,
  "rho": 0.8025325272659999,
  "arrival_scv": 1.0,
  "mean_jump_fraction": 0.06671116396870376,
  "tau": 0.3073060188496421,
  "qH": 0.7999493787756173,
  "beta": 1.0463309832573318,
  "jump_cv": 0.6463231895361681,
  "cloud_cost_multiplier": 0.9997150605566538,
  "deactivation_mean": 1.188875324520032,
  "lambda_H": 25.104411515635604,
  "lambda_L": 8.493884650391792,
  "mean_H": 5.94020218094664,
  "mean_L": 4.390584220699691,
  "cv_H": 0.6463231895361681,
  "cv_L": 0.6463231895361681,
  "cW": 1.0,
  "cB": 10.0,
  "cL": 2.5,
  "cC": 0.25,
  "policy_count": 190,
  "diffusion_best_idx": 0,
  "exhaustive_train_idx": 0,
  "holdout_oracle_idx": 1,
  "single_train_idx": 0,
  "selection_idx": 1,
  "final_idx": 1,
  "selection_candidate_count": 34,
  "certified": 1,
  "fallback": 0,
  "certificate_stage_reps": 15,
  "certificate_ambiguous_count": 0,
  "certificate_simulation_count": 225,
  "algorithm_simulation_count": 527,
  "exhaustive_simulation_count": 3830,
  "work_reduction": 0.862402088772846,
  "holdout_regret_vs_exhaustive": 0.0,
  "holdout_regret_vs_oracle": 0.0,
  "hysteresis_gain_vs_best_single": 0.0021216972824367416,
  "adaptive_gain_vs_best_single": 0.002666553131649073,
  "exhaustive_holdout_objective": 2.618495524956885,
  "adaptive_holdout_objective": 2.6170657888868414,
  "single_holdout_objective": 2.624062992276541,
  "selected_alpha_on": 7.742921714342159,
  "selected_alpha_off": 3.87146085717108,
  "exhaustive_alpha_on": 3.87146085717108,
  "exhaustive_alpha_off": 3.87146085717108,
  "pareto_count": 155,
  "distinct_weight_optima": 6,
  "robust_idx": 184,
  "robust_max_additive_regret": 0.6576381486194101,
  "equal_weight_idx": 1,
  "elapsed_seconds": 18.480541706085205
}