{
  "scenario_id": "V08",
  "design": "fresh_lhs",
  "K": 64.77830798847828,
  "mu_max": 194.33492396543483,
  "rho": 0.6169429458631464,
  "arrival_scv": 4.0,
  "mean_jump_fraction": 0.0792019769975739,
  "tau": 0.5085776298122693,
  "qH": 0.7311804664915575,
  "beta": 1.3362301812776065,
  "jump_cv": 1.3778491596111457,
  "cloud_cost_multiplier": 2.3560484743934396,
  "deactivation_mean": 0.9541828730532819,
  "lambda_H": 14.857884417687849,
  "lambda_L": 7.390471262961564,
  "mean_H": 5.900155568131996,
  "mean_L": 4.360984550358432,
  "cv_H": 1.3778491596111457,
  "cv_L": 1.3778491596111457,
  "cW": 1.0,
  "cB": 10.0,
  "cL": 2.5,
  "cC": 0.25,
  "policy_count": 190,
  "diffusion_best_idx": 0,
  "exhaustive_train_idx": 0,
  "holdout_oracle_idx": 0,
  "single_train_idx": 0,
  "selection_idx": 0,
  "final_idx": 0,
  "selection_candidate_count": 34,
  "certified": 1,
  "fallback": 0,
  "certificate_stage_reps": 10,
  "certificate_ambiguous_count": 0,
  "certificate_simulation_count": 236,
  "algorithm_simulation_count": 538,
  "exhaustive_simulation_count": 3830,
  "work_reduction": 0.8595300261096606,
  "holdout_regret_vs_exhaustive": 0.0,
  "holdout_regret_vs_oracle": 0.0,
  "hysteresis_gain_vs_best_single": -0.0018400527460295422,
  "adaptive_gain_vs_best_single": -0.0018400527460295422,
  "exhaustive_holdout_objective": 1.6654626292425319,
  "adaptive_holdout_objective": 1.6654626292425319,
  "single_holdout_objective": 1.6624037187149008,
  "selected_alpha_on": 3.238915399423914,
  "selected_alpha_off": 3.238915399423914,
  "exhaustive_alpha_on": 3.238915399423914,
  "exhaustive_alpha_off": 3.238915399423914,
  "pareto_count": 137,
  "distinct_weight_optima": 3,
  "robust_idx": 99,
  "robust_max_additive_regret": 0.4819370705024762,
  "equal_weight_idx": 0,
  "elapsed_seconds": 12.253832340240479
}