{
  "scenario_id": "V09",
  "design": "fresh_lhs",
  "K": 54.56590035203533,
  "mu_max": 163.69770105610598,
  "rho": 0.770412587111599,
  "arrival_scv": 4.0,
  "mean_jump_fraction": 0.05132358465960197,
  "tau": 1.7325841752646318,
  "qH": 0.47080458387307056,
  "beta": 0.6827128650659869,
  "jump_cv": 1.203033306480127,
  "cloud_cost_multiplier": 1.6165772013143596,
  "deactivation_mean": 0.4439066060860691,
  "lambda_H": 18.43616069660819,
  "lambda_L": 28.036564177930913,
  "mean_H": 3.220595247181853,
  "mean_L": 2.380439965308326,
  "cv_H": 1.203033306480127,
  "cv_L": 1.203033306480127,
  "cW": 1.0,
  "cB": 10.0,
  "cL": 2.5,
  "cC": 0.25,
  "policy_count": 190,
  "diffusion_best_idx": 0,
  "exhaustive_train_idx": 0,
  "holdout_oracle_idx": 1,
  "single_train_idx": 0,
  "selection_idx": 1,
  "final_idx": 1,
  "selection_candidate_count": 34,
  "certified": 1,
  "fallback": 0,
  "certificate_stage_reps": 20,
  "certificate_ambiguous_count": 0,
  "certificate_simulation_count": 341,
  "algorithm_simulation_count": 643,
  "exhaustive_simulation_count": 3830,
  "work_reduction": 0.8321148825065274,
  "holdout_regret_vs_exhaustive": 0.0,
  "holdout_regret_vs_oracle": 0.0,
  "hysteresis_gain_vs_best_single": -0.009814381237891225,
  "adaptive_gain_vs_best_single": -0.008418879512253907,
  "exhaustive_holdout_objective": 0.9833489793371977,
  "adaptive_holdout_objective": 0.9819900511786518,
  "single_holdout_objective": 0.9737918152163265,
  "selected_alpha_on": 5.456590035203533,
  "selected_alpha_off": 2.7282950176017664,
  "exhaustive_alpha_on": 2.7282950176017664,
  "exhaustive_alpha_off": 2.7282950176017664,
  "pareto_count": 118,
  "distinct_weight_optima": 7,
  "robust_idx": 83,
  "robust_max_additive_regret": 0.44273001657061867,
  "equal_weight_idx": 1,
  "elapsed_seconds": 23.231952905654907
}