{
  "scenario_id": "V10",
  "design": "fresh_lhs",
  "K": 36.98096445662485,
  "mu_max": 110.94289336987454,
  "rho": 0.5799228839160672,
  "arrival_scv": 1.0,
  "mean_jump_fraction": 0.05614505210457651,
  "tau": 1.3328601362122767,
  "qH": 0.26753721483495047,
  "beta": 1.1767318761069616,
  "jump_cv": 1.8580864159390371,
  "cloud_cost_multiplier": 0.6364385237983029,
  "deactivation_mean": 1.2751401907587585,
  "lambda_H": 7.208856378698025,
  "lambda_L": 26.702175765326224,
  "mean_H": 2.3877429027388977,
  "mean_L": 1.7648534498504898,
  "cv_H": 1.8580864159390371,
  "cv_L": 1.8580864159390371,
  "cW": 1.0,
  "cB": 10.0,
  "cL": 2.5,
  "cC": 0.25,
  "policy_count": 190,
  "diffusion_best_idx": 0,
  "exhaustive_train_idx": 0,
  "holdout_oracle_idx": 0,
  "single_train_idx": 3,
  "selection_idx": 0,
  "final_idx": 0,
  "selection_candidate_count": 32,
  "certified": 0,
  "fallback": 1,
  "certificate_stage_reps": 20,
  "certificate_ambiguous_count": 5,
  "certificate_simulation_count": 640,
  "algorithm_simulation_count": 926,
  "exhaustive_simulation_count": 3830,
  "work_reduction": 0.75822454308094,
  "holdout_regret_vs_exhaustive": 0.0,
  "holdout_regret_vs_oracle": 0.0,
  "hysteresis_gain_vs_best_single": 0.059148824116541376,
  "adaptive_gain_vs_best_single": 0.059148824116541376,
  "exhaustive_holdout_objective": 0.4592591005063917,
  "adaptive_holdout_objective": 0.4592591005063917,
  "single_holdout_objective": 0.48813150504398073,
  "selected_alpha_on": 1.8490482228312424,
  "selected_alpha_off": 1.8490482228312424,
  "exhaustive_alpha_on": 1.8490482228312424,
  "exhaustive_alpha_off": 1.8490482228312424,
  "pareto_count": 95,
  "distinct_weight_optima": 5,
  "robust_idx": 51,
  "robust_max_additive_regret": 0.4093594944621288,
  "equal_weight_idx": 0,
  "elapsed_seconds": 14.900743961334229
}