{
  "scenario_id": "V11",
  "design": "fresh_lhs",
  "K": 72.81549506340781,
  "mu_max": 218.44648519022343,
  "rho": 0.7474886456496668,
  "arrival_scv": 1.0,
  "mean_jump_fraction": 0.08552282321808652,
  "tau": 2.266559731672014,
  "qH": 0.6595529275387568,
  "beta": 0.8464511912490322,
  "jump_cv": 0.6071751924654281,
  "cloud_cost_multiplier": 1.3675410280838554,
  "deactivation_mean": 0.2893000796587672,
  "lambda_H": 15.038192430036897,
  "lambda_L": 10.502060215194964,
  "mean_H": 7.161494718622069,
  "mean_L": 5.293278705068486,
  "cv_H": 0.6071751924654281,
  "cv_L": 0.6071751924654281,
  "cW": 1.0,
  "cB": 10.0,
  "cL": 2.5,
  "cC": 0.25,
  "policy_count": 190,
  "diffusion_best_idx": 0,
  "exhaustive_train_idx": 1,
  "holdout_oracle_idx": 0,
  "single_train_idx": 0,
  "selection_idx": 3,
  "final_idx": 1,
  "selection_candidate_count": 36,
  "certified": 0,
  "fallback": 1,
  "certificate_stage_reps": 20,
  "certificate_ambiguous_count": 3,
  "certificate_simulation_count": 720,
  "algorithm_simulation_count": 1038,
  "exhaustive_simulation_count": 3830,
  "work_reduction": 0.7289817232375979,
  "holdout_regret_vs_exhaustive": 0.0,
  "holdout_regret_vs_oracle": 0.01781696087122084,
  "hysteresis_gain_vs_best_single": -0.005657913888433022,
  "adaptive_gain_vs_best_single": -0.005657913888433022,
  "exhaustive_holdout_objective": 1.42848810520277,
  "adaptive_holdout_objective": 1.42848810520277,
  "single_holdout_objective": 1.4204513139855284,
  "selected_alpha_on": 7.281549506340781,
  "selected_alpha_off": 3.6407747531703905,
  "exhaustive_alpha_on": 7.281549506340781,
  "exhaustive_alpha_off": 3.6407747531703905,
  "pareto_count": 115,
  "distinct_weight_optima": 6,
  "robust_idx": 161,
  "robust_max_additive_regret": 0.44420787145747626,
  "equal_weight_idx": 4,
  "elapsed_seconds": 14.472017288208008
}