{
  "scenario_id": "V12",
  "design": "fresh_lhs",
  "K": 49.99276017678936,
  "mu_max": 149.97828053036807,
  "rho": 0.8556658741591731,
  "arrival_scv": 1.0,
  "mean_jump_fraction": 0.09102022522093481,
  "tau": 0.3421290539118627,
  "qH": 0.35299672575983737,
  "beta": 1.0967360530473664,
  "jump_cv": 1.5878354832824946,
  "cloud_cost_multiplier": 3.4919864102521836,
  "deactivation_mean": 1.7153719353260848,
  "lambda_H": 8.656860065210871,
  "lambda_L": 21.467185713275413,
  "mean_H": 5.23290513431368,
  "mean_L": 3.8677994471014157,
  "cv_H": 1.5878354832824946,
  "cv_L": 1.5878354832824946,
  "cW": 1.0,
  "cB": 10.0,
  "cL": 2.5,
  "cC": 0.25,
  "policy_count": 190,
  "diffusion_best_idx": 0,
  "exhaustive_train_idx": 3,
  "holdout_oracle_idx": 2,
  "single_train_idx": 0,
  "selection_idx": 3,
  "final_idx": 3,
  "selection_candidate_count": 36,
  "certified": 1,
  "fallback": 0,
  "certificate_stage_reps": 15,
  "certificate_ambiguous_count": 0,
  "certificate_simulation_count": 311,
  "algorithm_simulation_count": 629,
  "exhaustive_simulation_count": 3830,
  "work_reduction": 0.8357702349869451,
  "holdout_regret_vs_exhaustive": 0.0,
  "holdout_regret_vs_oracle": 0.0064846640031436895,
  "hysteresis_gain_vs_best_single": -0.005949029962227431,
  "adaptive_gain_vs_best_single": -0.005949029962227431,
  "exhaustive_holdout_objective": 1.1658522865025973,
  "adaptive_holdout_objective": 1.1658522865025973,
  "single_holdout_objective": 1.158957612938276,
  "selected_alpha_on": 7.498914026518404,
  "selected_alpha_off": 2.4996380088394683,
  "exhaustive_alpha_on": 7.498914026518404,
  "exhaustive_alpha_off": 2.4996380088394683,
  "pareto_count": 109,
  "distinct_weight_optima": 6,
  "robust_idx": 54,
  "robust_max_additive_regret": 0.4492354291021365,
  "equal_weight_idx": 0,
  "elapsed_seconds": 13.101934432983398
}