{
  "scenario_id": "R03",
  "design": "lhs",
  "K": 70.59748964826045,
  "mu_max": 211.79246894478135,
  "rho": 0.75,
  "arrival_scv": 1.0,
  "mean_jump_fraction": 0.075,
  "tau": 1.0,
  "qH": 0.5931393062049324,
  "beta": 1.3599456688054614,
  "jump_cv": 0.8778319414100942,
  "cloud_cost_multiplier": 3.251089722114889,
  "deactivation_mean": 0.2934308874996459,
  "lambda_H": 15.473199292302585,
  "lambda_L": 14.359789192767094,
  "mean_H": 6.0890334821624625,
  "mean_L": 4.500589965076603,
  "cv_H": 0.8778319414100942,
  "cv_L": 0.8778319414100942,
  "cW": 1.0,
  "cB": 10.0,
  "cL": 2.5,
  "cC": 0.25,
  "policy_count": 190,
  "diffusion_best_idx": 0,
  "exhaustive_train_idx": 1,
  "holdout_oracle_idx": 1,
  "single_train_idx": 0,
  "selection_idx": 0,
  "final_idx": 0,
  "selection_candidate_count": 33,
  "certified": 1,
  "fallback": 0,
  "certificate_stage_reps": 15,
  "certificate_ambiguous_count": 0,
  "certificate_simulation_count": 246,
  "algorithm_simulation_count": 540,
  "exhaustive_simulation_count": 3830,
  "work_reduction": 0.8590078328981723,
  "holdout_regret_vs_exhaustive": 0.00029444547132495276,
  "holdout_regret_vs_oracle": 0.00029444547132495276,
  "hysteresis_gain_vs_best_single": -0.0031759199496343192,
  "adaptive_gain_vs_best_single": -0.0034713005562057326,
  "exhaustive_holdout_objective": 2.312304821518256,
  "adaptive_holdout_objective": 2.3129856692012747,
  "single_holdout_objective": 2.3049843756560144,
  "selected_alpha_on": 3.529874482413023,
  "selected_alpha_off": 3.529874482413023,
  "exhaustive_alpha_on": 7.059748964826046,
  "exhaustive_alpha_off": 3.529874482413023,
  "pareto_count": 116,
  "distinct_weight_optima": 5,
  "robust_idx": 166,
  "robust_max_additive_regret": 0.6217062051141409,
  "equal_weight_idx": 1,
  "elapsed_seconds": 15.970698356628418
}