{
  "scenario_id": "R06",
  "design": "lhs",
  "K": 66.48482474595114,
  "mu_max": 199.45447423785345,
  "rho": 0.75,
  "arrival_scv": 4.0,
  "mean_jump_fraction": 0.075,
  "tau": 1.0,
  "qH": 0.7092807540417254,
  "beta": 0.8175159453081753,
  "jump_cv": 1.3144669734464547,
  "cloud_cost_multiplier": 0.3093408500863894,
  "deactivation_mean": 0.3231960083184443,
  "lambda_H": 18.50297619239284,
  "lambda_L": 10.260679269115576,
  "mean_H": 5.734316134338285,
  "mean_L": 4.238407577554385,
  "cv_H": 1.3144669734464547,
  "cv_L": 1.3144669734464547,
  "cW": 1.0,
  "cB": 10.0,
  "cL": 2.5,
  "cC": 0.25,
  "policy_count": 190,
  "diffusion_best_idx": 0,
  "exhaustive_train_idx": 0,
  "holdout_oracle_idx": 0,
  "single_train_idx": 0,
  "selection_idx": 0,
  "final_idx": 0,
  "selection_candidate_count": 34,
  "certified": 1,
  "fallback": 0,
  "certificate_stage_reps": 10,
  "certificate_ambiguous_count": 0,
  "certificate_simulation_count": 244,
  "algorithm_simulation_count": 546,
  "exhaustive_simulation_count": 3830,
  "work_reduction": 0.8574412532637076,
  "holdout_regret_vs_exhaustive": 0.0,
  "holdout_regret_vs_oracle": 0.0,
  "hysteresis_gain_vs_best_single": 0.0033431540782428598,
  "adaptive_gain_vs_best_single": 0.0033431540782428598,
  "exhaustive_holdout_objective": 1.1374965977936264,
  "adaptive_holdout_objective": 1.1374965977936264,
  "single_holdout_objective": 1.141312180263623,
  "selected_alpha_on": 3.3242412372975574,
  "selected_alpha_off": 3.3242412372975574,
  "exhaustive_alpha_on": 3.3242412372975574,
  "exhaustive_alpha_off": 3.3242412372975574,
  "pareto_count": 153,
  "distinct_weight_optima": 6,
  "robust_idx": 140,
  "robust_max_additive_regret": 0.48121383988109523,
  "equal_weight_idx": 0,
  "elapsed_seconds": 15.300248384475708
}