{
  "scenario_id": "R07",
  "design": "lhs",
  "K": 46.098822108503,
  "mu_max": 138.29646632550902,
  "rho": 0.75,
  "arrival_scv": 1.0,
  "mean_jump_fraction": 0.075,
  "tau": 1.0,
  "qH": 0.660125919837223,
  "beta": 0.6434876162608449,
  "jump_cv": 1.6305813729403071,
  "cloud_cost_multiplier": 2.6662603487048795,
  "deactivation_mean": 0.6842565644082327,
  "lambda_H": 17.220676169666692,
  "lambda_L": 11.995555770450956,
  "mean_H": 3.976023406858383,
  "mean_L": 2.938799909417066,
  "cv_H": 1.6305813729403071,
  "cv_L": 1.6305813729403071,
  "cW": 1.0,
  "cB": 10.0,
  "cL": 2.5,
  "cC": 0.25,
  "policy_count": 190,
  "diffusion_best_idx": 0,
  "exhaustive_train_idx": 146,
  "holdout_oracle_idx": 150,
  "single_train_idx": 15,
  "selection_idx": 146,
  "final_idx": 146,
  "selection_candidate_count": 52,
  "certified": 1,
  "fallback": 0,
  "certificate_stage_reps": 10,
  "certificate_ambiguous_count": 0,
  "certificate_simulation_count": 417,
  "algorithm_simulation_count": 863,
  "exhaustive_simulation_count": 3830,
  "work_reduction": 0.7746736292428198,
  "holdout_regret_vs_exhaustive": 0.0,
  "holdout_regret_vs_oracle": 0.000311555206715832,
  "hysteresis_gain_vs_best_single": 0.005527348253151913,
  "adaptive_gain_vs_best_single": 0.005527348253151913,
  "exhaustive_holdout_objective": 0.7141029440485815,
  "adaptive_holdout_objective": 0.7141029440485815,
  "single_holdout_objective": 0.7180719779414938,
  "selected_alpha_on": 39.18399879222755,
  "selected_alpha_off": 25.35435215967665,
  "exhaustive_alpha_on": 39.18399879222755,
  "exhaustive_alpha_off": 25.35435215967665,
  "pareto_count": 128,
  "distinct_weight_optima": 6,
  "robust_idx": 71,
  "robust_max_additive_regret": 0.4518259097747037,
  "equal_weight_idx": 1,
  "elapsed_seconds": 14.905978441238403
}