{
  "scenario_id": "R08",
  "design": "lhs",
  "K": 79.04219540629953,
  "mu_max": 237.12658621889858,
  "rho": 0.75,
  "arrival_scv": 4.0,
  "mean_jump_fraction": 0.075,
  "tau": 1.0,
  "qH": 0.6191046283795881,
  "beta": 0.9519644612411616,
  "jump_cv": 0.7707936245567851,
  "cloud_cost_multiplier": 3.691240630319027,
  "deactivation_mean": 1.9851453043586467,
  "lambda_H": 16.150555522945776,
  "lambda_L": 13.443366057191009,
  "mean_H": 6.817389353793334,
  "mean_L": 5.0389399571515945,
  "cv_H": 0.7707936245567851,
  "cv_L": 0.7707936245567851,
  "cW": 1.0,
  "cB": 10.0,
  "cL": 2.5,
  "cC": 0.25,
  "policy_count": 190,
  "diffusion_best_idx": 0,
  "exhaustive_train_idx": 0,
  "holdout_oracle_idx": 0,
  "single_train_idx": 0,
  "selection_idx": 1,
  "final_idx": 1,
  "selection_candidate_count": 34,
  "certified": 1,
  "fallback": 0,
  "certificate_stage_reps": 15,
  "certificate_ambiguous_count": 0,
  "certificate_simulation_count": 249,
  "algorithm_simulation_count": 551,
  "exhaustive_simulation_count": 3830,
  "work_reduction": 0.856135770234987,
  "holdout_regret_vs_exhaustive": 0.004241628380113157,
  "holdout_regret_vs_oracle": 0.004241628380113157,
  "hysteresis_gain_vs_best_single": 0.007313586439722113,
  "adaptive_gain_vs_best_single": 0.0031029795754120917,
  "exhaustive_holdout_objective": 1.7316696625204528,
  "adaptive_holdout_objective": 1.7390147617059806,
  "single_holdout_objective": 1.7444276851838896,
  "selected_alpha_on": 7.904219540629953,
  "selected_alpha_off": 3.9521097703149763,
  "exhaustive_alpha_on": 3.9521097703149763,
  "exhaustive_alpha_off": 3.9521097703149763,
  "pareto_count": 145,
  "distinct_weight_optima": 3,
  "robust_idx": 72,
  "robust_max_additive_regret": 0.5005939819418855,
  "equal_weight_idx": 0,
  "elapsed_seconds": 15.805574417114258
}