{
  "scenario_id": "R12",
  "design": "lhs",
  "K": 33.01735138523294,
  "mu_max": 99.05205415569883,
  "rho": 0.75,
  "arrival_scv": 4.0,
  "mean_jump_fraction": 0.075,
  "tau": 1.0,
  "qH": 0.2545654232021536,
  "beta": 1.3291356969345465,
  "jump_cv": 1.2053967218558521,
  "cloud_cost_multiplier": 1.1871709617442066,
  "deactivation_mean": 1.307508097741008,
  "lambda_H": 6.640837127012703,
  "lambda_L": 26.309455651688697,
  "mean_H": 2.847746556976341,
  "mean_L": 2.1048561508086,
  "cv_H": 1.2053967218558521,
  "cv_L": 1.2053967218558521,
  "cW": 1.0,
  "cB": 10.0,
  "cL": 2.5,
  "cC": 0.25,
  "policy_count": 190,
  "diffusion_best_idx": 0,
  "exhaustive_train_idx": 3,
  "holdout_oracle_idx": 1,
  "single_train_idx": 0,
  "selection_idx": 0,
  "final_idx": 0,
  "selection_candidate_count": 32,
  "certified": 0,
  "fallback": 1,
  "certificate_stage_reps": 20,
  "certificate_ambiguous_count": 2,
  "certificate_simulation_count": 640,
  "algorithm_simulation_count": 926,
  "exhaustive_simulation_count": 3830,
  "work_reduction": 0.75822454308094,
  "holdout_regret_vs_exhaustive": 0.0,
  "holdout_regret_vs_oracle": 7.285287611983575e-05,
  "hysteresis_gain_vs_best_single": -0.028597422199839996,
  "adaptive_gain_vs_best_single": -0.016892617378641908,
  "exhaustive_holdout_objective": 1.36665434443418,
  "adaptive_holdout_objective": 1.351102660155764,
  "single_holdout_objective": 1.3286581464605898,
  "selected_alpha_on": 1.6508675692616472,
  "selected_alpha_off": 1.6508675692616472,
  "exhaustive_alpha_on": 4.9526027077849415,
  "exhaustive_alpha_off": 1.6508675692616472,
  "pareto_count": 118,
  "distinct_weight_optima": 7,
  "robust_idx": 84,
  "robust_max_additive_regret": 0.43826725713258363,
  "equal_weight_idx": 1,
  "elapsed_seconds": 16.251747608184814
}