{
  "scenario_id": "R13",
  "design": "lhs",
  "K": 72.51141962371166,
  "mu_max": 217.53425887113497,
  "rho": 0.75,
  "arrival_scv": 1.0,
  "mean_jump_fraction": 0.075,
  "tau": 1.0,
  "qH": 0.3166789895015572,
  "beta": 1.033826919805553,
  "jump_cv": 1.7994718580025868,
  "cloud_cost_multiplier": 1.4115318549489342,
  "deactivation_mean": 0.7369446421275411,
  "lambda_H": 8.261191030475405,
  "lambda_L": 24.11721213523916,
  "mean_H": 6.25410994254513,
  "mean_L": 4.622603001011618,
  "cv_H": 1.7994718580025868,
  "cv_L": 1.7994718580025868,
  "cW": 1.0,
  "cB": 10.0,
  "cL": 2.5,
  "cC": 0.25,
  "policy_count": 190,
  "diffusion_best_idx": 0,
  "exhaustive_train_idx": 1,
  "holdout_oracle_idx": 0,
  "single_train_idx": 0,
  "selection_idx": 1,
  "final_idx": 1,
  "selection_candidate_count": 35,
  "certified": 1,
  "fallback": 0,
  "certificate_stage_reps": 20,
  "certificate_ambiguous_count": 0,
  "certificate_simulation_count": 358,
  "algorithm_simulation_count": 668,
  "exhaustive_simulation_count": 3830,
  "work_reduction": 0.8255874673629243,
  "holdout_regret_vs_exhaustive": 0.0,
  "holdout_regret_vs_oracle": 0.017367353184456383,
  "hysteresis_gain_vs_best_single": -0.01121940167025113,
  "adaptive_gain_vs_best_single": -0.01121940167025113,
  "exhaustive_holdout_objective": 0.7968892438127718,
  "adaptive_holdout_objective": 0.7968892438127718,
  "single_holdout_objective": 0.7880478187983083,
  "selected_alpha_on": 7.2511419623711655,
  "selected_alpha_off": 3.625570981185583,
  "exhaustive_alpha_on": 7.2511419623711655,
  "exhaustive_alpha_off": 3.625570981185583,
  "pareto_count": 112,
  "distinct_weight_optima": 6,
  "robust_idx": 82,
  "robust_max_additive_regret": 0.43151481562345073,
  "equal_weight_idx": 0,
  "elapsed_seconds": 15.691182613372803
}