{
  "scenario_id": "R17",
  "design": "lhs",
  "K": 40.2317973189763,
  "mu_max": 120.69539195692889,
  "rho": 0.75,
  "arrival_scv": 1.0,
  "mean_jump_fraction": 0.075,
  "tau": 1.0,
  "qH": 0.3963796254801158,
  "beta": 0.883270566806525,
  "jump_cv": 0.8666888824965875,
  "cloud_cost_multiplier": 2.359739645835791,
  "deactivation_mean": 1.7029722235192941,
  "lambda_H": 10.34033805600302,
  "lambda_L": 21.3042485124665,
  "mean_H": 3.469992518761705,
  "mean_L": 2.5647770790847386,
  "cv_H": 0.8666888824965875,
  "cv_L": 0.8666888824965875,
  "cW": 1.0,
  "cB": 10.0,
  "cL": 2.5,
  "cC": 0.25,
  "policy_count": 190,
  "diffusion_best_idx": 0,
  "exhaustive_train_idx": 0,
  "holdout_oracle_idx": 1,
  "single_train_idx": 0,
  "selection_idx": 0,
  "final_idx": 3,
  "selection_candidate_count": 32,
  "certified": 0,
  "fallback": 1,
  "certificate_stage_reps": 20,
  "certificate_ambiguous_count": 5,
  "certificate_simulation_count": 640,
  "algorithm_simulation_count": 926,
  "exhaustive_simulation_count": 3830,
  "work_reduction": 0.75822454308094,
  "holdout_regret_vs_exhaustive": 0.011650754853624667,
  "holdout_regret_vs_oracle": 0.018284413794168022,
  "hysteresis_gain_vs_best_single": 0.005425402755618348,
  "adaptive_gain_vs_best_single": -0.00616214206051843,
  "exhaustive_holdout_objective": 0.7985620478110408,
  "adaptive_holdout_objective": 0.8078658984654957,
  "single_holdout_objective": 0.80291820243909,
  "selected_alpha_on": 6.034769597846445,
  "selected_alpha_off": 2.011589865948815,
  "exhaustive_alpha_on": 2.011589865948815,
  "exhaustive_alpha_off": 2.011589865948815,
  "pareto_count": 88,
  "distinct_weight_optima": 4,
  "robust_idx": 49,
  "robust_max_additive_regret": 0.3833332118924248,
  "equal_weight_idx": 1,
  "elapsed_seconds": 16.01761817932129
}