{
  "scenario_id": "R18",
  "design": "lhs",
  "K": 76.54591196947717,
  "mu_max": 229.63773590843152,
  "rho": 0.75,
  "arrival_scv": 4.0,
  "mean_jump_fraction": 0.075,
  "tau": 1.0,
  "qH": 0.7723641679052877,
  "beta": 1.2657516134730886,
  "jump_cv": 1.5336223384973935,
  "cloud_cost_multiplier": 2.16257905236481,
  "deactivation_mean": 0.7816495236269334,
  "lambda_H": 20.148630467094467,
  "lambda_L": 8.034205838636906,
  "mean_H": 6.602084907367405,
  "mean_L": 4.879801888054169,
  "cv_H": 1.5336223384973935,
  "cv_L": 1.5336223384973935,
  "cW": 1.0,
  "cB": 10.0,
  "cL": 2.5,
  "cC": 0.25,
  "policy_count": 190,
  "diffusion_best_idx": 0,
  "exhaustive_train_idx": 1,
  "holdout_oracle_idx": 0,
  "single_train_idx": 0,
  "selection_idx": 1,
  "final_idx": 1,
  "selection_candidate_count": 37,
  "certified": 1,
  "fallback": 0,
  "certificate_stage_reps": 6,
  "certificate_ambiguous_count": 0,
  "certificate_simulation_count": 219,
  "algorithm_simulation_count": 545,
  "exhaustive_simulation_count": 3830,
  "work_reduction": 0.8577023498694517,
  "holdout_regret_vs_exhaustive": 0.0,
  "holdout_regret_vs_oracle": 0.003198982522553927,
  "hysteresis_gain_vs_best_single": -0.0037629989875712293,
  "adaptive_gain_vs_best_single": -0.0037629989875712293,
  "exhaustive_holdout_objective": 1.9865239529904613,
  "adaptive_holdout_objective": 1.9865239529904613,
  "single_holdout_objective": 1.9790766894118785,
  "selected_alpha_on": 7.654591196947717,
  "selected_alpha_off": 3.827295598473859,
  "exhaustive_alpha_on": 7.654591196947717,
  "exhaustive_alpha_off": 3.827295598473859,
  "pareto_count": 159,
  "distinct_weight_optima": 4,
  "robust_idx": 77,
  "robust_max_additive_regret": 0.49914151319996514,
  "equal_weight_idx": 0,
  "elapsed_seconds": 15.785888910293579
}