{
  "scenario_id": "R20",
  "design": "lhs",
  "K": 62.339896125104374,
  "mu_max": 187.01968837531314,
  "rho": 0.75,
  "arrival_scv": 4.0,
  "mean_jump_fraction": 0.075,
  "tau": 1.0,
  "qH": 0.2074354851550373,
  "beta": 1.376384577519481,
  "jump_cv": 0.5684313515045001,
  "cloud_cost_multiplier": 0.4887392468000294,
  "deactivation_mean": 1.8605852987453282,
  "lambda_H": 5.411360482305322,
  "lambda_L": 27.97286522982222,
  "mean_H": 5.376816040790252,
  "mean_L": 3.9741683779754036,
  "cv_H": 0.5684313515045001,
  "cv_L": 0.5684313515045001,
  "cW": 1.0,
  "cB": 10.0,
  "cL": 2.5,
  "cC": 0.25,
  "policy_count": 190,
  "diffusion_best_idx": 0,
  "exhaustive_train_idx": 0,
  "holdout_oracle_idx": 0,
  "single_train_idx": 0,
  "selection_idx": 1,
  "final_idx": 0,
  "selection_candidate_count": 32,
  "certified": 0,
  "fallback": 1,
  "certificate_stage_reps": 20,
  "certificate_ambiguous_count": 2,
  "certificate_simulation_count": 640,
  "algorithm_simulation_count": 926,
  "exhaustive_simulation_count": 3830,
  "work_reduction": 0.75822454308094,
  "holdout_regret_vs_exhaustive": 0.0,
  "holdout_regret_vs_oracle": 0.0,
  "hysteresis_gain_vs_best_single": -0.02260839503527646,
  "adaptive_gain_vs_best_single": -0.02260839503527646,
  "exhaustive_holdout_objective": 1.4742590486500937,
  "adaptive_holdout_objective": 1.4742590486500937,
  "single_holdout_objective": 1.4416653098170946,
  "selected_alpha_on": 3.116994806255219,
  "selected_alpha_off": 3.116994806255219,
  "exhaustive_alpha_on": 3.116994806255219,
  "exhaustive_alpha_off": 3.116994806255219,
  "pareto_count": 116,
  "distinct_weight_optima": 7,
  "robust_idx": 61,
  "robust_max_additive_regret": 0.4481051206872033,
  "equal_weight_idx": 0,
  "elapsed_seconds": 14.825132369995117
}