{
  "scenario_id": "R22",
  "design": "lhs",
  "K": 31.889274878764784,
  "mu_max": 95.66782463629436,
  "rho": 0.75,
  "arrival_scv": 4.0,
  "mean_jump_fraction": 0.075,
  "tau": 1.0,
  "qH": 0.6789476388255714,
  "beta": 0.7884968631318894,
  "jump_cv": 0.64309575480216,
  "cloud_cost_multiplier": 1.772854851321735,
  "deactivation_mean": 1.7142464739087058,
  "lambda_H": 17.711677534580126,
  "lambda_L": 11.331259806156304,
  "mean_H": 2.7504499582934625,
  "mean_L": 2.032941273521255,
  "cv_H": 0.64309575480216,
  "cv_L": 0.64309575480216,
  "cW": 1.0,
  "cB": 10.0,
  "cL": 2.5,
  "cC": 0.25,
  "policy_count": 190,
  "diffusion_best_idx": 0,
  "exhaustive_train_idx": 0,
  "holdout_oracle_idx": 0,
  "single_train_idx": 0,
  "selection_idx": 3,
  "final_idx": 3,
  "selection_candidate_count": 35,
  "certified": 1,
  "fallback": 0,
  "certificate_stage_reps": 15,
  "certificate_ambiguous_count": 0,
  "certificate_simulation_count": 303,
  "algorithm_simulation_count": 613,
  "exhaustive_simulation_count": 3830,
  "work_reduction": 0.8399477806788511,
  "holdout_regret_vs_exhaustive": 0.024521401972003715,
  "holdout_regret_vs_oracle": 0.024521401972003715,
  "hysteresis_gain_vs_best_single": 0.00048666408666667746,
  "adaptive_gain_vs_best_single": -0.024022804199642547,
  "exhaustive_holdout_objective": 1.33762369144162,
  "adaptive_holdout_objective": 1.3704240996667354,
  "single_holdout_objective": 1.338274981813353,
  "selected_alpha_on": 4.783391231814718,
  "selected_alpha_off": 1.5944637439382392,
  "exhaustive_alpha_on": 1.5944637439382392,
  "exhaustive_alpha_off": 1.5944637439382392,
  "pareto_count": 163,
  "distinct_weight_optima": 4,
  "robust_idx": 83,
  "robust_max_additive_regret": 0.505661558610706,
  "equal_weight_idx": 0,
  "elapsed_seconds": 15.88777232170105
}