{
  "scenario_id": "R23",
  "design": "lhs",
  "K": 54.54610720468429,
  "mu_max": 163.63832161405287,
  "rho": 0.75,
  "arrival_scv": 1.0,
  "mean_jump_fraction": 0.075,
  "tau": 1.0,
  "qH": 0.5527248325405603,
  "beta": 0.6845680546725874,
  "jump_cv": 0.5083616139029571,
  "cloud_cost_multiplier": 0.3586897728982178,
  "deactivation_mean": 1.1076305893414546,
  "lambda_H": 14.418908674971139,
  "lambda_L": 15.786182380921401,
  "mean_H": 4.70460174640402,
  "mean_L": 3.4773143342986237,
  "cv_H": 0.5083616139029571,
  "cv_L": 0.5083616139029571,
  "cW": 1.0,
  "cB": 10.0,
  "cL": 2.5,
  "cC": 0.25,
  "policy_count": 190,
  "diffusion_best_idx": 0,
  "exhaustive_train_idx": 0,
  "holdout_oracle_idx": 0,
  "single_train_idx": 0,
  "selection_idx": 0,
  "final_idx": 0,
  "selection_candidate_count": 32,
  "certified": 0,
  "fallback": 1,
  "certificate_stage_reps": 20,
  "certificate_ambiguous_count": 2,
  "certificate_simulation_count": 640,
  "algorithm_simulation_count": 926,
  "exhaustive_simulation_count": 3830,
  "work_reduction": 0.75822454308094,
  "holdout_regret_vs_exhaustive": 0.0,
  "holdout_regret_vs_oracle": 0.0,
  "hysteresis_gain_vs_best_single": 0.028581689812909535,
  "adaptive_gain_vs_best_single": 0.028581689812909535,
  "exhaustive_holdout_objective": 0.3262272621786774,
  "adaptive_holdout_objective": 0.3262272621786774,
  "single_holdout_objective": 0.33582572899603635,
  "selected_alpha_on": 2.7273053602342148,
  "selected_alpha_off": 2.7273053602342148,
  "exhaustive_alpha_on": 2.7273053602342148,
  "exhaustive_alpha_off": 2.7273053602342148,
  "pareto_count": 94,
  "distinct_weight_optima": 10,
  "robust_idx": 39,
  "robust_max_additive_regret": 0.3589348026843145,
  "equal_weight_idx": 4,
  "elapsed_seconds": 16.21406602859497
}