{
  "scenario_id": "R24",
  "design": "lhs",
  "K": 64.22675742329598,
  "mu_max": 192.68027226988795,
  "rho": 0.75,
  "arrival_scv": 4.0,
  "mean_jump_fraction": 0.075,
  "tau": 1.0,
  "qH": 0.455784229807386,
  "beta": 1.1108822240916552,
  "jump_cv": 1.9438698202973008,
  "cloud_cost_multiplier": 0.7037502440911308,
  "deactivation_mean": 1.6105729657572014,
  "lambda_H": 11.890023386279637,
  "lambda_L": 19.207615418562852,
  "mean_H": 5.539557827759277,
  "mean_L": 4.094455785735118,
  "cv_H": 1.9438698202973008,
  "cv_L": 1.9438698202973008,
  "cW": 1.0,
  "cB": 10.0,
  "cL": 2.5,
  "cC": 0.25,
  "policy_count": 190,
  "diffusion_best_idx": 0,
  "exhaustive_train_idx": 0,
  "holdout_oracle_idx": 0,
  "single_train_idx": 0,
  "selection_idx": 0,
  "final_idx": 0,
  "selection_candidate_count": 36,
  "certified": 1,
  "fallback": 0,
  "certificate_stage_reps": 15,
  "certificate_ambiguous_count": 0,
  "certificate_simulation_count": 291,
  "algorithm_simulation_count": 609,
  "exhaustive_simulation_count": 3830,
  "work_reduction": 0.8409921671018277,
  "holdout_regret_vs_exhaustive": 0.0,
  "holdout_regret_vs_oracle": 0.0,
  "hysteresis_gain_vs_best_single": 0.0049858259697975115,
  "adaptive_gain_vs_best_single": 0.0049858259697975115,
  "exhaustive_holdout_objective": 0.8334905066721984,
  "adaptive_holdout_objective": 0.8334905066721984,
  "single_holdout_objective": 0.8376669683972751,
  "selected_alpha_on": 3.2113378711647993,
  "selected_alpha_off": 3.2113378711647993,
  "exhaustive_alpha_on": 3.2113378711647993,
  "exhaustive_alpha_off": 3.2113378711647993,
  "pareto_count": 126,
  "distinct_weight_optima": 6,
  "robust_idx": 62,
  "robust_max_additive_regret": 0.4737446498819601,
  "equal_weight_idx": 0,
  "elapsed_seconds": 14.637219190597534
}