{
  "scenario_id": "I01",
  "design": "frozen_iid59",
  "K": 50.052741587081144,
  "mu_max": 150.15822476124345,
  "rho": 0.6646914346392627,
  "arrival_scv": 4.0,
  "mean_jump_fraction": 0.08830108908106585,
  "tau": 0.4026930084970415,
  "qH": 0.5697656702281281,
  "beta": 0.8855511462573429,
  "jump_cv": 1.4759405293887284,
  "cloud_cost_multiplier": 1.9483269192719548,
  "deactivation_mean": 1.0341406839953002,
  "lambda_H": 11.188547631451279,
  "lambda_L": 11.43039957796802,
  "mean_H": 5.082668332677284,
  "mean_L": 3.7567548545875575,
  "cv_H": 1.4759405293887284,
  "cv_L": 1.4759405293887284,
  "cW": 1.0,
  "cB": 10.0,
  "cL": 2.5,
  "cC": 0.25,
  "policy_count": 190,
  "diffusion_best_idx": 0,
  "exhaustive_train_idx": 0,
  "holdout_oracle_idx": 0,
  "single_train_idx": 0,
  "selection_idx": 5,
  "final_idx": 5,
  "selection_candidate_count": 36,
  "certified": 1,
  "fallback": 0,
  "certificate_stage_reps": 20,
  "certificate_ambiguous_count": 0,
  "certificate_simulation_count": 310,
  "algorithm_simulation_count": 628,
  "exhaustive_simulation_count": 3830,
  "work_reduction": 0.8360313315926893,
  "holdout_regret_vs_exhaustive": 0.020448461337616644,
  "holdout_regret_vs_oracle": 0.020448461337616644,
  "hysteresis_gain_vs_best_single": -0.0010134678362676507,
  "adaptive_gain_vs_best_single": -0.021482653031751134,
  "exhaustive_holdout_objective": 0.9746788479859371,
  "adaptive_holdout_objective": 0.9946095307255702,
  "single_holdout_objective": 0.9736920424185161,
  "selected_alpha_on": 7.507911238062172,
  "selected_alpha_off": 7.507911238062172,
  "exhaustive_alpha_on": 2.5026370793540575,
  "exhaustive_alpha_off": 2.5026370793540575,
  "pareto_count": 136,
  "distinct_weight_optima": 7,
  "robust_idx": 54,
  "robust_max_additive_regret": 0.4769762784206077,
  "equal_weight_idx": 0,
  "elapsed_seconds": 18.646692752838135
}