{
  "scenario_id": "I02",
  "design": "frozen_iid59",
  "K": 41.31987342135538,
  "mu_max": 123.95962026406615,
  "rho": 0.7018392810470878,
  "arrival_scv": 4.0,
  "mean_jump_fraction": 0.06412885860135281,
  "tau": 0.5275838317943247,
  "qH": 0.34128393592628503,
  "beta": 0.9166849181832357,
  "jump_cv": 1.8169204553242766,
  "cloud_cost_multiplier": 3.621272410869058,
  "deactivation_mean": 1.7950092152800747,
  "lambda_H": 9.743689195438463,
  "lambda_L": 25.443962391091716,
  "mean_H": 3.04726576807348,
  "mean_L": 2.252326872054311,
  "cv_H": 1.8169204553242766,
  "cv_L": 1.8169204553242766,
  "cW": 1.0,
  "cB": 10.0,
  "cL": 2.5,
  "cC": 0.25,
  "policy_count": 190,
  "diffusion_best_idx": 0,
  "exhaustive_train_idx": 44,
  "holdout_oracle_idx": 24,
  "single_train_idx": 6,
  "selection_idx": 44,
  "final_idx": 44,
  "selection_candidate_count": 42,
  "certified": 1,
  "fallback": 0,
  "certificate_stage_reps": 15,
  "certificate_ambiguous_count": 0,
  "certificate_simulation_count": 457,
  "algorithm_simulation_count": 823,
  "exhaustive_simulation_count": 3830,
  "work_reduction": 0.7851174934725849,
  "holdout_regret_vs_exhaustive": 0.0,
  "holdout_regret_vs_oracle": 0.0015569610599347533,
  "hysteresis_gain_vs_best_single": 0.0009462174927446979,
  "adaptive_gain_vs_best_single": 0.0009462174927446979,
  "exhaustive_holdout_objective": 1.0298855754983736,
  "adaptive_holdout_objective": 1.0298855754983736,
  "single_holdout_objective": 1.0308609942036773,
  "selected_alpha_on": 18.59394303960992,
  "selected_alpha_off": 18.59394303960992,
  "exhaustive_alpha_on": 18.59394303960992,
  "exhaustive_alpha_off": 18.59394303960992,
  "pareto_count": 116,
  "distinct_weight_optima": 6,
  "robust_idx": 61,
  "robust_max_additive_regret": 0.47426587100123335,
  "equal_weight_idx": 0,
  "elapsed_seconds": 23.683730363845825
}