{
  "scenario_id": "I03",
  "design": "frozen_iid59",
  "K": 31.80196758168856,
  "mu_max": 95.40590274506569,
  "rho": 0.5894088190138052,
  "arrival_scv": 4.0,
  "mean_jump_fraction": 0.055808682956370946,
  "tau": 1.7499164957341107,
  "qH": 0.44967521418063056,
  "beta": 1.0413208190751797,
  "jump_cv": 1.8157999432641434,
  "cloud_cost_multiplier": 3.1752180054056973,
  "deactivation_mean": 1.962662526989656,
  "lambda_H": 12.389027604735237,
  "lambda_L": 20.513334331066687,
  "mean_H": 2.04104981507853,
  "mean_L": 1.508602037231957,
  "cv_H": 1.8157999432641434,
  "cv_L": 1.8157999432641434,
  "cW": 1.0,
  "cB": 10.0,
  "cL": 2.5,
  "cC": 0.25,
  "policy_count": 190,
  "diffusion_best_idx": 0,
  "exhaustive_train_idx": 34,
  "holdout_oracle_idx": 43,
  "single_train_idx": 10,
  "selection_idx": 53,
  "final_idx": 53,
  "selection_candidate_count": 51,
  "certified": 1,
  "fallback": 0,
  "certificate_stage_reps": 20,
  "certificate_ambiguous_count": 0,
  "certificate_simulation_count": 580,
  "algorithm_simulation_count": 1018,
  "exhaustive_simulation_count": 3830,
  "work_reduction": 0.7342036553524804,
  "holdout_regret_vs_exhaustive": 0.0,
  "holdout_regret_vs_oracle": 0.0039434829586693,
  "hysteresis_gain_vs_best_single": 0.0051942660089205955,
  "adaptive_gain_vs_best_single": 0.010536980445265982,
  "exhaustive_holdout_objective": 0.9381917371676868,
  "adaptive_holdout_objective": 0.9331530744751065,
  "single_holdout_objective": 0.9430903995735309,
  "selected_alpha_on": 15.900983790844279,
  "selected_alpha_off": 14.310885411759852,
  "exhaustive_alpha_on": 12.720787032675425,
  "exhaustive_alpha_off": 11.130688653590997,
  "pareto_count": 128,
  "distinct_weight_optima": 5,
  "robust_idx": 81,
  "robust_max_additive_regret": 0.4590821144665354,
  "equal_weight_idx": 0,
  "elapsed_seconds": 23.816946506500244
}