{
  "scenario_id": "I04",
  "design": "frozen_iid59",
  "K": 36.83674012951096,
  "mu_max": 110.51022038853287,
  "rho": 0.7828856815720813,
  "arrival_scv": 1.0,
  "mean_jump_fraction": 0.07564058596268845,
  "tau": 0.3420560737531918,
  "qH": 0.20015288087236927,
  "beta": 0.6088475453969169,
  "jump_cv": 0.8611943301165281,
  "cloud_cost_multiplier": 1.1839977079718103,
  "deactivation_mean": 1.1324001694663222,
  "lambda_H": 5.4041665560570955,
  "lambda_L": 29.218154390752616,
  "mean_H": 3.2043054996042124,
  "mean_L": 2.368399717098766,
  "cv_H": 0.8611943301165281,
  "cv_L": 0.8611943301165281,
  "cW": 1.0,
  "cB": 10.0,
  "cL": 2.5,
  "cC": 0.25,
  "policy_count": 190,
  "diffusion_best_idx": 0,
  "exhaustive_train_idx": 9,
  "holdout_oracle_idx": 9,
  "single_train_idx": 4,
  "selection_idx": 19,
  "final_idx": 8,
  "selection_candidate_count": 47,
  "certified": 0,
  "fallback": 1,
  "certificate_stage_reps": 20,
  "certificate_ambiguous_count": 20,
  "certificate_simulation_count": 940,
  "algorithm_simulation_count": 1346,
  "exhaustive_simulation_count": 3830,
  "work_reduction": 0.6485639686684073,
  "holdout_regret_vs_exhaustive": 0.016798662809101264,
  "holdout_regret_vs_oracle": 0.016798662809101264,
  "hysteresis_gain_vs_best_single": -0.003017885142280387,
  "adaptive_gain_vs_best_single": -0.019867244386283418,
  "exhaustive_holdout_objective": 0.3258255250146354,
  "adaptive_holdout_objective": 0.33129895814395466,
  "single_holdout_objective": 0.32484517957365866,
  "selected_alpha_on": 7.367348025902191,
  "selected_alpha_off": 5.525511019426643,
  "exhaustive_alpha_on": 7.367348025902191,
  "exhaustive_alpha_off": 7.367348025902191,
  "pareto_count": 98,
  "distinct_weight_optima": 7,
  "robust_idx": 41,
  "robust_max_additive_regret": 0.35896862749114006,
  "equal_weight_idx": 9,
  "elapsed_seconds": 24.752136707305908
}