{
  "scenario_id": "I05",
  "design": "frozen_iid59",
  "K": 76.40944398841833,
  "mu_max": 229.228331965255,
  "rho": 0.8670458584328574,
  "arrival_scv": 4.0,
  "mean_jump_fraction": 0.0966730333967031,
  "tau": 0.3532876759413419,
  "qH": 0.6627378579123794,
  "beta": 0.809501203600717,
  "jump_cv": 0.777481597112208,
  "cloud_cost_multiplier": 0.6671495520235377,
  "deactivation_mean": 1.4485484058391571,
  "lambda_H": 15.506076281891366,
  "lambda_L": 10.675952802070945,
  "mean_H": 8.494742640093262,
  "mean_L": 6.278722820938499,
  "cv_H": 0.777481597112208,
  "cv_L": 0.777481597112208,
  "cW": 1.0,
  "cB": 10.0,
  "cL": 2.5,
  "cC": 0.25,
  "policy_count": 190,
  "diffusion_best_idx": 0,
  "exhaustive_train_idx": 0,
  "holdout_oracle_idx": 0,
  "single_train_idx": 0,
  "selection_idx": 1,
  "final_idx": 1,
  "selection_candidate_count": 35,
  "certified": 1,
  "fallback": 0,
  "certificate_stage_reps": 10,
  "certificate_ambiguous_count": 0,
  "certificate_simulation_count": 240,
  "algorithm_simulation_count": 550,
  "exhaustive_simulation_count": 3830,
  "work_reduction": 0.8563968668407311,
  "holdout_regret_vs_exhaustive": 0.005054913867288208,
  "holdout_regret_vs_oracle": 0.005054913867288208,
  "hysteresis_gain_vs_best_single": 0.006015745979570203,
  "adaptive_gain_vs_best_single": 0.0009912411900562077,
  "exhaustive_holdout_objective": 1.4772127584790564,
  "adaptive_holdout_objective": 1.4846799417368273,
  "single_holdout_objective": 1.486153077882353,
  "selected_alpha_on": 7.6409443988418335,
  "selected_alpha_off": 3.8204721994209168,
  "exhaustive_alpha_on": 3.8204721994209168,
  "exhaustive_alpha_off": 3.8204721994209168,
  "pareto_count": 167,
  "distinct_weight_optima": 4,
  "robust_idx": 157,
  "robust_max_additive_regret": 0.5046696821119983,
  "equal_weight_idx": 0,
  "elapsed_seconds": 23.13313865661621
}