{
  "scenario_id": "I06",
  "design": "frozen_iid59",
  "K": 52.10671781161598,
  "mu_max": 156.32015343484795,
  "rho": 0.8744147970745989,
  "arrival_scv": 1.0,
  "mean_jump_fraction": 0.07012841392492404,
  "tau": 2.6293922331107824,
  "qH": 0.4436941700784131,
  "beta": 1.0128843612273775,
  "jump_cv": 1.6112281791827667,
  "cloud_cost_multiplier": 1.4271112929097587,
  "deactivation_mean": 0.3400623969344219,
  "lambda_H": 14.432136183065131,
  "lambda_L": 24.481578804498696,
  "mean_H": 4.20228569620655,
  "mean_L": 3.106037253717885,
  "cv_H": 1.6112281791827667,
  "cv_L": 1.6112281791827667,
  "cW": 1.0,
  "cB": 10.0,
  "cL": 2.5,
  "cC": 0.25,
  "policy_count": 190,
  "diffusion_best_idx": 0,
  "exhaustive_train_idx": 1,
  "holdout_oracle_idx": 0,
  "single_train_idx": 1,
  "selection_idx": 6,
  "final_idx": 6,
  "selection_candidate_count": 41,
  "certified": 1,
  "fallback": 0,
  "certificate_stage_reps": 15,
  "certificate_ambiguous_count": 0,
  "certificate_simulation_count": 380,
  "algorithm_simulation_count": 738,
  "exhaustive_simulation_count": 3830,
  "work_reduction": 0.8073107049608355,
  "holdout_regret_vs_exhaustive": 0.0,
  "holdout_regret_vs_oracle": 0.0005818193211258685,
  "hysteresis_gain_vs_best_single": 0.006941376077185454,
  "adaptive_gain_vs_best_single": 0.010985524136547489,
  "exhaustive_holdout_objective": 1.5297428545355525,
  "adaptive_holdout_objective": 1.5235131049040003,
  "single_holdout_objective": 1.5404355973393689,
  "selected_alpha_on": 10.421343562323194,
  "selected_alpha_off": 2.605335890580799,
  "exhaustive_alpha_on": 5.210671781161597,
  "exhaustive_alpha_off": 2.605335890580799,
  "pareto_count": 125,
  "distinct_weight_optima": 5,
  "robust_idx": 75,
  "robust_max_additive_regret": 0.45889580868492064,
  "equal_weight_idx": 6,
  "elapsed_seconds": 30.705963134765625
}