{
  "scenario_id": "I07",
  "design": "frozen_iid59",
  "K": 31.21404306082305,
  "mu_max": 93.64212918246915,
  "rho": 0.8714200736279496,
  "arrival_scv": 4.0,
  "mean_jump_fraction": 0.06368528431739856,
  "tau": 0.9422792166537499,
  "qH": 0.2851875003481199,
  "beta": 1.2919754128102308,
  "jump_cv": 1.6100336466464324,
  "cloud_cost_multiplier": 2.2390320676184152,
  "deactivation_mean": 0.6955143624025502,
  "lambda_H": 10.179873210073488,
  "lambda_L": 34.5209656084126,
  "mean_H": 2.286056488077643,
  "mean_L": 1.689693925970432,
  "cv_H": 1.6100336466464324,
  "cv_L": 1.6100336466464324,
  "cW": 1.0,
  "cB": 10.0,
  "cL": 2.5,
  "cC": 0.25,
  "policy_count": 190,
  "diffusion_best_idx": 0,
  "exhaustive_train_idx": 0,
  "holdout_oracle_idx": 0,
  "single_train_idx": 0,
  "selection_idx": 2,
  "final_idx": 0,
  "selection_candidate_count": 35,
  "certified": 0,
  "fallback": 1,
  "certificate_stage_reps": 20,
  "certificate_ambiguous_count": 2,
  "certificate_simulation_count": 700,
  "algorithm_simulation_count": 1010,
  "exhaustive_simulation_count": 3830,
  "work_reduction": 0.7362924281984334,
  "holdout_regret_vs_exhaustive": 0.0,
  "holdout_regret_vs_oracle": 0.0,
  "hysteresis_gain_vs_best_single": 0.002068099793222837,
  "adaptive_gain_vs_best_single": 0.002068099793222837,
  "exhaustive_holdout_objective": 1.5450541836016025,
  "adaptive_holdout_objective": 1.5450541836016025,
  "single_holdout_objective": 1.5482561317876085,
  "selected_alpha_on": 1.5607021530411527,
  "selected_alpha_off": 1.5607021530411527,
  "exhaustive_alpha_on": 1.5607021530411527,
  "exhaustive_alpha_off": 1.5607021530411527,
  "pareto_count": 127,
  "distinct_weight_optima": 7,
  "robust_idx": 100,
  "robust_max_additive_regret": 0.4504744182398937,
  "equal_weight_idx": 0,
  "elapsed_seconds": 35.13057494163513
}