{
  "scenario_id": "I08",
  "design": "frozen_iid59",
  "K": 64.73719024087221,
  "mu_max": 194.2115707226166,
  "rho": 0.7553026791303312,
  "arrival_scv": 4.0,
  "mean_jump_fraction": 0.051378690685201026,
  "tau": 0.5637479638638203,
  "qH": 0.23112002905638773,
  "beta": 1.0916963836280391,
  "jump_cv": 0.7293757351909276,
  "cloud_cost_multiplier": 1.534225646645076,
  "deactivation_mean": 1.7616348838103246,
  "lambda_H": 8.863372266777096,
  "lambda_L": 39.89319954647374,
  "mean_H": 3.8250288841970055,
  "mean_L": 2.8271952622325696,
  "cv_H": 0.7293757351909276,
  "cv_L": 0.7293757351909276,
  "cW": 1.0,
  "cB": 10.0,
  "cL": 2.5,
  "cC": 0.25,
  "policy_count": 190,
  "diffusion_best_idx": 0,
  "exhaustive_train_idx": 0,
  "holdout_oracle_idx": 0,
  "single_train_idx": 0,
  "selection_idx": 0,
  "final_idx": 0,
  "selection_candidate_count": 32,
  "certified": 0,
  "fallback": 1,
  "certificate_stage_reps": 20,
  "certificate_ambiguous_count": 1,
  "certificate_simulation_count": 640,
  "algorithm_simulation_count": 926,
  "exhaustive_simulation_count": 3830,
  "work_reduction": 0.75822454308094,
  "holdout_regret_vs_exhaustive": 0.0,
  "holdout_regret_vs_oracle": 0.0,
  "hysteresis_gain_vs_best_single": 0.01399668135487026,
  "adaptive_gain_vs_best_single": 0.01399668135487026,
  "exhaustive_holdout_objective": 0.7524605402734661,
  "adaptive_holdout_objective": 0.7524605402734661,
  "single_holdout_objective": 0.7631419956146035,
  "selected_alpha_on": 3.2368595120436106,
  "selected_alpha_off": 3.2368595120436106,
  "exhaustive_alpha_on": 3.2368595120436106,
  "exhaustive_alpha_off": 3.2368595120436106,
  "pareto_count": 115,
  "distinct_weight_optima": 8,
  "robust_idx": 43,
  "robust_max_additive_regret": 0.4232803186664594,
  "equal_weight_idx": 1,
  "elapsed_seconds": 32.40382981300354
}