{
  "scenario_id": "I09",
  "design": "frozen_iid59",
  "K": 34.30165231512002,
  "mu_max": 102.90495694536007,
  "rho": 0.6840857939796771,
  "arrival_scv": 4.0,
  "mean_jump_fraction": 0.05184203055438547,
  "tau": 1.1234185448218639,
  "qH": 0.6505331960867575,
  "beta": 0.8652754239431992,
  "jump_cv": 1.84899309317269,
  "cloud_cost_multiplier": 0.8175246256935975,
  "deactivation_mean": 0.9750620615141213,
  "lambda_H": 22.39347259170132,
  "lambda_L": 16.275593156955562,
  "mean_H": 2.045007403494313,
  "mean_L": 1.5115272112784055,
  "cv_H": 1.84899309317269,
  "cv_L": 1.84899309317269,
  "cW": 1.0,
  "cB": 10.0,
  "cL": 2.5,
  "cC": 0.25,
  "policy_count": 190,
  "diffusion_best_idx": 0,
  "exhaustive_train_idx": 0,
  "holdout_oracle_idx": 0,
  "single_train_idx": 0,
  "selection_idx": 1,
  "final_idx": 1,
  "selection_candidate_count": 35,
  "certified": 1,
  "fallback": 0,
  "certificate_stage_reps": 15,
  "certificate_ambiguous_count": 0,
  "certificate_simulation_count": 291,
  "algorithm_simulation_count": 601,
  "exhaustive_simulation_count": 3830,
  "work_reduction": 0.8430809399477807,
  "holdout_regret_vs_exhaustive": 0.0035361955661259914,
  "holdout_regret_vs_oracle": 0.0035361955661259914,
  "hysteresis_gain_vs_best_single": -0.0004279617782664254,
  "adaptive_gain_vs_best_single": -0.003965670700935194,
  "exhaustive_holdout_objective": 0.6463298800121383,
  "adaptive_holdout_objective": 0.648615428868092,
  "single_holdout_objective": 0.64605339385285,
  "selected_alpha_on": 3.430165231512002,
  "selected_alpha_off": 1.7150826157560013,
  "exhaustive_alpha_on": 1.7150826157560013,
  "exhaustive_alpha_off": 1.7150826157560013,
  "pareto_count": 137,
  "distinct_weight_optima": 5,
  "robust_idx": 83,
  "robust_max_additive_regret": 0.4754914373859764,
  "equal_weight_idx": 0,
  "elapsed_seconds": 28.321709394454956
}