{
  "scenario_id": "I10",
  "design": "frozen_iid59",
  "K": 61.7185631928119,
  "mu_max": 185.1556895784357,
  "rho": 0.8313280736944844,
  "arrival_scv": 4.0,
  "mean_jump_fraction": 0.08829801546199695,
  "tau": 3.6890208435425453,
  "qH": 0.5780754763568443,
  "beta": 0.9638476759518803,
  "jump_cv": 0.8568904334072054,
  "cloud_cost_multiplier": 0.6243064873503817,
  "deactivation_mean": 0.9395840728364651,
  "lambda_H": 14.198074939597731,
  "lambda_L": 14.020341812939241,
  "mean_H": 6.267070644154812,
  "mean_L": 4.632182650027469,
  "cv_H": 0.8568904334072054,
  "cv_L": 0.8568904334072054,
  "cW": 1.0,
  "cB": 10.0,
  "cL": 2.5,
  "cC": 0.25,
  "policy_count": 190,
  "diffusion_best_idx": 0,
  "exhaustive_train_idx": 15,
  "holdout_oracle_idx": 1,
  "single_train_idx": 0,
  "selection_idx": 0,
  "final_idx": 0,
  "selection_candidate_count": 36,
  "certified": 1,
  "fallback": 0,
  "certificate_stage_reps": 15,
  "certificate_ambiguous_count": 0,
  "certificate_simulation_count": 313,
  "algorithm_simulation_count": 631,
  "exhaustive_simulation_count": 3830,
  "work_reduction": 0.8352480417754569,
  "holdout_regret_vs_exhaustive": 0.0,
  "holdout_regret_vs_oracle": 0.01111212956524958,
  "hysteresis_gain_vs_best_single": -0.025592801293466555,
  "adaptive_gain_vs_best_single": -0.017864392247613887,
  "exhaustive_holdout_objective": 2.536236567748339,
  "adaptive_holdout_objective": 2.517124622336975,
  "single_holdout_objective": 2.472946928400497,
  "selected_alpha_on": 3.085928159640595,
  "selected_alpha_off": 3.085928159640595,
  "exhaustive_alpha_on": 18.51556895784357,
  "exhaustive_alpha_off": 3.085928159640595,
  "pareto_count": 161,
  "distinct_weight_optima": 3,
  "robust_idx": 98,
  "robust_max_additive_regret": 0.49466912092071785,
  "equal_weight_idx": 1,
  "elapsed_seconds": 16.389847993850708
}