{
  "scenario_id": "I11",
  "design": "frozen_iid59",
  "K": 65.38388615411603,
  "mu_max": 196.15165846234808,
  "rho": 0.6311043004187147,
  "arrival_scv": 4.0,
  "mean_jump_fraction": 0.06905124166331934,
  "tau": 1.2895767896417063,
  "qH": 0.5143256817142533,
  "beta": 1.1542553921209482,
  "jump_cv": 0.9074174257743775,
  "cloud_cost_multiplier": 0.7898926810551036,
  "deactivation_mean": 1.1287390476751145,
  "lambda_H": 12.262845932211373,
  "lambda_L": 15.66668514347064,
  "mean_H": 5.1920643022720485,
  "mean_L": 3.8376127451576014,
  "cv_H": 0.9074174257743775,
  "cv_L": 0.9074174257743775,
  "cW": 1.0,
  "cB": 10.0,
  "cL": 2.5,
  "cC": 0.25,
  "policy_count": 190,
  "diffusion_best_idx": 0,
  "exhaustive_train_idx": 0,
  "holdout_oracle_idx": 0,
  "single_train_idx": 0,
  "selection_idx": 0,
  "final_idx": 0,
  "selection_candidate_count": 32,
  "certified": 0,
  "fallback": 1,
  "certificate_stage_reps": 20,
  "certificate_ambiguous_count": 1,
  "certificate_simulation_count": 640,
  "algorithm_simulation_count": 926,
  "exhaustive_simulation_count": 3830,
  "work_reduction": 0.75822454308094,
  "holdout_regret_vs_exhaustive": 0.0,
  "holdout_regret_vs_oracle": 0.0,
  "hysteresis_gain_vs_best_single": 0.009292289747596848,
  "adaptive_gain_vs_best_single": 0.009292289747596848,
  "exhaustive_holdout_objective": 1.1023071614572222,
  "adaptive_holdout_objective": 1.1023071614572222,
  "single_holdout_objective": 1.1126461922622837,
  "selected_alpha_on": 3.2691943077058014,
  "selected_alpha_off": 3.2691943077058014,
  "exhaustive_alpha_on": 3.2691943077058014,
  "exhaustive_alpha_off": 3.2691943077058014,
  "pareto_count": 122,
  "distinct_weight_optima": 4,
  "robust_idx": 52,
  "robust_max_additive_regret": 0.4700371385812328,
  "equal_weight_idx": 0,
  "elapsed_seconds": 23.532520055770874
}