{
  "scenario_id": "I12",
  "design": "frozen_iid59",
  "K": 42.83551752082353,
  "mu_max": 128.50655256247057,
  "rho": 0.7142871859474316,
  "arrival_scv": 4.0,
  "mean_jump_fraction": 0.06267899515072607,
  "tau": 0.8436253406064467,
  "qH": 0.22450688160285173,
  "beta": 0.6884040082385544,
  "jump_cv": 0.6722814585290648,
  "cloud_cost_multiplier": 0.2707673173666497,
  "deactivation_mean": 1.5664534470593756,
  "lambda_H": 6.674272060859188,
  "lambda_L": 31.191130162756004,
  "mean_H": 3.0876202742115204,
  "mean_L": 2.282154115721559,
  "cv_H": 0.6722814585290648,
  "cv_L": 0.6722814585290648,
  "cW": 1.0,
  "cB": 10.0,
  "cL": 2.5,
  "cC": 0.25,
  "policy_count": 190,
  "diffusion_best_idx": 0,
  "exhaustive_train_idx": 1,
  "holdout_oracle_idx": 0,
  "single_train_idx": 0,
  "selection_idx": 1,
  "final_idx": 0,
  "selection_candidate_count": 32,
  "certified": 0,
  "fallback": 1,
  "certificate_stage_reps": 20,
  "certificate_ambiguous_count": 6,
  "certificate_simulation_count": 640,
  "algorithm_simulation_count": 926,
  "exhaustive_simulation_count": 3830,
  "work_reduction": 0.75822454308094,
  "holdout_regret_vs_exhaustive": 0.0,
  "holdout_regret_vs_oracle": 0.0,
  "hysteresis_gain_vs_best_single": 0.009894880608322087,
  "adaptive_gain_vs_best_single": 0.024426963076314943,
  "exhaustive_holdout_objective": 0.4817542864528236,
  "adaptive_holdout_objective": 0.4746834281339182,
  "single_holdout_objective": 0.4865688269027577,
  "selected_alpha_on": 2.1417758760411765,
  "selected_alpha_off": 2.1417758760411765,
  "exhaustive_alpha_on": 4.283551752082353,
  "exhaustive_alpha_off": 2.1417758760411765,
  "pareto_count": 109,
  "distinct_weight_optima": 5,
  "robust_idx": 43,
  "robust_max_additive_regret": 0.4559602200010653,
  "equal_weight_idx": 0,
  "elapsed_seconds": 26.702948093414307
}