{
  "scenario_id": "I13",
  "design": "frozen_iid59",
  "K": 40.84442354939373,
  "mu_max": 122.5332706481812,
  "rho": 0.5634129089527085,
  "arrival_scv": 4.0,
  "mean_jump_fraction": 0.06584278995033956,
  "tau": 0.9793767168987583,
  "qH": 0.7076191701569854,
  "beta": 1.1478485399220648,
  "jump_cv": 1.2932452851471137,
  "cloud_cost_multiplier": 0.8059815153632149,
  "deactivation_mean": 0.42346404345113153,
  "lambda_H": 15.795798052598986,
  "lambda_L": 8.83018478273714,
  "mean_H": 3.092707420466249,
  "mean_L": 2.285914180344619,
  "cv_H": 1.2932452851471137,
  "cv_L": 1.2932452851471137,
  "cW": 1.0,
  "cB": 10.0,
  "cL": 2.5,
  "cC": 0.25,
  "policy_count": 190,
  "diffusion_best_idx": 0,
  "exhaustive_train_idx": 0,
  "holdout_oracle_idx": 0,
  "single_train_idx": 0,
  "selection_idx": 0,
  "final_idx": 0,
  "selection_candidate_count": 33,
  "certified": 1,
  "fallback": 0,
  "certificate_stage_reps": 15,
  "certificate_ambiguous_count": 0,
  "certificate_simulation_count": 238,
  "algorithm_simulation_count": 532,
  "exhaustive_simulation_count": 3830,
  "work_reduction": 0.8610966057441254,
  "holdout_regret_vs_exhaustive": 0.0,
  "holdout_regret_vs_oracle": 0.0,
  "hysteresis_gain_vs_best_single": 0.012396716854727806,
  "adaptive_gain_vs_best_single": 0.012396716854727806,
  "exhaustive_holdout_objective": 0.9867434357848864,
  "adaptive_holdout_objective": 0.9867434357848864,
  "single_holdout_objective": 0.9991293595565546,
  "selected_alpha_on": 2.0422211774696866,
  "selected_alpha_off": 2.0422211774696866,
  "exhaustive_alpha_on": 2.0422211774696866,
  "exhaustive_alpha_off": 2.0422211774696866,
  "pareto_count": 139,
  "distinct_weight_optima": 6,
  "robust_idx": 84,
  "robust_max_additive_regret": 0.4741318296289969,
  "equal_weight_idx": 0,
  "elapsed_seconds": 20.676018476486206
}