{
  "scenario_id": "I14",
  "design": "frozen_iid59",
  "K": 48.815250814582235,
  "mu_max": 146.4457524437467,
  "rho": 0.7245075501724347,
  "arrival_scv": 4.0,
  "mean_jump_fraction": 0.053041048439821686,
  "tau": 0.5270562594630747,
  "qH": 0.2547059781006576,
  "beta": 1.2796745266581335,
  "jump_cv": 1.8620204095724089,
  "cloud_cost_multiplier": 2.0007794513111263,
  "deactivation_mean": 1.6998689575975057,
  "lambda_H": 9.075976615947654,
  "lambda_L": 35.930294955064554,
  "mean_H": 2.9775938955170465,
  "mean_L": 2.200830270599556,
  "cv_H": 1.8620204095724089,
  "cv_L": 1.8620204095724089,
  "cW": 1.0,
  "cB": 10.0,
  "cL": 2.5,
  "cC": 0.25,
  "policy_count": 190,
  "diffusion_best_idx": 0,
  "exhaustive_train_idx": 1,
  "holdout_oracle_idx": 0,
  "single_train_idx": 0,
  "selection_idx": 0,
  "final_idx": 0,
  "selection_candidate_count": 32,
  "certified": 1,
  "fallback": 0,
  "certificate_stage_reps": 20,
  "certificate_ambiguous_count": 0,
  "certificate_simulation_count": 315,
  "algorithm_simulation_count": 601,
  "exhaustive_simulation_count": 3830,
  "work_reduction": 0.8430809399477807,
  "holdout_regret_vs_exhaustive": 0.0,
  "holdout_regret_vs_oracle": 0.0,
  "hysteresis_gain_vs_best_single": -0.010022820617468491,
  "adaptive_gain_vs_best_single": 0.003860102998326637,
  "exhaustive_holdout_objective": 0.8221269523724165,
  "adaptive_holdout_objective": 0.8108266872206894,
  "single_holdout_objective": 0.8139686902022832,
  "selected_alpha_on": 2.440762540729112,
  "selected_alpha_off": 2.440762540729112,
  "exhaustive_alpha_on": 4.881525081458224,
  "exhaustive_alpha_off": 2.440762540729112,
  "pareto_count": 104,
  "distinct_weight_optima": 4,
  "robust_idx": 54,
  "robust_max_additive_regret": 0.44350249914305506,
  "equal_weight_idx": 0,
  "elapsed_seconds": 27.82718324661255
}