{
  "scenario_id": "I15",
  "design": "frozen_iid59",
  "K": 51.753955723164665,
  "mu_max": 155.261867169494,
  "rho": 0.6454556978311233,
  "arrival_scv": 1.0,
  "mean_jump_fraction": 0.07658852212811257,
  "tau": 0.5130207658442362,
  "qH": 0.39706948996332225,
  "beta": 1.2053223765116052,
  "jump_cv": 1.6104189956171318,
  "cloud_cost_multiplier": 1.9342139145242507,
  "deactivation_mean": 0.4260962033227217,
  "lambda_H": 8.7295665860951,
  "lambda_L": 17.9338007200929,
  "mean_H": 4.558322830589098,
  "mean_L": 3.369195135652812,
  "cv_H": 1.6104189956171318,
  "cv_L": 1.6104189956171318,
  "cW": 1.0,
  "cB": 10.0,
  "cL": 2.5,
  "cC": 0.25,
  "policy_count": 190,
  "diffusion_best_idx": 0,
  "exhaustive_train_idx": 1,
  "holdout_oracle_idx": 0,
  "single_train_idx": 1,
  "selection_idx": 5,
  "final_idx": 2,
  "selection_candidate_count": 35,
  "certified": 0,
  "fallback": 1,
  "certificate_stage_reps": 20,
  "certificate_ambiguous_count": 2,
  "certificate_simulation_count": 700,
  "algorithm_simulation_count": 1010,
  "exhaustive_simulation_count": 3830,
  "work_reduction": 0.7362924281984334,
  "holdout_regret_vs_exhaustive": 0.007472565446424811,
  "holdout_regret_vs_oracle": 0.007665599727441683,
  "hysteresis_gain_vs_best_single": 0.0029796116264746548,
  "adaptive_gain_vs_best_single": -0.004470688477066396,
  "exhaustive_holdout_objective": 0.738350754369648,
  "adaptive_holdout_objective": 0.7438681287040924,
  "single_holdout_objective": 0.7405573275930152,
  "selected_alpha_on": 5.175395572316466,
  "selected_alpha_off": 5.175395572316466,
  "exhaustive_alpha_on": 5.175395572316466,
  "exhaustive_alpha_off": 2.5876977861582335,
  "pareto_count": 101,
  "distinct_weight_optima": 11,
  "robust_idx": 73,
  "robust_max_additive_regret": 0.3707888972226617,
  "equal_weight_idx": 9,
  "elapsed_seconds": 22.355857372283936
}