{
  "scenario_id": "I16",
  "design": "frozen_iid59",
  "K": 66.54962244195632,
  "mu_max": 199.64886732586893,
  "rho": 0.6502010935480755,
  "arrival_scv": 4.0,
  "mean_jump_fraction": 0.07402550573728288,
  "tau": 0.8177847992227989,
  "qH": 0.6587857003667754,
  "beta": 1.1603641848654647,
  "jump_cv": 1.3633928639786559,
  "cloud_cost_multiplier": 1.3745262899760926,
  "deactivation_mean": 1.5355816142457943,
  "lambda_H": 15.09502687566043,
  "lambda_L": 10.577812505508994,
  "mean_H": 5.6653248765747035,
  "mean_L": 4.18741403920739,
  "cv_H": 1.3633928639786559,
  "cv_L": 1.3633928639786559,
  "cW": 1.0,
  "cB": 10.0,
  "cL": 2.5,
  "cC": 0.25,
  "policy_count": 190,
  "diffusion_best_idx": 0,
  "exhaustive_train_idx": 0,
  "holdout_oracle_idx": 0,
  "single_train_idx": 0,
  "selection_idx": 0,
  "final_idx": 0,
  "selection_candidate_count": 34,
  "certified": 1,
  "fallback": 0,
  "certificate_stage_reps": 10,
  "certificate_ambiguous_count": 0,
  "certificate_simulation_count": 234,
  "algorithm_simulation_count": 536,
  "exhaustive_simulation_count": 3830,
  "work_reduction": 0.8600522193211488,
  "holdout_regret_vs_exhaustive": 0.0,
  "holdout_regret_vs_oracle": 0.0,
  "hysteresis_gain_vs_best_single": 0.009019780580251243,
  "adaptive_gain_vs_best_single": 0.009019780580251243,
  "exhaustive_holdout_objective": 1.1603218839539622,
  "adaptive_holdout_objective": 1.1603218839539622,
  "single_holdout_objective": 1.1708829916235548,
  "selected_alpha_on": 3.327481122097816,
  "selected_alpha_off": 3.327481122097816,
  "exhaustive_alpha_on": 3.327481122097816,
  "exhaustive_alpha_off": 3.327481122097816,
  "pareto_count": 134,
  "distinct_weight_optima": 7,
  "robust_idx": 124,
  "robust_max_additive_regret": 0.48728283230447605,
  "equal_weight_idx": 0,
  "elapsed_seconds": 21.493085861206055
}