{
  "scenario_id": "I17",
  "design": "frozen_iid59",
  "K": 78.73262979566402,
  "mu_max": 236.19788938699207,
  "rho": 0.7835781655236596,
  "arrival_scv": 1.0,
  "mean_jump_fraction": 0.08779885488231909,
  "tau": 3.136178961056982,
  "qH": 0.576628094592011,
  "beta": 1.0152257517570074,
  "jump_cv": 0.8962011243081753,
  "cloud_cost_multiplier": 0.7820254608406857,
  "deactivation_mean": 0.7271974841092633,
  "lambda_H": 13.424950309691924,
  "lambda_L": 13.335762070024648,
  "mean_H": 7.949529948622786,
  "mean_L": 5.875739527242929,
  "cv_H": 0.8962011243081753,
  "cv_L": 0.8962011243081753,
  "cW": 1.0,
  "cB": 10.0,
  "cL": 2.5,
  "cC": 0.25,
  "policy_count": 190,
  "diffusion_best_idx": 0,
  "exhaustive_train_idx": 3,
  "holdout_oracle_idx": 10,
  "single_train_idx": 0,
  "selection_idx": 3,
  "final_idx": 1,
  "selection_candidate_count": 39,
  "certified": 0,
  "fallback": 1,
  "certificate_stage_reps": 20,
  "certificate_ambiguous_count": 3,
  "certificate_simulation_count": 780,
  "algorithm_simulation_count": 1122,
  "exhaustive_simulation_count": 3830,
  "work_reduction": 0.7070496083550915,
  "holdout_regret_vs_exhaustive": 0.0,
  "holdout_regret_vs_oracle": 0.0008360171727201408,
  "hysteresis_gain_vs_best_single": 0.0014522032995129613,
  "adaptive_gain_vs_best_single": 0.0033582231281446932,
  "exhaustive_holdout_objective": 1.8376909066415805,
  "adaptive_holdout_objective": 1.8341831373404724,
  "single_holdout_objective": 1.840363488571988,
  "selected_alpha_on": 7.873262979566402,
  "selected_alpha_off": 3.9366314897832013,
  "exhaustive_alpha_on": 11.809894469349603,
  "exhaustive_alpha_off": 3.9366314897832013,
  "pareto_count": 131,
  "distinct_weight_optima": 9,
  "robust_idx": 160,
  "robust_max_additive_regret": 0.4520922698431864,
  "equal_weight_idx": 10,
  "elapsed_seconds": 24.68750810623169
}