{
  "scenario_id": "I18",
  "design": "frozen_iid59",
  "K": 54.01883961770358,
  "mu_max": 162.05651885311073,
  "rho": 0.7813840714618496,
  "arrival_scv": 4.0,
  "mean_jump_fraction": 0.06032296055009547,
  "tau": 0.4926100352155681,
  "qH": 0.7033939243605885,
  "beta": 0.948638212184749,
  "jump_cv": 0.5544849327484872,
  "cloud_cost_multiplier": 1.2164125704772901,
  "deactivation_mean": 0.8939000726317383,
  "lambda_H": 23.768618123095134,
  "lambda_L": 13.560143262393094,
  "mean_H": 3.747362780903767,
  "mean_L": 2.769789881537567,
  "cv_H": 0.5544849327484872,
  "cv_L": 0.5544849327484872,
  "cW": 1.0,
  "cB": 10.0,
  "cL": 2.5,
  "cC": 0.25,
  "policy_count": 190,
  "diffusion_best_idx": 0,
  "exhaustive_train_idx": 0,
  "holdout_oracle_idx": 0,
  "single_train_idx": 0,
  "selection_idx": 0,
  "final_idx": 0,
  "selection_candidate_count": 33,
  "certified": 1,
  "fallback": 0,
  "certificate_stage_reps": 10,
  "certificate_ambiguous_count": 0,
  "certificate_simulation_count": 212,
  "algorithm_simulation_count": 506,
  "exhaustive_simulation_count": 3830,
  "work_reduction": 0.8678851174934725,
  "holdout_regret_vs_exhaustive": 0.0,
  "holdout_regret_vs_oracle": 0.0,
  "hysteresis_gain_vs_best_single": 0.013434667728638218,
  "adaptive_gain_vs_best_single": 0.013434667728638218,
  "exhaustive_holdout_objective": 1.6161273072274134,
  "adaptive_holdout_objective": 1.6161273072274134,
  "single_holdout_objective": 1.638135108099345,
  "selected_alpha_on": 2.700941980885179,
  "selected_alpha_off": 2.700941980885179,
  "exhaustive_alpha_on": 2.700941980885179,
  "exhaustive_alpha_off": 2.700941980885179,
  "pareto_count": 168,
  "distinct_weight_optima": 2,
  "robust_idx": 174,
  "robust_max_additive_regret": 0.5229915254691323,
  "equal_weight_idx": 0,
  "elapsed_seconds": 30.810639142990112
}