{
  "scenario_id": "I19",
  "design": "frozen_iid59",
  "K": 46.15877403561727,
  "mu_max": 138.4763221068518,
  "rho": 0.625978165471606,
  "arrival_scv": 1.0,
  "mean_jump_fraction": 0.0897800539079775,
  "tau": 3.3887899741076684,
  "qH": 0.7417305612558942,
  "beta": 0.7354725651815849,
  "jump_cv": 1.557604139680967,
  "cloud_cost_multiplier": 1.7871587609002497,
  "deactivation_mean": 0.6084630374948705,
  "lambda_H": 13.491148136555843,
  "lambda_L": 6.355572407893854,
  "mean_H": 4.765757804430451,
  "mean_L": 3.52251663805729,
  "cv_H": 1.557604139680967,
  "cv_L": 1.557604139680967,
  "cW": 1.0,
  "cB": 10.0,
  "cL": 2.5,
  "cC": 0.25,
  "policy_count": 190,
  "diffusion_best_idx": 0,
  "exhaustive_train_idx": 165,
  "holdout_oracle_idx": 163,
  "single_train_idx": 18,
  "selection_idx": 167,
  "final_idx": 167,
  "selection_candidate_count": 50,
  "certified": 1,
  "fallback": 0,
  "certificate_stage_reps": 10,
  "certificate_ambiguous_count": 0,
  "certificate_simulation_count": 316,
  "algorithm_simulation_count": 746,
  "exhaustive_simulation_count": 3830,
  "work_reduction": 0.8052219321148825,
  "holdout_regret_vs_exhaustive": 0.0003586076413751613,
  "holdout_regret_vs_oracle": 0.005409917451564713,
  "hysteresis_gain_vs_best_single": -0.0026488795776848937,
  "adaptive_gain_vs_best_single": -0.0030084371275176957,
  "exhaustive_holdout_objective": 0.5978460699471893,
  "adaptive_holdout_objective": 0.5980604621162384,
  "single_holdout_objective": 0.5962666314443015,
  "selected_alpha_on": 41.542896632055545,
  "selected_alpha_off": 34.619080526712956,
  "exhaustive_alpha_on": 41.542896632055545,
  "exhaustive_alpha_off": 30.003203123151227,
  "pareto_count": 120,
  "distinct_weight_optima": 8,
  "robust_idx": 60,
  "robust_max_additive_regret": 0.46391678238056505,
  "equal_weight_idx": 1,
  "elapsed_seconds": 15.887362241744995
}