{
  "scenario_id": "I20",
  "design": "frozen_iid59",
  "K": 54.93936938120821,
  "mu_max": 164.8181081436246,
  "rho": 0.8861518748399716,
  "arrival_scv": 4.0,
  "mean_jump_fraction": 0.07180942578874369,
  "tau": 0.5077946030277181,
  "qH": 0.33960303329212227,
  "beta": 0.6127779183125864,
  "jump_cv": 0.930339308690435,
  "cloud_cost_multiplier": 1.9954251493531852,
  "deactivation_mean": 0.674259387746764,
  "lambda_H": 10.932555272006544,
  "lambda_L": 28.762994981701873,
  "mean_H": 4.536939253729285,
  "mean_L": 3.353389883191211,
  "cv_H": 0.930339308690435,
  "cv_L": 0.930339308690435,
  "cW": 1.0,
  "cB": 10.0,
  "cL": 2.5,
  "cC": 0.25,
  "policy_count": 190,
  "diffusion_best_idx": 0,
  "exhaustive_train_idx": 0,
  "holdout_oracle_idx": 0,
  "single_train_idx": 0,
  "selection_idx": 0,
  "final_idx": 0,
  "selection_candidate_count": 32,
  "certified": 1,
  "fallback": 0,
  "certificate_stage_reps": 15,
  "certificate_ambiguous_count": 0,
  "certificate_simulation_count": 268,
  "algorithm_simulation_count": 554,
  "exhaustive_simulation_count": 3830,
  "work_reduction": 0.8553524804177546,
  "holdout_regret_vs_exhaustive": 0.0,
  "holdout_regret_vs_oracle": 0.0,
  "hysteresis_gain_vs_best_single": -0.012293951343214376,
  "adaptive_gain_vs_best_single": -0.012293951343214376,
  "exhaustive_holdout_objective": 0.9470973378965516,
  "adaptive_holdout_objective": 0.9470973378965516,
  "single_holdout_objective": 0.935595176321904,
  "selected_alpha_on": 2.746968469060411,
  "selected_alpha_off": 2.746968469060411,
  "exhaustive_alpha_on": 2.746968469060411,
  "exhaustive_alpha_off": 2.746968469060411,
  "pareto_count": 129,
  "distinct_weight_optima": 6,
  "robust_idx": 44,
  "robust_max_additive_regret": 0.46759414568003743,
  "equal_weight_idx": 0,
  "elapsed_seconds": 28.157049655914307
}