{
  "scenario_id": "I21",
  "design": "frozen_iid59",
  "K": 37.20213639744401,
  "mu_max": 111.60640919233202,
  "rho": 0.6347410709917438,
  "arrival_scv": 1.0,
  "mean_jump_fraction": 0.050707038331294786,
  "tau": 3.5606341024575867,
  "qH": 0.4567046446765019,
  "beta": 0.9706133862356123,
  "jump_cv": 1.8517953522861395,
  "cloud_cost_multiplier": 0.4542840903621534,
  "deactivation_mean": 1.5805088095071556,
  "lambda_H": 14.913761644318669,
  "lambda_L": 24.003063622736853,
  "mean_H": 2.169371679757938,
  "mean_L": 1.6034486328645627,
  "cv_H": 1.8517953522861395,
  "cv_L": 1.8517953522861395,
  "cW": 1.0,
  "cB": 10.0,
  "cL": 2.5,
  "cC": 0.25,
  "policy_count": 190,
  "diffusion_best_idx": 0,
  "exhaustive_train_idx": 0,
  "holdout_oracle_idx": 3,
  "single_train_idx": 0,
  "selection_idx": 2,
  "final_idx": 0,
  "selection_candidate_count": 36,
  "certified": 0,
  "fallback": 1,
  "certificate_stage_reps": 20,
  "certificate_ambiguous_count": 4,
  "certificate_simulation_count": 720,
  "algorithm_simulation_count": 1038,
  "exhaustive_simulation_count": 3830,
  "work_reduction": 0.7289817232375979,
  "holdout_regret_vs_exhaustive": 0.0,
  "holdout_regret_vs_oracle": 0.0016603017603520347,
  "hysteresis_gain_vs_best_single": -0.0002399461393467071,
  "adaptive_gain_vs_best_single": -0.0002399461393467071,
  "exhaustive_holdout_objective": 0.48965371999644114,
  "adaptive_holdout_objective": 0.48965371999644114,
  "single_holdout_objective": 0.48953625766134506,
  "selected_alpha_on": 1.8601068198722004,
  "selected_alpha_off": 1.8601068198722004,
  "exhaustive_alpha_on": 1.8601068198722004,
  "exhaustive_alpha_off": 1.8601068198722004,
  "pareto_count": 86,
  "distinct_weight_optima": 7,
  "robust_idx": 43,
  "robust_max_additive_regret": 0.46510860470851995,
  "equal_weight_idx": 3,
  "elapsed_seconds": 29.457045555114746
}