{
  "scenario_id": "I22",
  "design": "frozen_iid59",
  "K": 66.71123093291942,
  "mu_max": 200.13369279875826,
  "rho": 0.8367879786739204,
  "arrival_scv": 1.0,
  "mean_jump_fraction": 0.06719141773240524,
  "tau": 0.6236171940396114,
  "qH": 0.5393955212678431,
  "beta": 1.3051829544514355,
  "jump_cv": 1.5603493995292332,
  "cloud_cost_multiplier": 0.7512887237387215,
  "deactivation_mean": 0.9495919876638135,
  "lambda_H": 17.52396504274545,
  "lambda_L": 20.24566811728841,
  "mean_H": 5.154785512815254,
  "mean_L": 3.8100588572982312,
  "cv_H": 1.5603493995292332,
  "cv_L": 1.5603493995292332,
  "cW": 1.0,
  "cB": 10.0,
  "cL": 2.5,
  "cC": 0.25,
  "policy_count": 190,
  "diffusion_best_idx": 0,
  "exhaustive_train_idx": 0,
  "holdout_oracle_idx": 0,
  "single_train_idx": 0,
  "selection_idx": 0,
  "final_idx": 0,
  "selection_candidate_count": 34,
  "certified": 1,
  "fallback": 0,
  "certificate_stage_reps": 15,
  "certificate_ambiguous_count": 0,
  "certificate_simulation_count": 230,
  "algorithm_simulation_count": 532,
  "exhaustive_simulation_count": 3830,
  "work_reduction": 0.8610966057441254,
  "holdout_regret_vs_exhaustive": 0.0,
  "holdout_regret_vs_oracle": 0.0,
  "hysteresis_gain_vs_best_single": 0.00042555678525938215,
  "adaptive_gain_vs_best_single": 0.00042555678525938215,
  "exhaustive_holdout_objective": 0.98528591524969,
  "adaptive_holdout_objective": 0.98528591524969,
  "single_holdout_objective": 0.9857053888661887,
  "selected_alpha_on": 3.3355615466459714,
  "selected_alpha_off": 3.3355615466459714,
  "exhaustive_alpha_on": 3.3355615466459714,
  "exhaustive_alpha_off": 3.3355615466459714,
  "pareto_count": 119,
  "distinct_weight_optima": 7,
  "robust_idx": 114,
  "robust_max_additive_regret": 0.4619540830080863,
  "equal_weight_idx": 0,
  "elapsed_seconds": 28.790217876434326
}