{
  "scenario_id": "I23",
  "design": "frozen_iid59",
  "K": 49.09917121304909,
  "mu_max": 147.29751363914727,
  "rho": 0.8914672668110005,
  "arrival_scv": 1.0,
  "mean_jump_fraction": 0.07017506000269638,
  "tau": 2.9961697214209755,
  "qH": 0.2210775755395247,
  "beta": 1.0502781976540225,
  "jump_cv": 1.0273113297362368,
  "cloud_cost_multiplier": 3.0914516561182728,
  "deactivation_mean": 1.3488247969987697,
  "lambda_H": 7.32640151811583,
  "lambda_L": 34.92361119370516,
  "mean_H": 3.9623678788521395,
  "mean_L": 2.9287066930646253,
  "cv_H": 1.0273113297362368,
  "cv_L": 1.0273113297362368,
  "cW": 1.0,
  "cB": 10.0,
  "cL": 2.5,
  "cC": 0.25,
  "policy_count": 190,
  "diffusion_best_idx": 0,
  "exhaustive_train_idx": 0,
  "holdout_oracle_idx": 1,
  "single_train_idx": 0,
  "selection_idx": 0,
  "final_idx": 0,
  "selection_candidate_count": 34,
  "certified": 0,
  "fallback": 1,
  "certificate_stage_reps": 20,
  "certificate_ambiguous_count": 4,
  "certificate_simulation_count": 680,
  "algorithm_simulation_count": 982,
  "exhaustive_simulation_count": 3830,
  "work_reduction": 0.743603133159269,
  "holdout_regret_vs_exhaustive": 0.0,
  "holdout_regret_vs_oracle": 0.012817853016398834,
  "hysteresis_gain_vs_best_single": -0.0217209661721314,
  "adaptive_gain_vs_best_single": -0.0217209661721314,
  "exhaustive_holdout_objective": 2.56308587584555,
  "adaptive_holdout_objective": 2.56308587584555,
  "single_holdout_objective": 2.508596731109599,
  "selected_alpha_on": 2.4549585606524547,
  "selected_alpha_off": 2.4549585606524547,
  "exhaustive_alpha_on": 2.4549585606524547,
  "exhaustive_alpha_off": 2.4549585606524547,
  "pareto_count": 104,
  "distinct_weight_optima": 7,
  "robust_idx": 74,
  "robust_max_additive_regret": 0.4487969462636825,
  "equal_weight_idx": 5,
  "elapsed_seconds": 31.33743906021118
}