{
  "scenario_id": "I24",
  "design": "frozen_iid59",
  "K": 69.98230438570329,
  "mu_max": 209.94691315710986,
  "rho": 0.8334722412876272,
  "arrival_scv": 1.0,
  "mean_jump_fraction": 0.07626835908164652,
  "tau": 3.2359023369600535,
  "qH": 0.3676239688491726,
  "beta": 0.8701070764378083,
  "jump_cv": 1.4064757368924194,
  "cloud_cost_multiplier": 3.346732142526007,
  "deactivation_mean": 1.6376846768104794,
  "lambda_H": 10.480306197423642,
  "lambda_L": 24.390711385258797,
  "mean_H": 6.138050848287389,
  "mean_L": 4.536820192212418,
  "cv_H": 1.4064757368924194,
  "cv_L": 1.4064757368924194,
  "cW": 1.0,
  "cB": 10.0,
  "cL": 2.5,
  "cC": 0.25,
  "policy_count": 190,
  "diffusion_best_idx": 0,
  "exhaustive_train_idx": 1,
  "holdout_oracle_idx": 1,
  "single_train_idx": 0,
  "selection_idx": 1,
  "final_idx": 1,
  "selection_candidate_count": 37,
  "certified": 1,
  "fallback": 0,
  "certificate_stage_reps": 15,
  "certificate_ambiguous_count": 0,
  "certificate_simulation_count": 341,
  "algorithm_simulation_count": 667,
  "exhaustive_simulation_count": 3830,
  "work_reduction": 0.8258485639686683,
  "holdout_regret_vs_exhaustive": 0.0,
  "holdout_regret_vs_oracle": 0.0,
  "hysteresis_gain_vs_best_single": 0.011217248817237159,
  "adaptive_gain_vs_best_single": 0.011217248817237159,
  "exhaustive_holdout_objective": 1.357782010989528,
  "adaptive_holdout_objective": 1.357782010989528,
  "single_holdout_objective": 1.3731853729905537,
  "selected_alpha_on": 6.998230438570328,
  "selected_alpha_off": 3.4991152192851644,
  "exhaustive_alpha_on": 6.998230438570328,
  "exhaustive_alpha_off": 3.4991152192851644,
  "pareto_count": 122,
  "distinct_weight_optima": 10,
  "robust_idx": 42,
  "robust_max_additive_regret": 0.4501365924956715,
  "equal_weight_idx": 1,
  "elapsed_seconds": 25.673924446105957
}