{
  "scenario_id": "I25",
  "design": "frozen_iid59",
  "K": 33.07780659602055,
  "mu_max": 99.23341978806165,
  "rho": 0.5828679515106305,
  "arrival_scv": 1.0,
  "mean_jump_fraction": 0.06629257301097222,
  "tau": 1.160030589137874,
  "qH": 0.5607393800791501,
  "beta": 0.8655205798096646,
  "jump_cv": 0.7839109867768906,
  "cloud_cost_multiplier": 0.9248832365431643,
  "deactivation_mean": 1.326196429273736,
  "lambda_H": 12.861445228916145,
  "lambda_L": 13.631068499058093,
  "mean_H": 2.521734845130937,
  "mean_L": 1.863890972488084,
  "cv_H": 0.7839109867768906,
  "cv_L": 0.7839109867768906,
  "cW": 1.0,
  "cB": 10.0,
  "cL": 2.5,
  "cC": 0.25,
  "policy_count": 190,
  "diffusion_best_idx": 18,
  "exhaustive_train_idx": 11,
  "holdout_oracle_idx": 24,
  "single_train_idx": 9,
  "selection_idx": 17,
  "final_idx": 29,
  "selection_candidate_count": 47,
  "certified": 0,
  "fallback": 1,
  "certificate_stage_reps": 20,
  "certificate_ambiguous_count": 31,
  "certificate_simulation_count": 940,
  "algorithm_simulation_count": 1346,
  "exhaustive_simulation_count": 3830,
  "work_reduction": 0.6485639686684073,
  "holdout_regret_vs_exhaustive": 0.0,
  "holdout_regret_vs_oracle": 0.027430460654775668,
  "hysteresis_gain_vs_best_single": -0.021875001427469266,
  "adaptive_gain_vs_best_single": 0.005698672528366482,
  "exhaustive_holdout_objective": 0.2461461217618916,
  "adaptive_holdout_objective": 0.23950425959922514,
  "single_holdout_objective": 0.24087693839074953,
  "selected_alpha_on": 13.23112263840822,
  "selected_alpha_off": 3.307780659602055,
  "exhaustive_alpha_on": 8.269451649005138,
  "exhaustive_alpha_off": 3.307780659602055,
  "pareto_count": 89,
  "distinct_weight_optima": 8,
  "robust_idx": 32,
  "robust_max_additive_regret": 0.38518591527618146,
  "equal_weight_idx": 1,
  "elapsed_seconds": 22.588828086853027
}