{
  "scenario_id": "I26",
  "design": "frozen_iid59",
  "K": 77.69070096156705,
  "mu_max": 233.07210288470114,
  "rho": 0.706863833727716,
  "arrival_scv": 4.0,
  "mean_jump_fraction": 0.0700207647062234,
  "tau": 0.9384610821732889,
  "qH": 0.6623568355282923,
  "beta": 0.7274194761081747,
  "jump_cv": 0.713654297845442,
  "cloud_cost_multiplier": 1.0029448405592054,
  "deactivation_mean": 1.7958071740508068,
  "lambda_H": 17.443127261449433,
  "lambda_L": 12.030099054781227,
  "mean_H": 6.255956635675167,
  "mean_L": 4.623967948107732,
  "cv_H": 0.713654297845442,
  "cv_L": 0.713654297845442,
  "cW": 1.0,
  "cB": 10.0,
  "cL": 2.5,
  "cC": 0.25,
  "policy_count": 190,
  "diffusion_best_idx": 0,
  "exhaustive_train_idx": 1,
  "holdout_oracle_idx": 1,
  "single_train_idx": 0,
  "selection_idx": 0,
  "final_idx": 0,
  "selection_candidate_count": 33,
  "certified": 1,
  "fallback": 0,
  "certificate_stage_reps": 10,
  "certificate_ambiguous_count": 0,
  "certificate_simulation_count": 213,
  "algorithm_simulation_count": 507,
  "exhaustive_simulation_count": 3830,
  "work_reduction": 0.8676240208877285,
  "holdout_regret_vs_exhaustive": 0.00699936401855509,
  "holdout_regret_vs_oracle": 0.00699936401855509,
  "hysteresis_gain_vs_best_single": -0.019595648992262113,
  "adaptive_gain_vs_best_single": -0.026732170091293878,
  "exhaustive_holdout_objective": 0.8169687969929336,
  "adaptive_holdout_objective": 0.8226870589948881,
  "single_holdout_objective": 0.8012674414611333,
  "selected_alpha_on": 3.8845350480783525,
  "selected_alpha_off": 3.8845350480783525,
  "exhaustive_alpha_on": 7.769070096156705,
  "exhaustive_alpha_off": 3.8845350480783525,
  "pareto_count": 134,
  "distinct_weight_optima": 4,
  "robust_idx": 93,
  "robust_max_additive_regret": 0.500185708820914,
  "equal_weight_idx": 1,
  "elapsed_seconds": 25.894880056381226
}