{
  "scenario_id": "I27",
  "design": "frozen_iid59",
  "K": 30.33872797114482,
  "mu_max": 91.01618391343446,
  "rho": 0.6985251413228462,
  "arrival_scv": 4.0,
  "mean_jump_fraction": 0.0832159285025057,
  "tau": 3.0079148573723464,
  "qH": 0.3311903555887179,
  "beta": 0.7246352075668352,
  "jump_cv": 1.9547794750872014,
  "cloud_cost_multiplier": 0.9917158465095118,
  "deactivation_mean": 0.514593121832261,
  "lambda_H": 7.252315254255477,
  "lambda_L": 19.81437758459934,
  "mean_H": 2.9033652303593205,
  "mean_L": 2.1459656050481937,
  "cv_H": 1.9547794750872014,
  "cv_L": 1.9547794750872014,
  "cW": 1.0,
  "cB": 10.0,
  "cL": 2.5,
  "cC": 0.25,
  "policy_count": 190,
  "diffusion_best_idx": 0,
  "exhaustive_train_idx": 1,
  "holdout_oracle_idx": 0,
  "single_train_idx": 1,
  "selection_idx": 4,
  "final_idx": 4,
  "selection_candidate_count": 40,
  "certified": 1,
  "fallback": 0,
  "certificate_stage_reps": 15,
  "certificate_ambiguous_count": 0,
  "certificate_simulation_count": 384,
  "algorithm_simulation_count": 734,
  "exhaustive_simulation_count": 3830,
  "work_reduction": 0.808355091383812,
  "holdout_regret_vs_exhaustive": 0.005651507247815154,
  "holdout_regret_vs_oracle": 0.009300646180343633,
  "hysteresis_gain_vs_best_single": 0.0014755827941883724,
  "adaptive_gain_vs_best_single": -0.004167585186770674,
  "exhaustive_holdout_objective": 0.876202234091211,
  "adaptive_holdout_objective": 0.8811540973677293,
  "single_holdout_objective": 0.8774970536455213,
  "selected_alpha_on": 4.5508091956717225,
  "selected_alpha_off": 3.0338727971144817,
  "exhaustive_alpha_on": 3.0338727971144817,
  "exhaustive_alpha_off": 1.516936398557241,
  "pareto_count": 118,
  "distinct_weight_optima": 5,
  "robust_idx": 62,
  "robust_max_additive_regret": 0.45395131501279845,
  "equal_weight_idx": 0,
  "elapsed_seconds": 20.2289035320282
}