{
  "scenario_id": "I28",
  "design": "frozen_iid59",
  "K": 69.98987794096112,
  "mu_max": 209.96963382288337,
  "rho": 0.7878430031689174,
  "arrival_scv": 4.0,
  "mean_jump_fraction": 0.061328025084978074,
  "tau": 0.3463781349390977,
  "qH": 0.5802625111070135,
  "beta": 1.2062670523363317,
  "jump_cv": 1.8249038668612647,
  "cloud_cost_multiplier": 0.5889955897112426,
  "deactivation_mean": 1.8769947725379534,
  "lambda_H": 19.445926070508072,
  "lambda_L": 19.03096418090327,
  "mean_H": 4.93619213856649,
  "mean_L": 3.6484898415491447,
  "cv_H": 1.8249038668612647,
  "cv_L": 1.8249038668612647,
  "cW": 1.0,
  "cB": 10.0,
  "cL": 2.5,
  "cC": 0.25,
  "policy_count": 190,
  "diffusion_best_idx": 0,
  "exhaustive_train_idx": 0,
  "holdout_oracle_idx": 0,
  "single_train_idx": 0,
  "selection_idx": 0,
  "final_idx": 0,
  "selection_candidate_count": 34,
  "certified": 1,
  "fallback": 0,
  "certificate_stage_reps": 10,
  "certificate_ambiguous_count": 0,
  "certificate_simulation_count": 240,
  "algorithm_simulation_count": 542,
  "exhaustive_simulation_count": 3830,
  "work_reduction": 0.858485639686684,
  "holdout_regret_vs_exhaustive": 0.0,
  "holdout_regret_vs_oracle": 0.0,
  "hysteresis_gain_vs_best_single": -0.0043778689249229985,
  "adaptive_gain_vs_best_single": -0.0043778689249229985,
  "exhaustive_holdout_objective": 0.8131550288055333,
  "adaptive_holdout_objective": 0.8131550288055333,
  "single_holdout_objective": 0.8096106594582048,
  "selected_alpha_on": 3.4994938970480565,
  "selected_alpha_off": 3.4994938970480565,
  "exhaustive_alpha_on": 3.4994938970480565,
  "exhaustive_alpha_off": 3.4994938970480565,
  "pareto_count": 132,
  "distinct_weight_optima": 4,
  "robust_idx": 87,
  "robust_max_additive_regret": 0.48323447971102423,
  "equal_weight_idx": 0,
  "elapsed_seconds": 29.24871325492859
}