{
  "scenario_id": "I29",
  "design": "frozen_iid59",
  "K": 52.77736133137873,
  "mu_max": 158.33208399413618,
  "rho": 0.7195264234452142,
  "arrival_scv": 1.0,
  "mean_jump_fraction": 0.0606835851566574,
  "tau": 0.73467163225205,
  "qH": 0.7562065472274575,
  "beta": 0.9081035257030471,
  "jump_cv": 1.165753768839624,
  "cloud_cost_multiplier": 1.4355859199787238,
  "deactivation_mean": 0.602351233036141,
  "lambda_H": 23.390492384438183,
  "lambda_L": 10.202342141082259,
  "mean_H": 3.6831274258008584,
  "mean_L": 2.722311575591939,
  "cv_H": 1.165753768839624,
  "cv_L": 1.165753768839624,
  "cW": 1.0,
  "cB": 10.0,
  "cL": 2.5,
  "cC": 0.25,
  "policy_count": 190,
  "diffusion_best_idx": 0,
  "exhaustive_train_idx": 0,
  "holdout_oracle_idx": 0,
  "single_train_idx": 0,
  "selection_idx": 2,
  "final_idx": 2,
  "selection_candidate_count": 34,
  "certified": 1,
  "fallback": 0,
  "certificate_stage_reps": 20,
  "certificate_ambiguous_count": 0,
  "certificate_simulation_count": 342,
  "algorithm_simulation_count": 644,
  "exhaustive_simulation_count": 3830,
  "work_reduction": 0.8318537859007833,
  "holdout_regret_vs_exhaustive": 0.02491243161071962,
  "holdout_regret_vs_oracle": 0.02491243161071962,
  "hysteresis_gain_vs_best_single": 0.009977229339658092,
  "adaptive_gain_vs_best_single": -0.01468664522747283,
  "exhaustive_holdout_objective": 0.7740813424029641,
  "adaptive_holdout_objective": 0.793365590906712,
  "single_holdout_objective": 0.7818823620457279,
  "selected_alpha_on": 5.277736133137873,
  "selected_alpha_off": 5.277736133137873,
  "exhaustive_alpha_on": 2.6388680665689366,
  "exhaustive_alpha_off": 2.6388680665689366,
  "pareto_count": 118,
  "distinct_weight_optima": 7,
  "robust_idx": 99,
  "robust_max_additive_regret": 0.43961132777419065,
  "equal_weight_idx": 0,
  "elapsed_seconds": 26.032224416732788
}