{
  "scenario_id": "I30",
  "design": "frozen_iid59",
  "K": 51.336957795293436,
  "mu_max": 154.0108733858803,
  "rho": 0.7562652874171163,
  "arrival_scv": 4.0,
  "mean_jump_fraction": 0.06813217512940636,
  "tau": 2.8996922868863013,
  "qH": 0.694563947451445,
  "beta": 1.1521423299393025,
  "jump_cv": 1.4226724837315228,
  "cloud_cost_multiplier": 0.39971187539050845,
  "deactivation_mean": 1.2639767241724515,
  "lambda_H": 20.112106671350297,
  "lambda_L": 11.965877154798623,
  "mean_H": 4.022353388987857,
  "mean_L": 2.973043809251894,
  "cv_H": 1.4226724837315228,
  "cv_L": 1.4226724837315228,
  "cW": 1.0,
  "cB": 10.0,
  "cL": 2.5,
  "cC": 0.25,
  "policy_count": 190,
  "diffusion_best_idx": 0,
  "exhaustive_train_idx": 0,
  "holdout_oracle_idx": 1,
  "single_train_idx": 0,
  "selection_idx": 15,
  "final_idx": 0,
  "selection_candidate_count": 45,
  "certified": 0,
  "fallback": 1,
  "certificate_stage_reps": 20,
  "certificate_ambiguous_count": 4,
  "certificate_simulation_count": 900,
  "algorithm_simulation_count": 1290,
  "exhaustive_simulation_count": 3830,
  "work_reduction": 0.6631853785900783,
  "holdout_regret_vs_exhaustive": 0.0,
  "holdout_regret_vs_oracle": 0.00873919367136219,
  "hysteresis_gain_vs_best_single": -0.030430008950124886,
  "adaptive_gain_vs_best_single": -0.030430008950124886,
  "exhaustive_holdout_objective": 1.5926501452533828,
  "adaptive_holdout_objective": 1.5926501452533828,
  "single_holdout_objective": 1.5456170059294834,
  "selected_alpha_on": 2.566847889764672,
  "selected_alpha_off": 2.566847889764672,
  "exhaustive_alpha_on": 2.566847889764672,
  "exhaustive_alpha_off": 2.566847889764672,
  "pareto_count": 148,
  "distinct_weight_optima": 6,
  "robust_idx": 99,
  "robust_max_additive_regret": 0.4995327720298067,
  "equal_weight_idx": 1,
  "elapsed_seconds": 19.439554691314697
}