{
  "scenario_id": "I31",
  "design": "frozen_iid59",
  "K": 37.21253687095291,
  "mu_max": 111.63761061285874,
  "rho": 0.565227877855103,
  "arrival_scv": 1.0,
  "mean_jump_fraction": 0.06360525483846563,
  "tau": 0.48970700871802925,
  "qH": 0.47396095420168016,
  "beta": 0.8310437126870955,
  "jump_cv": 0.9493380478675293,
  "cloud_cost_multiplier": 0.9908264390416585,
  "deactivation_mean": 0.7624256199573021,
  "lambda_H": 10.987441005974892,
  "lambda_L": 16.498744119063563,
  "mean_H": 2.721949824492172,
  "mean_L": 2.0118759572333444,
  "cv_H": 0.9493380478675293,
  "cv_L": 0.9493380478675293,
  "cW": 1.0,
  "cB": 10.0,
  "cL": 2.5,
  "cC": 0.25,
  "policy_count": 190,
  "diffusion_best_idx": 33,
  "exhaustive_train_idx": 41,
  "holdout_oracle_idx": 62,
  "single_train_idx": 8,
  "selection_idx": 44,
  "final_idx": 43,
  "selection_candidate_count": 45,
  "certified": 0,
  "fallback": 1,
  "certificate_stage_reps": 20,
  "certificate_ambiguous_count": 18,
  "certificate_simulation_count": 900,
  "algorithm_simulation_count": 1290,
  "exhaustive_simulation_count": 3830,
  "work_reduction": 0.6631853785900783,
  "holdout_regret_vs_exhaustive": 0.0017546486594846955,
  "holdout_regret_vs_oracle": 0.005976412565730917,
  "hysteresis_gain_vs_best_single": 0.004701080803265341,
  "adaptive_gain_vs_best_single": 0.0029546808889102244,
  "exhaustive_holdout_objective": 0.1649893636393676,
  "adaptive_holdout_objective": 0.16527886200510664,
  "single_holdout_objective": 0.1657686554834439,
  "selected_alpha_on": 16.74564159192881,
  "selected_alpha_off": 14.885014748381163,
  "exhaustive_alpha_on": 16.74564159192881,
  "exhaustive_alpha_off": 11.163761061285873,
  "pareto_count": 100,
  "distinct_weight_optima": 10,
  "robust_idx": 30,
  "robust_max_additive_regret": 0.3389172582442497,
  "equal_weight_idx": 8,
  "elapsed_seconds": 22.81333351135254
}