{
  "scenario_id": "I32",
  "design": "frozen_iid59",
  "K": 77.6663156281819,
  "mu_max": 232.99894688454572,
  "rho": 0.8771380441777048,
  "arrival_scv": 4.0,
  "mean_jump_fraction": 0.07119339680674301,
  "tau": 0.5500804008080367,
  "qH": 0.24603177087176842,
  "beta": 1.2143778624181367,
  "jump_cv": 1.789239394001386,
  "cloud_cost_multiplier": 1.842801712903012,
  "deactivation_mean": 1.5197948840317688,
  "lambda_H": 7.907566272479891,
  "lambda_L": 32.78563565786601,
  "mean_H": 6.358728151090135,
  "mean_L": 4.699929502979665,
  "cv_H": 1.789239394001386,
  "cv_L": 1.789239394001386,
  "cW": 1.0,
  "cB": 10.0,
  "cL": 2.5,
  "cC": 0.25,
  "policy_count": 190,
  "diffusion_best_idx": 0,
  "exhaustive_train_idx": 0,
  "holdout_oracle_idx": 0,
  "single_train_idx": 0,
  "selection_idx": 0,
  "final_idx": 1,
  "selection_candidate_count": 34,
  "certified": 0,
  "fallback": 1,
  "certificate_stage_reps": 20,
  "certificate_ambiguous_count": 1,
  "certificate_simulation_count": 680,
  "algorithm_simulation_count": 982,
  "exhaustive_simulation_count": 3830,
  "work_reduction": 0.743603133159269,
  "holdout_regret_vs_exhaustive": 0.014977744569766756,
  "holdout_regret_vs_oracle": 0.014977744569766756,
  "hysteresis_gain_vs_best_single": -0.0031338463509382494,
  "adaptive_gain_vs_best_single": -0.018158528870870255,
  "exhaustive_holdout_objective": 0.9841691739509297,
  "adaptive_holdout_objective": 0.9989098084518051,
  "single_holdout_objective": 0.9810945742993364,
  "selected_alpha_on": 7.766631562818191,
  "selected_alpha_off": 3.8833157814090953,
  "exhaustive_alpha_on": 3.8833157814090953,
  "exhaustive_alpha_off": 3.8833157814090953,
  "pareto_count": 124,
  "distinct_weight_optima": 7,
  "robust_idx": 62,
  "robust_max_additive_regret": 0.44862738290798987,
  "equal_weight_idx": 0,
  "elapsed_seconds": 27.49841332435608
}