{
  "scenario_id": "I33",
  "design": "frozen_iid59",
  "K": 54.964224125991585,
  "mu_max": 164.89267237797475,
  "rho": 0.8110441832656121,
  "arrival_scv": 4.0,
  "mean_jump_fraction": 0.0831347563079435,
  "tau": 1.4700230797349967,
  "qH": 0.7379961988436694,
  "beta": 0.7355468232888539,
  "jump_cv": 1.7351830335078802,
  "cloud_cost_multiplier": 1.383400932603673,
  "deactivation_mean": 0.35061709947764663,
  "lambda_H": 18.781895728335886,
  "lambda_L": 9.021355703257722,
  "mean_H": 5.2548529851249235,
  "mean_L": 3.884021771614074,
  "cv_H": 1.7351830335078802,
  "cv_L": 1.7351830335078802,
  "cW": 1.0,
  "cB": 10.0,
  "cL": 2.5,
  "cC": 0.25,
  "policy_count": 190,
  "diffusion_best_idx": 0,
  "exhaustive_train_idx": 0,
  "holdout_oracle_idx": 0,
  "single_train_idx": 0,
  "selection_idx": 0,
  "final_idx": 0,
  "selection_candidate_count": 36,
  "certified": 1,
  "fallback": 0,
  "certificate_stage_reps": 10,
  "certificate_ambiguous_count": 0,
  "certificate_simulation_count": 231,
  "algorithm_simulation_count": 549,
  "exhaustive_simulation_count": 3830,
  "work_reduction": 0.8566579634464752,
  "holdout_regret_vs_exhaustive": 0.0,
  "holdout_regret_vs_oracle": 0.0,
  "hysteresis_gain_vs_best_single": 0.0006283795280385207,
  "adaptive_gain_vs_best_single": 0.0006283795280385207,
  "exhaustive_holdout_objective": 1.1819163266626236,
  "adaptive_holdout_objective": 1.1819163266626236,
  "single_holdout_objective": 1.1826594856720605,
  "selected_alpha_on": 2.7482112062995796,
  "selected_alpha_off": 2.7482112062995796,
  "exhaustive_alpha_on": 2.7482112062995796,
  "exhaustive_alpha_off": 2.7482112062995796,
  "pareto_count": 157,
  "distinct_weight_optima": 6,
  "robust_idx": 139,
  "robust_max_additive_regret": 0.4829322646430861,
  "equal_weight_idx": 0,
  "elapsed_seconds": 22.60537338256836
}