{
  "scenario_id": "I34",
  "design": "frozen_iid59",
  "K": 44.73394196340595,
  "mu_max": 134.20182589021783,
  "rho": 0.591747648506796,
  "arrival_scv": 1.0,
  "mean_jump_fraction": 0.08740363962173836,
  "tau": 1.55003932791295,
  "qH": 0.30188080061347555,
  "beta": 0.9767128044892422,
  "jump_cv": 0.9853603505984783,
  "cloud_cost_multiplier": 1.2402632892117047,
  "deactivation_mean": 1.7721447109194526,
  "lambda_H": 5.331702770755311,
  "lambda_L": 16.681647276754845,
  "mean_H": 4.496395743563686,
  "mean_L": 3.3234229408948983,
  "cv_H": 0.9853603505984783,
  "cv_L": 0.9853603505984783,
  "cW": 1.0,
  "cB": 10.0,
  "cL": 2.5,
  "cC": 0.25,
  "policy_count": 190,
  "diffusion_best_idx": 0,
  "exhaustive_train_idx": 0,
  "holdout_oracle_idx": 3,
  "single_train_idx": 1,
  "selection_idx": 0,
  "final_idx": 5,
  "selection_candidate_count": 32,
  "certified": 0,
  "fallback": 1,
  "certificate_stage_reps": 20,
  "certificate_ambiguous_count": 9,
  "certificate_simulation_count": 640,
  "algorithm_simulation_count": 926,
  "exhaustive_simulation_count": 3830,
  "work_reduction": 0.75822454308094,
  "holdout_regret_vs_exhaustive": 0.019567854987720585,
  "holdout_regret_vs_oracle": 0.02915102113646983,
  "hysteresis_gain_vs_best_single": 0.013292009527458598,
  "adaptive_gain_vs_best_single": -0.006015749345333279,
  "exhaustive_holdout_objective": 0.5113722352377804,
  "adaptive_holdout_objective": 0.5213786929816598,
  "single_holdout_objective": 0.5182609649212232,
  "selected_alpha_on": 6.710091294510892,
  "selected_alpha_off": 6.710091294510892,
  "exhaustive_alpha_on": 2.2366970981702976,
  "exhaustive_alpha_off": 2.2366970981702976,
  "pareto_count": 102,
  "distinct_weight_optima": 6,
  "robust_idx": 42,
  "robust_max_additive_regret": 0.40975486857511,
  "equal_weight_idx": 3,
  "elapsed_seconds": 16.319114446640015
}