{
  "scenario_id": "I35",
  "design": "frozen_iid59",
  "K": 44.93106312388447,
  "mu_max": 134.7931893716534,
  "rho": 0.614425806087868,
  "arrival_scv": 4.0,
  "mean_jump_fraction": 0.054382690492767054,
  "tau": 3.0131010773386744,
  "qH": 0.563414694315628,
  "beta": 1.0804985254818884,
  "jump_cv": 1.0376653467410062,
  "cloud_cost_multiplier": 2.373807248923827,
  "deactivation_mean": 0.8672449831814055,
  "lambda_H": 16.605820612335137,
  "lambda_L": 17.4092555991365,
  "mean_H": 2.8099929142837667,
  "mean_L": 2.0769512844706104,
  "cv_H": 1.0376653467410062,
  "cv_L": 1.0376653467410062,
  "cW": 1.0,
  "cB": 10.0,
  "cL": 2.5,
  "cC": 0.25,
  "policy_count": 190,
  "diffusion_best_idx": 0,
  "exhaustive_train_idx": 3,
  "holdout_oracle_idx": 0,
  "single_train_idx": 0,
  "selection_idx": 0,
  "final_idx": 0,
  "selection_candidate_count": 33,
  "certified": 1,
  "fallback": 0,
  "certificate_stage_reps": 15,
  "certificate_ambiguous_count": 0,
  "certificate_simulation_count": 271,
  "algorithm_simulation_count": 565,
  "exhaustive_simulation_count": 3830,
  "work_reduction": 0.8524804177545692,
  "holdout_regret_vs_exhaustive": 0.0,
  "holdout_regret_vs_oracle": 0.0,
  "hysteresis_gain_vs_best_single": 0.0066845017204474125,
  "adaptive_gain_vs_best_single": 0.016004868502876992,
  "exhaustive_holdout_objective": 1.3913454602604094,
  "adaptive_holdout_objective": 1.3782903432979177,
  "single_holdout_objective": 1.4007084986293425,
  "selected_alpha_on": 2.246553156194224,
  "selected_alpha_off": 2.246553156194224,
  "exhaustive_alpha_on": 6.739659468582671,
  "exhaustive_alpha_off": 2.246553156194224,
  "pareto_count": 109,
  "distinct_weight_optima": 5,
  "robust_idx": 43,
  "robust_max_additive_regret": 0.4659747468446317,
  "equal_weight_idx": 0,
  "elapsed_seconds": 27.370641946792603
}