{
  "scenario_id": "I36",
  "design": "frozen_iid59",
  "K": 34.361182979332554,
  "mu_max": 103.08354893799766,
  "rho": 0.8686933689805729,
  "arrival_scv": 4.0,
  "mean_jump_fraction": 0.07455179295588937,
  "tau": 0.8500658412628594,
  "qH": 0.24791378924031585,
  "beta": 0.8458527534514136,
  "jump_cv": 0.5098835017510972,
  "cloud_cost_multiplier": 0.855478642514988,
  "deactivation_mean": 0.25072940877655653,
  "lambda_H": 7.5358546199232315,
  "lambda_L": 30.929889533712586,
  "mean_H": 2.945940969073825,
  "mean_L": 2.177434629315436,
  "cv_H": 0.5098835017510972,
  "cv_L": 0.5098835017510972,
  "cW": 1.0,
  "cB": 10.0,
  "cL": 2.5,
  "cC": 0.25,
  "policy_count": 190,
  "diffusion_best_idx": 0,
  "exhaustive_train_idx": 1,
  "holdout_oracle_idx": 0,
  "single_train_idx": 0,
  "selection_idx": 1,
  "final_idx": 1,
  "selection_candidate_count": 32,
  "certified": 0,
  "fallback": 1,
  "certificate_stage_reps": 20,
  "certificate_ambiguous_count": 1,
  "certificate_simulation_count": 640,
  "algorithm_simulation_count": 926,
  "exhaustive_simulation_count": 3830,
  "work_reduction": 0.75822454308094,
  "holdout_regret_vs_exhaustive": 0.0,
  "holdout_regret_vs_oracle": 0.026153932143983056,
  "hysteresis_gain_vs_best_single": -0.03315810167923206,
  "adaptive_gain_vs_best_single": -0.03315810167923206,
  "exhaustive_holdout_objective": 1.9918045200426495,
  "adaptive_holdout_objective": 1.9918045200426495,
  "single_holdout_objective": 1.9278796892801713,
  "selected_alpha_on": 3.4361182979332554,
  "selected_alpha_off": 1.7180591489666277,
  "exhaustive_alpha_on": 3.4361182979332554,
  "exhaustive_alpha_off": 1.7180591489666277,
  "pareto_count": 124,
  "distinct_weight_optima": 6,
  "robust_idx": 176,
  "robust_max_additive_regret": 0.44414572731300667,
  "equal_weight_idx": 0,
  "elapsed_seconds": 31.899889707565308
}