{
  "scenario_id": "I37",
  "design": "frozen_iid59",
  "K": 57.74513974148992,
  "mu_max": 173.23541922446975,
  "rho": 0.6011008473957905,
  "arrival_scv": 4.0,
  "mean_jump_fraction": 0.09489288286867581,
  "tau": 0.6347161442965681,
  "qH": 0.6869923716785427,
  "beta": 1.0949133095706234,
  "jump_cv": 1.4730928361529076,
  "cloud_cost_multiplier": 2.817871084526023,
  "deactivation_mean": 1.9021944033233034,
  "lambda_H": 11.352435117960042,
  "lambda_L": 6.997951855415929,
  "mean_H": 6.301543198983197,
  "mean_L": 4.657662364465842,
  "cv_H": 1.4730928361529076,
  "cv_L": 1.4730928361529076,
  "cW": 1.0,
  "cB": 10.0,
  "cL": 2.5,
  "cC": 0.25,
  "policy_count": 190,
  "diffusion_best_idx": 0,
  "exhaustive_train_idx": 0,
  "holdout_oracle_idx": 30,
  "single_train_idx": 0,
  "selection_idx": 0,
  "final_idx": 0,
  "selection_candidate_count": 34,
  "certified": 1,
  "fallback": 0,
  "certificate_stage_reps": 10,
  "certificate_ambiguous_count": 0,
  "certificate_simulation_count": 228,
  "algorithm_simulation_count": 530,
  "exhaustive_simulation_count": 3830,
  "work_reduction": 0.8616187989556136,
  "holdout_regret_vs_exhaustive": 0.0,
  "holdout_regret_vs_oracle": 0.0007378816226318916,
  "hysteresis_gain_vs_best_single": 0.0016100713252961284,
  "adaptive_gain_vs_best_single": 0.0016100713252961284,
  "exhaustive_holdout_objective": 1.3829389931877782,
  "adaptive_holdout_objective": 1.3829389931877782,
  "single_holdout_objective": 1.3851692144205998,
  "selected_alpha_on": 2.887256987074496,
  "selected_alpha_off": 2.887256987074496,
  "exhaustive_alpha_on": 2.887256987074496,
  "exhaustive_alpha_off": 2.887256987074496,
  "pareto_count": 143,
  "distinct_weight_optima": 3,
  "robust_idx": 85,
  "robust_max_additive_regret": 0.4997252686572459,
  "equal_weight_idx": 0,
  "elapsed_seconds": 17.522397994995117
}