{
  "scenario_id": "I38",
  "design": "frozen_iid59",
  "K": 36.08213317354483,
  "mu_max": 108.2463995206345,
  "rho": 0.8543964309119504,
  "arrival_scv": 1.0,
  "mean_jump_fraction": 0.0604741594195264,
  "tau": 1.5633408700910199,
  "qH": 0.47677867298586046,
  "beta": 0.9224820777381345,
  "jump_cv": 0.8244487383545416,
  "cloud_cost_multiplier": 0.5658801354455227,
  "deactivation_mean": 1.6307914860263844,
  "lambda_H": 17.572348993966187,
  "lambda_L": 26.090196618087994,
  "mean_H": 2.5093421747935616,
  "mean_L": 1.8547311726735023,
  "cv_H": 0.8244487383545416,
  "cv_L": 0.8244487383545416,
  "cW": 1.0,
  "cB": 10.0,
  "cL": 2.5,
  "cC": 0.25,
  "policy_count": 190,
  "diffusion_best_idx": 0,
  "exhaustive_train_idx": 0,
  "holdout_oracle_idx": 1,
  "single_train_idx": 0,
  "selection_idx": 0,
  "final_idx": 1,
  "selection_candidate_count": 33,
  "certified": 0,
  "fallback": 1,
  "certificate_stage_reps": 20,
  "certificate_ambiguous_count": 2,
  "certificate_simulation_count": 660,
  "algorithm_simulation_count": 954,
  "exhaustive_simulation_count": 3830,
  "work_reduction": 0.7509138381201044,
  "holdout_regret_vs_exhaustive": 0.0,
  "holdout_regret_vs_oracle": 0.0,
  "hysteresis_gain_vs_best_single": -0.04478386827252778,
  "adaptive_gain_vs_best_single": -0.03183653726151051,
  "exhaustive_holdout_objective": 1.040103604585737,
  "adaptive_holdout_objective": 1.0272142730567293,
  "single_holdout_objective": 0.995520352267183,
  "selected_alpha_on": 3.6082133173544833,
  "selected_alpha_off": 1.8041066586772416,
  "exhaustive_alpha_on": 1.8041066586772416,
  "exhaustive_alpha_off": 1.8041066586772416,
  "pareto_count": 105,
  "distinct_weight_optima": 3,
  "robust_idx": 71,
  "robust_max_additive_regret": 0.43582115504601393,
  "equal_weight_idx": 1,
  "elapsed_seconds": 34.171432971954346
}