{
  "scenario_id": "I39",
  "design": "frozen_iid59",
  "K": 37.35079603242757,
  "mu_max": 112.0523880972827,
  "rho": 0.8703248544691684,
  "arrival_scv": 1.0,
  "mean_jump_fraction": 0.060506446085936444,
  "tau": 0.3893029034600768,
  "qH": 0.7897598577015683,
  "beta": 0.7212203050494775,
  "jump_cv": 1.8457873277497214,
  "cloud_cost_multiplier": 1.530786468931317,
  "deactivation_mean": 1.0760313845204392,
  "lambda_H": 29.634541413415633,
  "lambda_L": 10.673275314068379,
  "mean_H": 2.59895851536332,
  "mean_L": 1.9209693374424541,
  "cv_H": 1.8457873277497214,
  "cv_L": 1.8457873277497214,
  "cW": 1.0,
  "cB": 10.0,
  "cL": 2.5,
  "cC": 0.25,
  "policy_count": 190,
  "diffusion_best_idx": 0,
  "exhaustive_train_idx": 19,
  "holdout_oracle_idx": 20,
  "single_train_idx": 3,
  "selection_idx": 2,
  "final_idx": 2,
  "selection_candidate_count": 35,
  "certified": 1,
  "fallback": 0,
  "certificate_stage_reps": 10,
  "certificate_ambiguous_count": 0,
  "certificate_simulation_count": 216,
  "algorithm_simulation_count": 526,
  "exhaustive_simulation_count": 3830,
  "work_reduction": 0.8626631853785901,
  "holdout_regret_vs_exhaustive": 0.00227378620775596,
  "holdout_regret_vs_oracle": 0.006924363710811594,
  "hysteresis_gain_vs_best_single": -0.0014366402516933516,
  "adaptive_gain_vs_best_single": -0.003713693072239119,
  "exhaustive_holdout_objective": 0.8476854486404056,
  "adaptive_holdout_objective": 0.8496129041220396,
  "single_holdout_objective": 0.8464693766620671,
  "selected_alpha_on": 3.735079603242757,
  "selected_alpha_off": 3.735079603242757,
  "exhaustive_alpha_on": 11.20523880972827,
  "exhaustive_alpha_off": 9.337699008106892,
  "pareto_count": 126,
  "distinct_weight_optima": 10,
  "robust_idx": 113,
  "robust_max_additive_regret": 0.4656215750033365,
  "equal_weight_idx": 0,
  "elapsed_seconds": 31.163919925689697
}