{
  "scenario_id": "I40",
  "design": "frozen_iid59",
  "K": 38.64946263973545,
  "mu_max": 115.94838791920634,
  "rho": 0.7741841829120759,
  "arrival_scv": 4.0,
  "mean_jump_fraction": 0.07784071747707914,
  "tau": 0.28692641297022986,
  "qH": 0.6051037723803172,
  "beta": 0.7459616263125779,
  "jump_cv": 0.7322195401015702,
  "cloud_cost_multiplier": 0.7815526054519886,
  "deactivation_mean": 1.6395021700943335,
  "lambda_H": 15.699677767203877,
  "lambda_L": 13.861900522760143,
  "mean_H": 3.4597771872776577,
  "mean_L": 2.5572266166834865,
  "cv_H": 0.7322195401015702,
  "cv_L": 0.7322195401015702,
  "cW": 1.0,
  "cB": 10.0,
  "cL": 2.5,
  "cC": 0.25,
  "policy_count": 190,
  "diffusion_best_idx": 0,
  "exhaustive_train_idx": 0,
  "holdout_oracle_idx": 0,
  "single_train_idx": 0,
  "selection_idx": 0,
  "final_idx": 0,
  "selection_candidate_count": 32,
  "certified": 1,
  "fallback": 0,
  "certificate_stage_reps": 10,
  "certificate_ambiguous_count": 0,
  "certificate_simulation_count": 189,
  "algorithm_simulation_count": 475,
  "exhaustive_simulation_count": 3830,
  "work_reduction": 0.8759791122715405,
  "holdout_regret_vs_exhaustive": 0.0,
  "holdout_regret_vs_oracle": 0.0,
  "hysteresis_gain_vs_best_single": -0.007492567884823981,
  "adaptive_gain_vs_best_single": -0.007492567884823981,
  "exhaustive_holdout_objective": 0.7069924819083441,
  "adaptive_holdout_objective": 0.7069924819083441,
  "single_holdout_objective": 0.7017346871279025,
  "selected_alpha_on": 1.9324731319867725,
  "selected_alpha_off": 1.9324731319867725,
  "exhaustive_alpha_on": 1.9324731319867725,
  "exhaustive_alpha_off": 1.9324731319867725,
  "pareto_count": 148,
  "distinct_weight_optima": 3,
  "robust_idx": 53,
  "robust_max_additive_regret": 0.5122937145902385,
  "equal_weight_idx": 0,
  "elapsed_seconds": 19.621508359909058
}