{
  "scenario_id": "I41",
  "design": "frozen_iid59",
  "K": 39.216355705127796,
  "mu_max": 117.64906711538339,
  "rho": 0.8024192031605263,
  "arrival_scv": 4.0,
  "mean_jump_fraction": 0.06102426767330041,
  "tau": 0.7465080375079223,
  "qH": 0.7095692652471244,
  "beta": 0.6073935458225143,
  "jump_cv": 0.5449226084073496,
  "cloud_cost_multiplier": 0.5483386319059974,
  "deactivation_mean": 0.9773758064243944,
  "lambda_H": 24.339796756224274,
  "lambda_L": 13.47856445269612,
  "mean_H": 2.7521217958792423,
  "mean_L": 2.0341769795629183,
  "cv_H": 0.5449226084073496,
  "cv_L": 0.5449226084073496,
  "cW": 1.0,
  "cB": 10.0,
  "cL": 2.5,
  "cC": 0.25,
  "policy_count": 190,
  "diffusion_best_idx": 0,
  "exhaustive_train_idx": 0,
  "holdout_oracle_idx": 0,
  "single_train_idx": 0,
  "selection_idx": 0,
  "final_idx": 0,
  "selection_candidate_count": 33,
  "certified": 1,
  "fallback": 0,
  "certificate_stage_reps": 20,
  "certificate_ambiguous_count": 0,
  "certificate_simulation_count": 264,
  "algorithm_simulation_count": 558,
  "exhaustive_simulation_count": 3830,
  "work_reduction": 0.854308093994778,
  "holdout_regret_vs_exhaustive": 0.0,
  "holdout_regret_vs_oracle": 0.0,
  "hysteresis_gain_vs_best_single": 0.01621022694391182,
  "adaptive_gain_vs_best_single": 0.01621022694391182,
  "exhaustive_holdout_objective": 0.914870935624618,
  "adaptive_holdout_objective": 0.914870935624618,
  "single_holdout_objective": 0.929945564266868,
  "selected_alpha_on": 1.96081778525639,
  "selected_alpha_off": 1.96081778525639,
  "exhaustive_alpha_on": 1.96081778525639,
  "exhaustive_alpha_off": 1.96081778525639,
  "pareto_count": 169,
  "distinct_weight_optima": 4,
  "robust_idx": 154,
  "robust_max_additive_regret": 0.5109742264044532,
  "equal_weight_idx": 0,
  "elapsed_seconds": 32.031023025512695
}