{
  "scenario_id": "I42",
  "design": "frozen_iid59",
  "K": 52.155495505004055,
  "mu_max": 156.46648651501215,
  "rho": 0.8737958221362633,
  "arrival_scv": 4.0,
  "mean_jump_fraction": 0.07513927684312284,
  "tau": 0.34958438990475715,
  "qH": 0.525750539664819,
  "beta": 0.7123411207943187,
  "jump_cv": 0.5120134897506188,
  "cloud_cost_multiplier": 0.5243812364104332,
  "deactivation_mean": 0.3515833569313792,
  "lambda_H": 15.94946406353742,
  "lambda_L": 19.464897775482033,
  "mean_H": 4.506765147986861,
  "mean_L": 3.3310872832946363,
  "cv_H": 0.5120134897506188,
  "cv_L": 0.5120134897506188,
  "cW": 1.0,
  "cB": 10.0,
  "cL": 2.5,
  "cC": 0.25,
  "policy_count": 190,
  "diffusion_best_idx": 0,
  "exhaustive_train_idx": 0,
  "holdout_oracle_idx": 0,
  "single_train_idx": 0,
  "selection_idx": 0,
  "final_idx": 0,
  "selection_candidate_count": 33,
  "certified": 0,
  "fallback": 1,
  "certificate_stage_reps": 20,
  "certificate_ambiguous_count": 1,
  "certificate_simulation_count": 660,
  "algorithm_simulation_count": 954,
  "exhaustive_simulation_count": 3830,
  "work_reduction": 0.7509138381201044,
  "holdout_regret_vs_exhaustive": 0.0,
  "holdout_regret_vs_oracle": 0.0,
  "hysteresis_gain_vs_best_single": 0.00596723435718452,
  "adaptive_gain_vs_best_single": 0.00596723435718452,
  "exhaustive_holdout_objective": 0.9929295882334871,
  "adaptive_holdout_objective": 0.9929295882334871,
  "single_holdout_objective": 0.9988902001549064,
  "selected_alpha_on": 2.6077747752502027,
  "selected_alpha_off": 2.6077747752502027,
  "exhaustive_alpha_on": 2.6077747752502027,
  "exhaustive_alpha_off": 2.6077747752502027,
  "pareto_count": 162,
  "distinct_weight_optima": 6,
  "robust_idx": 172,
  "robust_max_additive_regret": 0.5082006537893617,
  "equal_weight_idx": 0,
  "elapsed_seconds": 30.517253875732422
}