{
  "scenario_id": "I43",
  "design": "frozen_iid59",
  "K": 59.236115782016185,
  "mu_max": 177.70834734604855,
  "rho": 0.7733785607791478,
  "arrival_scv": 1.0,
  "mean_jump_fraction": 0.0967849113874761,
  "tau": 2.306801250014607,
  "qH": 0.7621060917380853,
  "beta": 1.009704180428379,
  "jump_cv": 1.7763658395253819,
  "cloud_cost_multiplier": 0.3454287555733318,
  "deactivation_mean": 1.5450135982923068,
  "lambda_H": 15.886320473252102,
  "lambda_L": 6.70919047992652,
  "mean_H": 6.593136549435817,
  "mean_L": 4.8731878843656045,
  "cv_H": 1.7763658395253819,
  "cv_L": 1.7763658395253819,
  "cW": 1.0,
  "cB": 10.0,
  "cL": 2.5,
  "cC": 0.25,
  "policy_count": 190,
  "diffusion_best_idx": 0,
  "exhaustive_train_idx": 1,
  "holdout_oracle_idx": 1,
  "single_train_idx": 0,
  "selection_idx": 3,
  "final_idx": 3,
  "selection_candidate_count": 39,
  "certified": 1,
  "fallback": 0,
  "certificate_stage_reps": 20,
  "certificate_ambiguous_count": 0,
  "certificate_simulation_count": 376,
  "algorithm_simulation_count": 718,
  "exhaustive_simulation_count": 3830,
  "work_reduction": 0.812532637075718,
  "holdout_regret_vs_exhaustive": 0.008661060687011665,
  "holdout_regret_vs_oracle": 0.008661060687011665,
  "hysteresis_gain_vs_best_single": 0.0025524964307797474,
  "adaptive_gain_vs_best_single": -0.0060864569297415525,
  "exhaustive_holdout_objective": 0.8961822120968179,
  "adaptive_holdout_objective": 0.9039441006224088,
  "single_holdout_objective": 0.8984755677767108,
  "selected_alpha_on": 8.885417367302427,
  "selected_alpha_off": 2.9618057891008096,
  "exhaustive_alpha_on": 5.923611578201619,
  "exhaustive_alpha_off": 2.9618057891008096,
  "pareto_count": 146,
  "distinct_weight_optima": 4,
  "robust_idx": 85,
  "robust_max_additive_regret": 0.4748471574785756,
  "equal_weight_idx": 1,
  "elapsed_seconds": 18.648813247680664
}