{
  "scenario_id": "I44",
  "design": "frozen_iid59",
  "K": 32.04049536557827,
  "mu_max": 96.12148609673483,
  "rho": 0.8634367310006136,
  "arrival_scv": 1.0,
  "mean_jump_fraction": 0.09429565713783108,
  "tau": 2.7023278568523774,
  "qH": 0.2839539619225208,
  "beta": 1.1554944763987967,
  "jump_cv": 1.2408227480554626,
  "cloud_cost_multiplier": 0.4450067513891756,
  "deactivation_mean": 0.27162599676876,
  "lambda_H": 6.782818177714919,
  "lambda_L": 23.140998996125084,
  "mean_H": 3.4744715003466595,
  "mean_L": 2.5680876306910094,
  "cv_H": 1.2408227480554626,
  "cv_L": 1.2408227480554626,
  "cW": 1.0,
  "cB": 10.0,
  "cL": 2.5,
  "cC": 0.25,
  "policy_count": 190,
  "diffusion_best_idx": 0,
  "exhaustive_train_idx": 1,
  "holdout_oracle_idx": 3,
  "single_train_idx": 0,
  "selection_idx": 6,
  "final_idx": 6,
  "selection_candidate_count": 41,
  "certified": 1,
  "fallback": 0,
  "certificate_stage_reps": 20,
  "certificate_ambiguous_count": 0,
  "certificate_simulation_count": 385,
  "algorithm_simulation_count": 743,
  "exhaustive_simulation_count": 3830,
  "work_reduction": 0.8060052219321149,
  "holdout_regret_vs_exhaustive": 0.0023173591185730842,
  "holdout_regret_vs_oracle": 0.00520742717436523,
  "hysteresis_gain_vs_best_single": -0.003944831991215645,
  "adaptive_gain_vs_best_single": -0.006271332702174812,
  "exhaustive_holdout_objective": 2.397671886922239,
  "adaptive_holdout_objective": 2.4032281537327447,
  "single_holdout_objective": 2.388250639396905,
  "selected_alpha_on": 6.408099073115654,
  "selected_alpha_off": 1.6020247682789137,
  "exhaustive_alpha_on": 3.204049536557827,
  "exhaustive_alpha_off": 1.6020247682789137,
  "pareto_count": 119,
  "distinct_weight_optima": 7,
  "robust_idx": 76,
  "robust_max_additive_regret": 0.457528510319546,
  "equal_weight_idx": 15,
  "elapsed_seconds": 23.2492938041687
}