{
  "scenario_id": "I45",
  "design": "frozen_iid59",
  "K": 65.15014943896674,
  "mu_max": 195.4504483169002,
  "rho": 0.6491291770125495,
  "arrival_scv": 1.0,
  "mean_jump_fraction": 0.0799579926348873,
  "tau": 3.7655017909564115,
  "qH": 0.3364174758366143,
  "beta": 1.214229999590084,
  "jump_cv": 1.9701115525465414,
  "cloud_cost_multiplier": 2.807141735182969,
  "deactivation_mean": 0.9068239362281898,
  "lambda_H": 7.124775920547162,
  "lambda_L": 19.01369472506257,
  "mean_H": 5.990666444353115,
  "mean_L": 4.427883893652303,
  "cv_H": 1.9701115525465414,
  "cv_L": 1.9701115525465414,
  "cW": 1.0,
  "cB": 10.0,
  "cL": 2.5,
  "cC": 0.25,
  "policy_count": 190,
  "diffusion_best_idx": 0,
  "exhaustive_train_idx": 13,
  "holdout_oracle_idx": 32,
  "single_train_idx": 0,
  "selection_idx": 1,
  "final_idx": 1,
  "selection_candidate_count": 37,
  "certified": 1,
  "fallback": 0,
  "certificate_stage_reps": 15,
  "certificate_ambiguous_count": 0,
  "certificate_simulation_count": 399,
  "algorithm_simulation_count": 725,
  "exhaustive_simulation_count": 3830,
  "work_reduction": 0.8107049608355091,
  "holdout_regret_vs_exhaustive": 0.0,
  "holdout_regret_vs_oracle": 0.010910494314605255,
  "hysteresis_gain_vs_best_single": -0.00697897904611494,
  "adaptive_gain_vs_best_single": -0.0066582196782328795,
  "exhaustive_holdout_objective": 1.0272666181174486,
  "adaptive_holdout_objective": 1.0269393963998852,
  "single_holdout_objective": 1.0201470333477582,
  "selected_alpha_on": 6.515014943896674,
  "selected_alpha_off": 3.257507471948337,
  "exhaustive_alpha_on": 16.287537359741684,
  "exhaustive_alpha_off": 13.030029887793347,
  "pareto_count": 100,
  "distinct_weight_optima": 5,
  "robust_idx": 72,
  "robust_max_additive_regret": 0.45591504506374325,
  "equal_weight_idx": 0,
  "elapsed_seconds": 20.337698698043823
}