{
  "scenario_id": "I46",
  "design": "frozen_iid59",
  "K": 53.18835540081636,
  "mu_max": 159.5650662024491,
  "rho": 0.7011471550558697,
  "arrival_scv": 4.0,
  "mean_jump_fraction": 0.07691236292939654,
  "tau": 0.2670426086767828,
  "qH": 0.42955427677624236,
  "beta": 1.2358819090528157,
  "jump_cv": 1.102848862324804,
  "cloud_cost_multiplier": 0.2577623398777631,
  "deactivation_mean": 1.6950463239158324,
  "lambda_H": 10.215378995878941,
  "lambda_L": 18.353955717838193,
  "mean_H": 4.704468408336114,
  "mean_L": 3.477215780074519,
  "cv_H": 1.102848862324804,
  "cv_L": 1.102848862324804,
  "cW": 1.0,
  "cB": 10.0,
  "cL": 2.5,
  "cC": 0.25,
  "policy_count": 190,
  "diffusion_best_idx": 0,
  "exhaustive_train_idx": 0,
  "holdout_oracle_idx": 0,
  "single_train_idx": 0,
  "selection_idx": 0,
  "final_idx": 0,
  "selection_candidate_count": 32,
  "certified": 1,
  "fallback": 0,
  "certificate_stage_reps": 20,
  "certificate_ambiguous_count": 0,
  "certificate_simulation_count": 232,
  "algorithm_simulation_count": 518,
  "exhaustive_simulation_count": 3830,
  "work_reduction": 0.8647519582245431,
  "holdout_regret_vs_exhaustive": 0.0,
  "holdout_regret_vs_oracle": 0.0,
  "hysteresis_gain_vs_best_single": 0.009514139948556382,
  "adaptive_gain_vs_best_single": 0.009514139948556382,
  "exhaustive_holdout_objective": 0.5229042086014393,
  "adaptive_holdout_objective": 0.5229042086014393,
  "single_holdout_objective": 0.5279269797695858,
  "selected_alpha_on": 2.659417770040818,
  "selected_alpha_off": 2.659417770040818,
  "exhaustive_alpha_on": 2.659417770040818,
  "exhaustive_alpha_off": 2.659417770040818,
  "pareto_count": 121,
  "distinct_weight_optima": 8,
  "robust_idx": 52,
  "robust_max_additive_regret": 0.4687444999737558,
  "equal_weight_idx": 0,
  "elapsed_seconds": 21.90234136581421
}