{
  "scenario_id": "I47",
  "design": "frozen_iid59",
  "K": 52.84914210406323,
  "mu_max": 158.5474263121897,
  "rho": 0.6889814219884758,
  "arrival_scv": 1.0,
  "mean_jump_fraction": 0.0754270085886121,
  "tau": 1.6213832145822533,
  "qH": 0.2064584927844532,
  "beta": 0.7377514512521105,
  "jump_cv": 1.9295643811769296,
  "cloud_cost_multiplier": 1.7178095294392874,
  "deactivation_mean": 1.159977537658259,
  "lambda_H": 4.919679312499564,
  "lambda_L": 25.583066781050572,
  "mean_H": 4.584190599691552,
  "mean_L": 3.3883147910763647,
  "cv_H": 1.9295643811769296,
  "cv_L": 1.9295643811769296,
  "cW": 1.0,
  "cB": 10.0,
  "cL": 2.5,
  "cC": 0.25,
  "policy_count": 190,
  "diffusion_best_idx": 0,
  "exhaustive_train_idx": 35,
  "holdout_oracle_idx": 21,
  "single_train_idx": 7,
  "selection_idx": 35,
  "final_idx": 35,
  "selection_candidate_count": 43,
  "certified": 1,
  "fallback": 0,
  "certificate_stage_reps": 20,
  "certificate_ambiguous_count": 0,
  "certificate_simulation_count": 495,
  "algorithm_simulation_count": 869,
  "exhaustive_simulation_count": 3830,
  "work_reduction": 0.7731070496083551,
  "holdout_regret_vs_exhaustive": 0.0,
  "holdout_regret_vs_oracle": 0.016644849391621478,
  "hysteresis_gain_vs_best_single": -0.007958004790886786,
  "adaptive_gain_vs_best_single": -0.007958004790886786,
  "exhaustive_holdout_objective": 0.6100485369181305,
  "adaptive_holdout_objective": 0.6100485369181305,
  "single_holdout_objective": 0.6052320969906803,
  "selected_alpha_on": 21.139656841625296,
  "selected_alpha_off": 21.139656841625296,
  "exhaustive_alpha_on": 21.139656841625296,
  "exhaustive_alpha_off": 21.139656841625296,
  "pareto_count": 123,
  "distinct_weight_optima": 8,
  "robust_idx": 60,
  "robust_max_additive_regret": 0.4778549728161889,
  "equal_weight_idx": 0,
  "elapsed_seconds": 21.554572343826294
}