{
  "scenario_id": "I48",
  "design": "frozen_iid59",
  "K": 35.712664603081606,
  "mu_max": 107.13799380924482,
  "rho": 0.8891604700201026,
  "arrival_scv": 1.0,
  "mean_jump_fraction": 0.057437626910390775,
  "tau": 0.5517965535185686,
  "qH": 0.2970937953602504,
  "beta": 1.3224249440089517,
  "jump_cv": 0.5036753004711265,
  "cloud_cost_multiplier": 1.8075053452831078,
  "deactivation_mean": 1.6126212011060144,
  "lambda_H": 11.997773385124537,
  "lambda_L": 38.40461045463895,
  "mean_H": 2.358938311264878,
  "mean_L": 1.7435630996305622,
  "cv_H": 0.5036753004711265,
  "cv_L": 0.5036753004711265,
  "cW": 1.0,
  "cB": 10.0,
  "cL": 2.5,
  "cC": 0.25,
  "policy_count": 190,
  "diffusion_best_idx": 0,
  "exhaustive_train_idx": 0,
  "holdout_oracle_idx": 0,
  "single_train_idx": 0,
  "selection_idx": 0,
  "final_idx": 0,
  "selection_candidate_count": 32,
  "certified": 1,
  "fallback": 0,
  "certificate_stage_reps": 20,
  "certificate_ambiguous_count": 0,
  "certificate_simulation_count": 255,
  "algorithm_simulation_count": 541,
  "exhaustive_simulation_count": 3830,
  "work_reduction": 0.8587467362924281,
  "holdout_regret_vs_exhaustive": 0.0,
  "holdout_regret_vs_oracle": 0.0,
  "hysteresis_gain_vs_best_single": 0.004427768036948215,
  "adaptive_gain_vs_best_single": 0.004427768036948215,
  "exhaustive_holdout_objective": 0.9931323308901073,
  "adaptive_holdout_objective": 0.9931323308901073,
  "single_holdout_objective": 0.9975492475637519,
  "selected_alpha_on": 1.7856332301540805,
  "selected_alpha_off": 1.7856332301540805,
  "exhaustive_alpha_on": 1.7856332301540805,
  "exhaustive_alpha_off": 1.7856332301540805,
  "pareto_count": 92,
  "distinct_weight_optima": 7,
  "robust_idx": 50,
  "robust_max_additive_regret": 0.415733519816845,
  "equal_weight_idx": 4,
  "elapsed_seconds": 33.99472117424011
}