{
  "scenario_id": "I49",
  "design": "frozen_iid59",
  "K": 34.867914289751845,
  "mu_max": 104.60374286925554,
  "rho": 0.820181793900458,
  "arrival_scv": 1.0,
  "mean_jump_fraction": 0.06442050880622688,
  "tau": 1.8233911021679983,
  "qH": 0.20531203840594592,
  "beta": 0.9328127585030176,
  "jump_cv": 1.440788868453322,
  "cloud_cost_multiplier": 0.3373080863707069,
  "deactivation_mean": 1.4250166416943415,
  "lambda_H": 6.819048876216358,
  "lambda_L": 35.70959603190152,
  "mean_H": 2.583140096491381,
  "mean_L": 1.909277462624064,
  "cv_H": 1.440788868453322,
  "cv_L": 1.440788868453322,
  "cW": 1.0,
  "cB": 10.0,
  "cL": 2.5,
  "cC": 0.25,
  "policy_count": 190,
  "diffusion_best_idx": 0,
  "exhaustive_train_idx": 0,
  "holdout_oracle_idx": 0,
  "single_train_idx": 0,
  "selection_idx": 1,
  "final_idx": 3,
  "selection_candidate_count": 34,
  "certified": 0,
  "fallback": 1,
  "certificate_stage_reps": 20,
  "certificate_ambiguous_count": 3,
  "certificate_simulation_count": 680,
  "algorithm_simulation_count": 982,
  "exhaustive_simulation_count": 3830,
  "work_reduction": 0.743603133159269,
  "holdout_regret_vs_exhaustive": 0.01944583501694003,
  "holdout_regret_vs_oracle": 0.01944583501694003,
  "hysteresis_gain_vs_best_single": 0.012413485132606086,
  "adaptive_gain_vs_best_single": -0.0067909593004600475,
  "exhaustive_holdout_objective": 0.8952469536167668,
  "adaptive_holdout_objective": 0.9126557781762166,
  "single_holdout_objective": 0.9064997750976522,
  "selected_alpha_on": 5.230187143462777,
  "selected_alpha_off": 1.7433957144875922,
  "exhaustive_alpha_on": 1.7433957144875922,
  "exhaustive_alpha_off": 1.7433957144875922,
  "pareto_count": 105,
  "distinct_weight_optima": 7,
  "robust_idx": 81,
  "robust_max_additive_regret": 0.435590067622911,
  "equal_weight_idx": 0,
  "elapsed_seconds": 28.528131008148193
}