{
  "scenario_id": "I50",
  "design": "frozen_iid59",
  "K": 33.58056252971161,
  "mu_max": 100.74168758913481,
  "rho": 0.5587507753258484,
  "arrival_scv": 4.0,
  "mean_jump_fraction": 0.08626855524344312,
  "tau": 2.373169148404665,
  "qH": 0.42642247920613824,
  "beta": 1.1355741168490394,
  "jump_cv": 1.030416943335213,
  "cloud_cost_multiplier": 1.108097544158008,
  "deactivation_mean": 0.8244151038580321,
  "lambda_H": 7.204919271406893,
  "lambda_L": 13.11173204686878,
  "mean_H": 3.33148860575537,
  "mean_L": 2.4624046216452737,
  "cv_H": 1.030416943335213,
  "cv_L": 1.030416943335213,
  "cW": 1.0,
  "cB": 10.0,
  "cL": 2.5,
  "cC": 0.25,
  "policy_count": 190,
  "diffusion_best_idx": 0,
  "exhaustive_train_idx": 0,
  "holdout_oracle_idx": 0,
  "single_train_idx": 2,
  "selection_idx": 0,
  "final_idx": 0,
  "selection_candidate_count": 33,
  "certified": 1,
  "fallback": 0,
  "certificate_stage_reps": 15,
  "certificate_ambiguous_count": 0,
  "certificate_simulation_count": 278,
  "algorithm_simulation_count": 572,
  "exhaustive_simulation_count": 3830,
  "work_reduction": 0.8506527415143603,
  "holdout_regret_vs_exhaustive": 0.0,
  "holdout_regret_vs_oracle": 0.0,
  "hysteresis_gain_vs_best_single": 0.03344078880848062,
  "adaptive_gain_vs_best_single": 0.03344078880848062,
  "exhaustive_holdout_objective": 1.3304745586989888,
  "adaptive_holdout_objective": 1.3304745586989888,
  "single_holdout_objective": 1.3765060053163791,
  "selected_alpha_on": 1.6790281264855804,
  "selected_alpha_off": 1.6790281264855804,
  "exhaustive_alpha_on": 1.6790281264855804,
  "exhaustive_alpha_off": 1.6790281264855804,
  "pareto_count": 103,
  "distinct_weight_optima": 8,
  "robust_idx": 83,
  "robust_max_additive_regret": 0.44335790921371987,
  "equal_weight_idx": 0,
  "elapsed_seconds": 14.337593793869019
}