{
  "scenario_id": "I51",
  "design": "frozen_iid59",
  "K": 35.21508045980181,
  "mu_max": 105.64524137940543,
  "rho": 0.6282314355082768,
  "arrival_scv": 1.0,
  "mean_jump_fraction": 0.05100880651651421,
  "tau": 1.0391081656917225,
  "qH": 0.5264892657529621,
  "beta": 1.168654953119769,
  "jump_cv": 1.9524674538385742,
  "cloud_cost_multiplier": 0.26217982262919637,
  "deactivation_mean": 1.146626497651151,
  "lambda_H": 16.915601175818896,
  "lambda_L": 20.582904516229107,
  "mean_H": 2.065721109483137,
  "mean_L": 1.5268373417918841,
  "cv_H": 1.9524674538385742,
  "cv_L": 1.9524674538385742,
  "cW": 1.0,
  "cB": 10.0,
  "cL": 2.5,
  "cC": 0.25,
  "policy_count": 190,
  "diffusion_best_idx": 0,
  "exhaustive_train_idx": 0,
  "holdout_oracle_idx": 0,
  "single_train_idx": 0,
  "selection_idx": 0,
  "final_idx": 0,
  "selection_candidate_count": 34,
  "certified": 1,
  "fallback": 0,
  "certificate_stage_reps": 20,
  "certificate_ambiguous_count": 0,
  "certificate_simulation_count": 338,
  "algorithm_simulation_count": 640,
  "exhaustive_simulation_count": 3830,
  "work_reduction": 0.8328981723237598,
  "holdout_regret_vs_exhaustive": 0.0,
  "holdout_regret_vs_oracle": 0.0,
  "hysteresis_gain_vs_best_single": 0.00624904313593423,
  "adaptive_gain_vs_best_single": 0.00624904313593423,
  "exhaustive_holdout_objective": 0.42892699749257807,
  "adaptive_holdout_objective": 0.42892699749257807,
  "single_holdout_objective": 0.43162423596161686,
  "selected_alpha_on": 1.7607540229900907,
  "selected_alpha_off": 1.7607540229900907,
  "exhaustive_alpha_on": 1.7607540229900907,
  "exhaustive_alpha_off": 1.7607540229900907,
  "pareto_count": 114,
  "distinct_weight_optima": 8,
  "robust_idx": 72,
  "robust_max_additive_regret": 0.4088436478944698,
  "equal_weight_idx": 0,
  "elapsed_seconds": 27.12701964378357
}