{
  "scenario_id": "I52",
  "design": "frozen_iid59",
  "K": 67.69797450500074,
  "mu_max": 203.09392351500225,
  "rho": 0.5534142005678366,
  "arrival_scv": 4.0,
  "mean_jump_fraction": 0.08037568728055897,
  "tau": 0.8487599998179925,
  "qH": 0.4183161991657659,
  "beta": 0.6514350724110122,
  "jump_cv": 1.8776735243825997,
  "cloud_cost_multiplier": 0.6367264461271007,
  "deactivation_mean": 1.222512726322606,
  "lambda_H": 7.513697328737629,
  "lambda_L": 14.135621172794252,
  "mean_H": 6.257461912592372,
  "mean_L": 4.6250805440900145,
  "cv_H": 1.8776735243825997,
  "cv_L": 1.8776735243825997,
  "cW": 1.0,
  "cB": 10.0,
  "cL": 2.5,
  "cC": 0.25,
  "policy_count": 190,
  "diffusion_best_idx": 0,
  "exhaustive_train_idx": 0,
  "holdout_oracle_idx": 0,
  "single_train_idx": 1,
  "selection_idx": 1,
  "final_idx": 1,
  "selection_candidate_count": 34,
  "certified": 1,
  "fallback": 0,
  "certificate_stage_reps": 15,
  "certificate_ambiguous_count": 0,
  "certificate_simulation_count": 276,
  "algorithm_simulation_count": 578,
  "exhaustive_simulation_count": 3830,
  "work_reduction": 0.8490861618798955,
  "holdout_regret_vs_exhaustive": 0.007870784221694122,
  "holdout_regret_vs_oracle": 0.007870784221694122,
  "hysteresis_gain_vs_best_single": 0.0026920448705029455,
  "adaptive_gain_vs_best_single": -0.005157550846900329,
  "exhaustive_holdout_objective": 0.5042717831032797,
  "adaptive_holdout_objective": 0.5082407974971745,
  "single_holdout_objective": 0.5056329697458412,
  "selected_alpha_on": 6.769797450500075,
  "selected_alpha_off": 3.3848987252500375,
  "exhaustive_alpha_on": 3.3848987252500375,
  "exhaustive_alpha_off": 3.3848987252500375,
  "pareto_count": 148,
  "distinct_weight_optima": 5,
  "robust_idx": 68,
  "robust_max_additive_regret": 0.48729665803855177,
  "equal_weight_idx": 0,
  "elapsed_seconds": 16.167089700698853
}