{
  "scenario_id": "I53",
  "design": "frozen_iid59",
  "K": 34.475148018554215,
  "mu_max": 103.42544405566264,
  "rho": 0.601757743311881,
  "arrival_scv": 1.0,
  "mean_jump_fraction": 0.09647727476937243,
  "tau": 1.3307035133848217,
  "qH": 0.4300768373867812,
  "beta": 0.8154879168475223,
  "jump_cv": 0.9207813768319879,
  "cloud_cost_multiplier": 1.4012398983739756,
  "deactivation_mean": 1.1324456362838076,
  "lambda_H": 6.997874150928775,
  "lambda_L": 12.54628928138648,
  "mean_H": 3.8249785773159664,
  "mean_L": 2.8271580788857142,
  "cv_H": 0.9207813768319879,
  "cv_L": 0.9207813768319879,
  "cW": 1.0,
  "cB": 10.0,
  "cL": 2.5,
  "cC": 0.25,
  "policy_count": 190,
  "diffusion_best_idx": 0,
  "exhaustive_train_idx": 1,
  "holdout_oracle_idx": 4,
  "single_train_idx": 2,
  "selection_idx": 1,
  "final_idx": 3,
  "selection_candidate_count": 32,
  "certified": 0,
  "fallback": 1,
  "certificate_stage_reps": 20,
  "certificate_ambiguous_count": 14,
  "certificate_simulation_count": 640,
  "algorithm_simulation_count": 926,
  "exhaustive_simulation_count": 3830,
  "work_reduction": 0.75822454308094,
  "holdout_regret_vs_exhaustive": 0.0002935801686805788,
  "holdout_regret_vs_oracle": 0.0004895159235783996,
  "hysteresis_gain_vs_best_single": -0.0021293741025713133,
  "adaptive_gain_vs_best_single": -0.002423579413260109,
  "exhaustive_holdout_objective": 0.45870700214651705,
  "adaptive_holdout_objective": 0.4588416694255822,
  "single_holdout_objective": 0.4577323188009524,
  "selected_alpha_on": 5.171272202783133,
  "selected_alpha_off": 1.7237574009277108,
  "exhaustive_alpha_on": 3.4475148018554216,
  "exhaustive_alpha_off": 1.7237574009277108,
  "pareto_count": 98,
  "distinct_weight_optima": 6,
  "robust_idx": 42,
  "robust_max_additive_regret": 0.4124176346494634,
  "equal_weight_idx": 1,
  "elapsed_seconds": 16.141793727874756
}