{
  "scenario_id": "I54",
  "design": "frozen_iid59",
  "K": 70.93696287732375,
  "mu_max": 212.81088863197124,
  "rho": 0.8097872529101593,
  "arrival_scv": 4.0,
  "mean_jump_fraction": 0.07252783695605358,
  "tau": 0.627690136289464,
  "qH": 0.5215560330126965,
  "beta": 0.687327161804619,
  "jump_cv": 1.2637444181536965,
  "cloud_cost_multiplier": 0.29365600222829125,
  "deactivation_mean": 1.6149618200009952,
  "lambda_H": 15.191148126117021,
  "lambda_L": 18.853831542493886,
  "mean_H": 5.916640149382787,
  "mean_L": 4.3731688060655385,
  "cv_H": 1.2637444181536965,
  "cv_L": 1.2637444181536965,
  "cW": 1.0,
  "cB": 10.0,
  "cL": 2.5,
  "cC": 0.25,
  "policy_count": 190,
  "diffusion_best_idx": 0,
  "exhaustive_train_idx": 0,
  "holdout_oracle_idx": 0,
  "single_train_idx": 0,
  "selection_idx": 3,
  "final_idx": 0,
  "selection_candidate_count": 36,
  "certified": 0,
  "fallback": 1,
  "certificate_stage_reps": 20,
  "certificate_ambiguous_count": 3,
  "certificate_simulation_count": 720,
  "algorithm_simulation_count": 1038,
  "exhaustive_simulation_count": 3830,
  "work_reduction": 0.7289817232375979,
  "holdout_regret_vs_exhaustive": 0.0,
  "holdout_regret_vs_oracle": 0.0,
  "hysteresis_gain_vs_best_single": 0.0014093220011320317,
  "adaptive_gain_vs_best_single": 0.0014093220011320317,
  "exhaustive_holdout_objective": 0.5635384650576,
  "adaptive_holdout_objective": 0.5635384650576,
  "single_holdout_objective": 0.5643337930881814,
  "selected_alpha_on": 3.5468481438661876,
  "selected_alpha_off": 3.5468481438661876,
  "exhaustive_alpha_on": 3.5468481438661876,
  "exhaustive_alpha_off": 3.5468481438661876,
  "pareto_count": 139,
  "distinct_weight_optima": 4,
  "robust_idx": 71,
  "robust_max_additive_regret": 0.4988847840065244,
  "equal_weight_idx": 0,
  "elapsed_seconds": 27.792758464813232
}