{
  "scenario_id": "I55",
  "design": "frozen_iid59",
  "K": 52.23114826891172,
  "mu_max": 156.69344480673516,
  "rho": 0.8084879177920683,
  "arrival_scv": 1.0,
  "mean_jump_fraction": 0.05341237524264483,
  "tau": 1.6069733724635225,
  "qH": 0.32924911805823043,
  "beta": 1.3954135806476664,
  "jump_cv": 0.5080788810129035,
  "cloud_cost_multiplier": 1.3816776199360146,
  "deactivation_mean": 1.842156628110641,
  "lambda_H": 13.001087385256891,
  "lambda_L": 35.833994612763995,
  "mean_H": 3.2082581442973312,
  "mean_L": 2.3713212370893317,
  "cv_H": 0.5080788810129035,
  "cv_L": 0.5080788810129035,
  "cW": 1.0,
  "cB": 10.0,
  "cL": 2.5,
  "cC": 0.25,
  "policy_count": 190,
  "diffusion_best_idx": 0,
  "exhaustive_train_idx": 0,
  "holdout_oracle_idx": 0,
  "single_train_idx": 0,
  "selection_idx": 0,
  "final_idx": 0,
  "selection_candidate_count": 32,
  "certified": 0,
  "fallback": 1,
  "certificate_stage_reps": 20,
  "certificate_ambiguous_count": 2,
  "certificate_simulation_count": 640,
  "algorithm_simulation_count": 926,
  "exhaustive_simulation_count": 3830,
  "work_reduction": 0.75822454308094,
  "holdout_regret_vs_exhaustive": 0.0,
  "holdout_regret_vs_oracle": 0.0,
  "hysteresis_gain_vs_best_single": -0.06583080874020328,
  "adaptive_gain_vs_best_single": -0.06583080874020328,
  "exhaustive_holdout_objective": 1.9877449237084988,
  "adaptive_holdout_objective": 1.9877449237084988,
  "single_holdout_objective": 1.8649722896056877,
  "selected_alpha_on": 2.611557413445586,
  "selected_alpha_off": 2.611557413445586,
  "exhaustive_alpha_on": 2.611557413445586,
  "exhaustive_alpha_off": 2.611557413445586,
  "pareto_count": 82,
  "distinct_weight_optima": 7,
  "robust_idx": 142,
  "robust_max_additive_regret": 0.44608746030927715,
  "equal_weight_idx": 4,
  "elapsed_seconds": 36.57108426094055
}