{
  "scenario_id": "I56",
  "design": "frozen_iid59",
  "K": 63.060289841117566,
  "mu_max": 189.1808695233527,
  "rho": 0.8680016555406509,
  "arrival_scv": 4.0,
  "mean_jump_fraction": 0.0767916665052192,
  "tau": 0.27724417128270296,
  "qH": 0.5853840028257633,
  "beta": 0.9091398302713898,
  "jump_cv": 1.713795843290522,
  "cloud_cost_multiplier": 0.26209424136289683,
  "deactivation_mean": 0.47491917165692926,
  "lambda_H": 17.261189692919793,
  "lambda_L": 16.540736545696216,
  "mean_H": 5.568880459281796,
  "mean_L": 4.116129035121327,
  "cv_H": 1.713795843290522,
  "cv_L": 1.713795843290522,
  "cW": 1.0,
  "cB": 10.0,
  "cL": 2.5,
  "cC": 0.25,
  "policy_count": 190,
  "diffusion_best_idx": 0,
  "exhaustive_train_idx": 0,
  "holdout_oracle_idx": 0,
  "single_train_idx": 0,
  "selection_idx": 0,
  "final_idx": 0,
  "selection_candidate_count": 34,
  "certified": 1,
  "fallback": 0,
  "certificate_stage_reps": 10,
  "certificate_ambiguous_count": 0,
  "certificate_simulation_count": 224,
  "algorithm_simulation_count": 526,
  "exhaustive_simulation_count": 3830,
  "work_reduction": 0.8626631853785901,
  "holdout_regret_vs_exhaustive": 0.0,
  "holdout_regret_vs_oracle": 0.0,
  "hysteresis_gain_vs_best_single": 0.009506178888532156,
  "adaptive_gain_vs_best_single": 0.009506178888532156,
  "exhaustive_holdout_objective": 0.8343063367665826,
  "adaptive_holdout_objective": 0.8343063367665826,
  "single_holdout_objective": 0.8423135197657046,
  "selected_alpha_on": 3.1530144920558785,
  "selected_alpha_off": 3.1530144920558785,
  "exhaustive_alpha_on": 3.1530144920558785,
  "exhaustive_alpha_off": 3.1530144920558785,
  "pareto_count": 126,
  "distinct_weight_optima": 6,
  "robust_idx": 111,
  "robust_max_additive_regret": 0.4819491240956959,
  "equal_weight_idx": 0,
  "elapsed_seconds": 27.23474907875061
}