{
  "scenario_id": "I57",
  "design": "frozen_iid59",
  "K": 57.70520973322162,
  "mu_max": 173.11562919966485,
  "rho": 0.8797265581729147,
  "arrival_scv": 4.0,
  "mean_jump_fraction": 0.07383806287776587,
  "tau": 3.383116237355942,
  "qH": 0.5127791089103854,
  "beta": 0.7732071727412125,
  "jump_cv": 1.0968819955561513,
  "cloud_cost_multiplier": 1.399330298409793,
  "deactivation_mean": 1.19407651881929,
  "lambda_H": 15.937534806751477,
  "lambda_L": 20.48781478325051,
  "mean_H": 4.899967040354728,
  "mean_L": 3.621714768957842,
  "cv_H": 1.0968819955561513,
  "cv_L": 1.0968819955561513,
  "cW": 1.0,
  "cB": 10.0,
  "cL": 2.5,
  "cC": 0.25,
  "policy_count": 190,
  "diffusion_best_idx": 0,
  "exhaustive_train_idx": 0,
  "holdout_oracle_idx": 3,
  "single_train_idx": 0,
  "selection_idx": 0,
  "final_idx": 0,
  "selection_candidate_count": 36,
  "certified": 1,
  "fallback": 0,
  "certificate_stage_reps": 20,
  "certificate_ambiguous_count": 0,
  "certificate_simulation_count": 306,
  "algorithm_simulation_count": 624,
  "exhaustive_simulation_count": 3830,
  "work_reduction": 0.8370757180156658,
  "holdout_regret_vs_exhaustive": 0.0,
  "holdout_regret_vs_oracle": 0.007727019345321043,
  "hysteresis_gain_vs_best_single": -0.011119139937353154,
  "adaptive_gain_vs_best_single": -0.011119139937353154,
  "exhaustive_holdout_objective": 1.7514470028010818,
  "adaptive_holdout_objective": 1.7514470028010818,
  "single_holdout_objective": 1.7321865778444248,
  "selected_alpha_on": 2.8852604866610814,
  "selected_alpha_off": 2.8852604866610814,
  "exhaustive_alpha_on": 2.8852604866610814,
  "exhaustive_alpha_off": 2.8852604866610814,
  "pareto_count": 142,
  "distinct_weight_optima": 3,
  "robust_idx": 51,
  "robust_max_additive_regret": 0.49235872050754986,
  "equal_weight_idx": 1,
  "elapsed_seconds": 30.428802013397217
}