{
  "scenario_id": "I58",
  "design": "frozen_iid59",
  "K": 66.41330040947784,
  "mu_max": 199.23990122843352,
  "rho": 0.8614353402974582,
  "arrival_scv": 1.0,
  "mean_jump_fraction": 0.09301195239507225,
  "tau": 0.5873162658750726,
  "qH": 0.2043486906233315,
  "beta": 0.6078334644849718,
  "jump_cv": 0.6215868716631213,
  "cloud_cost_multiplier": 2.9135747357851955,
  "deactivation_mean": 1.9653157138148738,
  "lambda_H": 4.93718269011299,
  "lambda_L": 26.008124464024622,
  "mean_H": 7.103815346498882,
  "mean_L": 5.250646125673087,
  "cv_H": 0.6215868716631213,
  "cv_L": 0.6215868716631213,
  "cW": 1.0,
  "cB": 10.0,
  "cL": 2.5,
  "cC": 0.25,
  "policy_count": 190,
  "diffusion_best_idx": 0,
  "exhaustive_train_idx": 1,
  "holdout_oracle_idx": 0,
  "single_train_idx": 2,
  "selection_idx": 1,
  "final_idx": 5,
  "selection_candidate_count": 32,
  "certified": 0,
  "fallback": 1,
  "certificate_stage_reps": 20,
  "certificate_ambiguous_count": 3,
  "certificate_simulation_count": 640,
  "algorithm_simulation_count": 926,
  "exhaustive_simulation_count": 3830,
  "work_reduction": 0.75822454308094,
  "holdout_regret_vs_exhaustive": 0.013114705425690348,
  "holdout_regret_vs_oracle": 0.021066995223556918,
  "hysteresis_gain_vs_best_single": 0.0068220169529254835,
  "adaptive_gain_vs_best_single": -0.006203219730018181,
  "exhaustive_holdout_objective": 0.8122995188520175,
  "adaptive_holdout_objective": 0.8229525877591917,
  "single_holdout_objective": 0.8178791039647082,
  "selected_alpha_on": 9.961995061421677,
  "selected_alpha_off": 9.961995061421677,
  "exhaustive_alpha_on": 6.641330040947784,
  "exhaustive_alpha_off": 3.3206650204738923,
  "pareto_count": 102,
  "distinct_weight_optima": 10,
  "robust_idx": 40,
  "robust_max_additive_regret": 0.403132658458004,
  "equal_weight_idx": 0,
  "elapsed_seconds": 20.09350347518921
}