{
  "scenario_id": "I59",
  "design": "frozen_iid59",
  "K": 55.38266724202311,
  "mu_max": 166.14800172606934,
  "rho": 0.8594192803883427,
  "arrival_scv": 1.0,
  "mean_jump_fraction": 0.06601908854197261,
  "tau": 3.7989493120989226,
  "qH": 0.5563598545419811,
  "beta": 1.3272231156308658,
  "jump_cv": 1.2807344591346146,
  "cloud_cost_multiplier": 0.5038018559583813,
  "deactivation_mean": 1.5956308937298689,
  "lambda_H": 18.89360221957138,
  "lambda_L": 20.38302965620637,
  "mean_H": 4.204760194192989,
  "mean_L": 3.1078662304904703,
  "cv_H": 1.2807344591346146,
  "cv_L": 1.2807344591346146,
  "cW": 1.0,
  "cB": 10.0,
  "cL": 2.5,
  "cC": 0.25,
  "policy_count": 190,
  "diffusion_best_idx": 0,
  "exhaustive_train_idx": 0,
  "holdout_oracle_idx": 3,
  "single_train_idx": 0,
  "selection_idx": 6,
  "final_idx": 3,
  "selection_candidate_count": 41,
  "certified": 0,
  "fallback": 1,
  "certificate_stage_reps": 20,
  "certificate_ambiguous_count": 10,
  "certificate_simulation_count": 820,
  "algorithm_simulation_count": 1178,
  "exhaustive_simulation_count": 3830,
  "work_reduction": 0.6924281984334204,
  "holdout_regret_vs_exhaustive": 0.0,
  "holdout_regret_vs_oracle": 0.0,
  "hysteresis_gain_vs_best_single": -0.007679172574585869,
  "adaptive_gain_vs_best_single": -0.005203193970715948,
  "exhaustive_holdout_objective": 2.060819047437468,
  "adaptive_holdout_objective": 2.0557553882820785,
  "single_holdout_objective": 2.045114262084177,
  "selected_alpha_on": 8.307400086303467,
  "selected_alpha_off": 2.769133362101156,
  "exhaustive_alpha_on": 2.769133362101156,
  "exhaustive_alpha_off": 2.769133362101156,
  "pareto_count": 150,
  "distinct_weight_optima": 5,
  "robust_idx": 164,
  "robust_max_additive_regret": 0.5058033214409544,
  "equal_weight_idx": 3,
  "elapsed_seconds": 32.72207474708557
}