{
  "scenario_id": "L01",
  "design": "locked_iid59_v9",
  "K": 67.2540698303825,
  "mu_max": 201.76220949114753,
  "rho": 0.7533367771320826,
  "arrival_scv": 4.0,
  "mean_jump_fraction": 0.0632721030674783,
  "tau": 1.4668098209951623,
  "qH": 0.5200051157897675,
  "beta": 0.8421259357851774,
  "jump_cv": 1.276876367500276,
  "cloud_cost_multiplier": 0.60296323679453,
  "deactivation_mean": 1.525618418470626,
  "lambda_H": 16.15131660253567,
  "lambda_L": 20.17046161579973,
  "mean_H": 4.893602403717646,
  "mean_L": 3.617010472313043,
  "cv_H": 1.276876367500276,
  "cv_L": 1.276876367500276,
  "cW": 1.0,
  "cB": 10.0,
  "cL": 2.5,
  "cC": 0.25,
  "policy_count": 190,
  "diffusion_best_idx": 0,
  "exhaustive_train_idx": 0,
  "holdout_oracle_idx": 1,
  "single_train_idx": 0,
  "selection_idx": 1,
  "final_idx": 0,
  "selection_candidate_count": 35,
  "certified": 0,
  "fallback": 1,
  "certificate_stage_reps": 20,
  "certificate_ambiguous_count": 1,
  "certificate_simulation_count": 700,
  "algorithm_simulation_count": 1010,
  "exhaustive_simulation_count": 3830,
  "work_reduction": 0.7362924281984334,
  "holdout_regret_vs_exhaustive": 0.0,
  "holdout_regret_vs_oracle": 0.00275917151272247,
  "hysteresis_gain_vs_best_single": -0.007437496137407755,
  "adaptive_gain_vs_best_single": -0.007437496137407755,
  "exhaustive_holdout_objective": 0.8267943089262338,
  "adaptive_holdout_objective": 0.8267943089262338,
  "single_holdout_objective": 0.8206904270450786,
  "selected_alpha_on": 3.3627034915191256,
  "selected_alpha_off": 3.3627034915191256,
  "exhaustive_alpha_on": 3.3627034915191256,
  "exhaustive_alpha_off": 3.3627034915191256,
  "pareto_count": 141,
  "distinct_weight_optima": 5,
  "robust_idx": 94,
  "robust_max_additive_regret": 0.4895802333198936,
  "equal_weight_idx": 3,
  "elapsed_seconds": 28.53571653366089
}