{
  "scenario_id": "L02",
  "design": "locked_iid59_v9",
  "K": 46.08450224235109,
  "mu_max": 138.25350672705326,
  "rho": 0.7084419049770996,
  "arrival_scv": 1.0,
  "mean_jump_fraction": 0.05550259357241982,
  "tau": 1.0706407466359438,
  "qH": 0.5331478066982376,
  "beta": 0.8054755319961069,
  "jump_cv": 1.790793062767027,
  "cloud_cost_multiplier": 3.1484491692640737,
  "deactivation_mean": 1.6362240961504022,
  "lambda_H": 17.752601557047246,
  "lambda_L": 21.031618580271395,
  "mean_H": 2.9414808076361547,
  "mean_L": 2.1741379882528102,
  "cv_H": 1.790793062767027,
  "cv_L": 1.790793062767027,
  "cW": 1.0,
  "cB": 10.0,
  "cL": 2.5,
  "cC": 0.25,
  "policy_count": 190,
  "diffusion_best_idx": 0,
  "exhaustive_train_idx": 151,
  "holdout_oracle_idx": 148,
  "single_train_idx": 14,
  "selection_idx": 149,
  "final_idx": 149,
  "selection_candidate_count": 58,
  "certified": 1,
  "fallback": 0,
  "certificate_stage_reps": 15,
  "certificate_ambiguous_count": 0,
  "certificate_simulation_count": 545,
  "algorithm_simulation_count": 1039,
  "exhaustive_simulation_count": 3830,
  "work_reduction": 0.7287206266318538,
  "holdout_regret_vs_exhaustive": 0.0,
  "holdout_regret_vs_oracle": 0.004977546476743688,
  "hysteresis_gain_vs_best_single": 0.0074705937759547494,
  "adaptive_gain_vs_best_single": 0.009166328169692142,
  "exhaustive_holdout_objective": 0.7301354664241785,
  "adaptive_holdout_objective": 0.7288880315222613,
  "single_holdout_objective": 0.7356310672969258,
  "selected_alpha_on": 39.17182690599843,
  "selected_alpha_off": 32.259151569645766,
  "exhaustive_alpha_on": 39.17182690599843,
  "exhaustive_alpha_off": 36.86760179388087,
  "pareto_count": 114,
  "distinct_weight_optima": 6,
  "robust_idx": 54,
  "robust_max_additive_regret": 0.44435205846736925,
  "equal_weight_idx": 0,
  "elapsed_seconds": 28.37016272544861
}