{
  "scenario_id": "L03",
  "design": "locked_iid59_v9",
  "K": 59.82009406278686,
  "mu_max": 179.46028218836057,
  "rho": 0.8386620641550941,
  "arrival_scv": 4.0,
  "mean_jump_fraction": 0.07354553586710227,
  "tau": 0.6743699136689606,
  "qH": 0.35057859823779997,
  "beta": 0.9550745746330438,
  "jump_cv": 1.2089469855539168,
  "cloud_cost_multiplier": 2.0701295946845613,
  "deactivation_mean": 1.1318851386102082,
  "lambda_H": 10.428923856087529,
  "lambda_L": 26.137232902694638,
  "mean_H": 5.059426004488341,
  "mean_L": 3.739575742447904,
  "cv_H": 1.2089469855539168,
  "cv_L": 1.2089469855539168,
  "cW": 1.0,
  "cB": 10.0,
  "cL": 2.5,
  "cC": 0.25,
  "policy_count": 190,
  "diffusion_best_idx": 0,
  "exhaustive_train_idx": 0,
  "holdout_oracle_idx": 0,
  "single_train_idx": 0,
  "selection_idx": 0,
  "final_idx": 0,
  "selection_candidate_count": 33,
  "certified": 1,
  "fallback": 0,
  "certificate_stage_reps": 15,
  "certificate_ambiguous_count": 0,
  "certificate_simulation_count": 275,
  "algorithm_simulation_count": 569,
  "exhaustive_simulation_count": 3830,
  "work_reduction": 0.8514360313315927,
  "holdout_regret_vs_exhaustive": 0.0,
  "holdout_regret_vs_oracle": 0.0,
  "hysteresis_gain_vs_best_single": -0.0024727960537130706,
  "adaptive_gain_vs_best_single": -0.0024727960537130706,
  "exhaustive_holdout_objective": 1.1078902908229695,
  "adaptive_holdout_objective": 1.1078902908229695,
  "single_holdout_objective": 1.1051574618126676,
  "selected_alpha_on": 2.991004703139343,
  "selected_alpha_off": 2.991004703139343,
  "exhaustive_alpha_on": 2.991004703139343,
  "exhaustive_alpha_off": 2.991004703139343,
  "pareto_count": 127,
  "distinct_weight_optima": 5,
  "robust_idx": 71,
  "robust_max_additive_regret": 0.4712780801538911,
  "equal_weight_idx": 0,
  "elapsed_seconds": 26.331989765167236
}