{
  "scenario_id": "L04",
  "design": "locked_iid59_v9",
  "K": 30.911253082739478,
  "mu_max": 92.73375924821843,
  "rho": 0.7304638727312167,
  "arrival_scv": 1.0,
  "mean_jump_fraction": 0.05547193557565986,
  "tau": 1.1970914612292156,
  "qH": 0.5006755553819795,
  "beta": 1.3920196962976612,
  "jump_cv": 1.250409201579744,
  "cloud_cost_multiplier": 3.65596958546765,
  "deactivation_mean": 0.33869770684595946,
  "lambda_H": 17.19908029971768,
  "lambda_L": 23.206549854548598,
  "mean_H": 1.9719130955039375,
  "mean_L": 1.4575009836333452,
  "cv_H": 1.250409201579744,
  "cv_L": 1.250409201579744,
  "cW": 1.0,
  "cB": 10.0,
  "cL": 2.5,
  "cC": 0.25,
  "policy_count": 190,
  "diffusion_best_idx": 0,
  "exhaustive_train_idx": 0,
  "holdout_oracle_idx": 1,
  "single_train_idx": 0,
  "selection_idx": 6,
  "final_idx": 0,
  "selection_candidate_count": 37,
  "certified": 0,
  "fallback": 1,
  "certificate_stage_reps": 20,
  "certificate_ambiguous_count": 1,
  "certificate_simulation_count": 740,
  "algorithm_simulation_count": 1066,
  "exhaustive_simulation_count": 3830,
  "work_reduction": 0.7216710182767624,
  "holdout_regret_vs_exhaustive": 0.0,
  "holdout_regret_vs_oracle": 0.007923225385418106,
  "hysteresis_gain_vs_best_single": -0.00300377438309385,
  "adaptive_gain_vs_best_single": -0.00300377438309385,
  "exhaustive_holdout_objective": 1.7838670227206288,
  "adaptive_holdout_objective": 1.7838670227206288,
  "single_holdout_objective": 1.7785247356798948,
  "selected_alpha_on": 1.545562654136974,
  "selected_alpha_off": 1.545562654136974,
  "exhaustive_alpha_on": 1.545562654136974,
  "exhaustive_alpha_off": 1.545562654136974,
  "pareto_count": 93,
  "distinct_weight_optima": 5,
  "robust_idx": 133,
  "robust_max_additive_regret": 0.5810080681347851,
  "equal_weight_idx": 1,
  "elapsed_seconds": 34.31456780433655
}