{
  "scenario_id": "L05",
  "design": "locked_iid59_v9",
  "K": 35.369519106690916,
  "mu_max": 106.10855732007275,
  "rho": 0.7768405618830093,
  "arrival_scv": 1.0,
  "mean_jump_fraction": 0.05250248456540779,
  "tau": 3.934514421678813,
  "qH": 0.43672308243492197,
  "beta": 1.2516328278895026,
  "jump_cv": 1.917435359618716,
  "cloud_cost_multiplier": 3.9757721713216028,
  "deactivation_mean": 1.597416001066997,
  "lambda_H": 16.857050922163733,
  "lambda_L": 29.41550586834445,
  "mean_H": 2.135535775632676,
  "mean_L": 1.5784394863371953,
  "cv_H": 1.917435359618716,
  "cv_L": 1.917435359618716,
  "cW": 1.0,
  "cB": 10.0,
  "cL": 2.5,
  "cC": 0.25,
  "policy_count": 190,
  "diffusion_best_idx": 0,
  "exhaustive_train_idx": 0,
  "holdout_oracle_idx": 0,
  "single_train_idx": 0,
  "selection_idx": 0,
  "final_idx": 0,
  "selection_candidate_count": 36,
  "certified": 1,
  "fallback": 0,
  "certificate_stage_reps": 20,
  "certificate_ambiguous_count": 0,
  "certificate_simulation_count": 329,
  "algorithm_simulation_count": 647,
  "exhaustive_simulation_count": 3830,
  "work_reduction": 0.8310704960835509,
  "holdout_regret_vs_exhaustive": 0.0,
  "holdout_regret_vs_oracle": 0.0,
  "hysteresis_gain_vs_best_single": 0.005271580634409564,
  "adaptive_gain_vs_best_single": 0.005271580634409564,
  "exhaustive_holdout_objective": 1.6105064579432453,
  "adaptive_holdout_objective": 1.6105064579432453,
  "single_holdout_objective": 1.6190413650495485,
  "selected_alpha_on": 1.768475955334546,
  "selected_alpha_off": 1.768475955334546,
  "exhaustive_alpha_on": 1.768475955334546,
  "exhaustive_alpha_off": 1.768475955334546,
  "pareto_count": 117,
  "distinct_weight_optima": 7,
  "robust_idx": 98,
  "robust_max_additive_regret": 0.44858041170118296,
  "equal_weight_idx": 0,
  "elapsed_seconds": 32.53769040107727
}