{
  "scenario_id": "L06",
  "design": "locked_iid59_v9",
  "K": 59.31757934933496,
  "mu_max": 177.9527380480049,
  "rho": 0.6339656872181789,
  "arrival_scv": 1.0,
  "mean_jump_fraction": 0.09953314201679504,
  "tau": 0.3820678272007998,
  "qH": 0.6889133185729812,
  "beta": 0.6662367466088849,
  "jump_cv": 1.1109769365637616,
  "cloud_cost_multiplier": 0.4615805284085965,
  "deactivation_mean": 0.9299111013498049,
  "lambda_H": 11.446851115026774,
  "lambda_L": 6.9932939904115585,
  "mean_H": 6.789674806890345,
  "mean_L": 5.018455292049386,
  "cv_H": 1.1109769365637616,
  "cv_L": 1.1109769365637616,
  "cW": 1.0,
  "cB": 10.0,
  "cL": 2.5,
  "cC": 0.25,
  "policy_count": 190,
  "diffusion_best_idx": 0,
  "exhaustive_train_idx": 0,
  "holdout_oracle_idx": 0,
  "single_train_idx": 0,
  "selection_idx": 0,
  "final_idx": 0,
  "selection_candidate_count": 33,
  "certified": 1,
  "fallback": 0,
  "certificate_stage_reps": 15,
  "certificate_ambiguous_count": 0,
  "certificate_simulation_count": 237,
  "algorithm_simulation_count": 531,
  "exhaustive_simulation_count": 3830,
  "work_reduction": 0.8613577023498694,
  "holdout_regret_vs_exhaustive": 0.0,
  "holdout_regret_vs_oracle": 0.0,
  "hysteresis_gain_vs_best_single": -0.002775891326842834,
  "adaptive_gain_vs_best_single": -0.002775891326842834,
  "exhaustive_holdout_objective": 0.3563799311829034,
  "adaptive_holdout_objective": 0.3563799311829034,
  "single_holdout_objective": 0.3553933977325205,
  "selected_alpha_on": 2.9658789674667485,
  "selected_alpha_off": 2.9658789674667485,
  "exhaustive_alpha_on": 2.9658789674667485,
  "exhaustive_alpha_off": 2.9658789674667485,
  "pareto_count": 115,
  "distinct_weight_optima": 7,
  "robust_idx": 44,
  "robust_max_additive_regret": 0.442161073387572,
  "equal_weight_idx": 0,
  "elapsed_seconds": 15.637473344802856
}