{
  "scenario_id": "L07",
  "design": "locked_iid59_v9",
  "K": 77.75172808975185,
  "mu_max": 233.25518426925555,
  "rho": 0.8270535196292024,
  "arrival_scv": 4.0,
  "mean_jump_fraction": 0.09466878679044984,
  "tau": 0.5083045761718497,
  "qH": 0.784782945977172,
  "beta": 1.1037047765616796,
  "jump_cv": 1.144111243458914,
  "cloud_cost_multiplier": 0.25083968851612576,
  "deactivation_mean": 1.923626678155483,
  "lambda_H": 17.885445979022183,
  "lambda_L": 6.635991391301491,
  "mean_H": 8.46476103448541,
  "mean_L": 6.256562503750085,
  "cv_H": 1.144111243458914,
  "cv_L": 1.144111243458914,
  "cW": 1.0,
  "cB": 10.0,
  "cL": 2.5,
  "cC": 0.25,
  "policy_count": 190,
  "diffusion_best_idx": 0,
  "exhaustive_train_idx": 0,
  "holdout_oracle_idx": 0,
  "single_train_idx": 0,
  "selection_idx": 0,
  "final_idx": 0,
  "selection_candidate_count": 35,
  "certified": 1,
  "fallback": 0,
  "certificate_stage_reps": 6,
  "certificate_ambiguous_count": 0,
  "certificate_simulation_count": 198,
  "algorithm_simulation_count": 508,
  "exhaustive_simulation_count": 3830,
  "work_reduction": 0.8673629242819844,
  "holdout_regret_vs_exhaustive": 0.0,
  "holdout_regret_vs_oracle": 0.0,
  "hysteresis_gain_vs_best_single": 0.0016257486823444494,
  "adaptive_gain_vs_best_single": 0.0016257486823444494,
  "exhaustive_holdout_objective": 1.973599508554663,
  "adaptive_holdout_objective": 1.973599508554663,
  "single_holdout_objective": 1.9768133101889436,
  "selected_alpha_on": 3.8875864044875925,
  "selected_alpha_off": 3.8875864044875925,
  "exhaustive_alpha_on": 3.8875864044875925,
  "exhaustive_alpha_off": 3.8875864044875925,
  "pareto_count": 162,
  "distinct_weight_optima": 4,
  "robust_idx": 178,
  "robust_max_additive_regret": 0.5093464633069605,
  "equal_weight_idx": 0,
  "elapsed_seconds": 21.383326292037964
}