{
  "scenario_id": "L08",
  "design": "locked_iid59_v9",
  "K": 78.34705391753093,
  "mu_max": 235.04116175259279,
  "rho": 0.72637222308695,
  "arrival_scv": 1.0,
  "mean_jump_fraction": 0.06111879140562221,
  "tau": 0.887517775123424,
  "qH": 0.44416844570056874,
  "beta": 0.7663501711527297,
  "jump_cv": 1.2743187647629002,
  "cloud_cost_multiplier": 3.7105692804605988,
  "deactivation_mean": 0.3646457394714102,
  "lambda_H": 13.770686370874646,
  "lambda_L": 23.314708896620655,
  "mean_H": 5.506748832475201,
  "mean_L": 4.070205658786018,
  "cv_H": 1.2743187647629002,
  "cv_L": 1.2743187647629002,
  "cW": 1.0,
  "cB": 10.0,
  "cL": 2.5,
  "cC": 0.25,
  "policy_count": 190,
  "diffusion_best_idx": 2,
  "exhaustive_train_idx": 51,
  "holdout_oracle_idx": 41,
  "single_train_idx": 6,
  "selection_idx": 39,
  "final_idx": 33,
  "selection_candidate_count": 58,
  "certified": 0,
  "fallback": 1,
  "certificate_stage_reps": 20,
  "certificate_ambiguous_count": 4,
  "certificate_simulation_count": 1160,
  "algorithm_simulation_count": 1654,
  "exhaustive_simulation_count": 3830,
  "work_reduction": 0.5681462140992167,
  "holdout_regret_vs_exhaustive": 0.0,
  "holdout_regret_vs_oracle": 0.00581334666093621,
  "hysteresis_gain_vs_best_single": 0.00208832650739672,
  "adaptive_gain_vs_best_single": 0.0029452807851493385,
  "exhaustive_holdout_objective": 0.6820307612804299,
  "adaptive_holdout_objective": 0.6814450689852466,
  "single_holdout_objective": 0.6834580448321464,
  "selected_alpha_on": 31.338821567012374,
  "selected_alpha_off": 23.504116175259277,
  "exhaustive_alpha_on": 39.173526958765464,
  "exhaustive_alpha_off": 27.42146887113583,
  "pareto_count": 110,
  "distinct_weight_optima": 9,
  "robust_idx": 62,
  "robust_max_additive_regret": 0.35431317240496174,
  "equal_weight_idx": 0,
  "elapsed_seconds": 30.498360872268677
}