{
  "scenario_id": "L09",
  "design": "locked_iid59_v9",
  "K": 40.016181480721556,
  "mu_max": 120.04854444216467,
  "rho": 0.8571083462931635,
  "arrival_scv": 4.0,
  "mean_jump_fraction": 0.0832243594201903,
  "tau": 0.5383879047871885,
  "qH": 0.7127823326476874,
  "beta": 1.257470922051633,
  "jump_cv": 0.8652191394735662,
  "cloud_cost_multiplier": 0.3410355126630782,
  "deactivation_mean": 1.3970751071271619,
  "lambda_H": 19.149860031331286,
  "lambda_L": 10.439957792006943,
  "mean_H": 3.829869230701403,
  "mean_L": 2.8307729096488634,
  "cv_H": 0.8652191394735662,
  "cv_L": 0.8652191394735662,
  "cW": 1.0,
  "cB": 10.0,
  "cL": 2.5,
  "cC": 0.25,
  "policy_count": 190,
  "diffusion_best_idx": 0,
  "exhaustive_train_idx": 0,
  "holdout_oracle_idx": 0,
  "single_train_idx": 0,
  "selection_idx": 1,
  "final_idx": 1,
  "selection_candidate_count": 36,
  "certified": 1,
  "fallback": 0,
  "certificate_stage_reps": 6,
  "certificate_ambiguous_count": 0,
  "certificate_simulation_count": 195,
  "algorithm_simulation_count": 513,
  "exhaustive_simulation_count": 3830,
  "work_reduction": 0.8660574412532637,
  "holdout_regret_vs_exhaustive": 0.002568518798500555,
  "holdout_regret_vs_oracle": 0.002568518798500555,
  "hysteresis_gain_vs_best_single": 0.0036664217236203754,
  "adaptive_gain_vs_best_single": 0.0011073201982401703,
  "exhaustive_holdout_objective": 2.6722174964130474,
  "adaptive_holdout_objective": 2.6790811372862664,
  "single_holdout_objective": 2.682051026560688,
  "selected_alpha_on": 4.001618148072156,
  "selected_alpha_off": 2.000809074036078,
  "exhaustive_alpha_on": 2.000809074036078,
  "exhaustive_alpha_off": 2.000809074036078,
  "pareto_count": 179,
  "distinct_weight_optima": 4,
  "robust_idx": 180,
  "robust_max_additive_regret": 0.5402902028709126,
  "equal_weight_idx": 0,
  "elapsed_seconds": 19.35557985305786
}