{
  "scenario_id": "L10",
  "design": "locked_iid59_v9",
  "K": 35.52364301537353,
  "mu_max": 106.5709290461206,
  "rho": 0.8580533153831482,
  "arrival_scv": 4.0,
  "mean_jump_fraction": 0.08971320913013683,
  "tau": 0.7420779832115415,
  "qH": 0.656366362528857,
  "beta": 1.044537821318623,
  "jump_cv": 1.8741013520535577,
  "cloud_cost_multiplier": 0.5445096079145374,
  "deactivation_mean": 1.5282463487252445,
  "lambda_H": 16.37674595965005,
  "lambda_L": 11.599943659745305,
  "mean_H": 3.6649810171379094,
  "mean_L": 2.7088990126671506,
  "cv_H": 1.8741013520535577,
  "cv_L": 1.8741013520535577,
  "cW": 1.0,
  "cB": 10.0,
  "cL": 2.5,
  "cC": 0.25,
  "policy_count": 190,
  "diffusion_best_idx": 0,
  "exhaustive_train_idx": 0,
  "holdout_oracle_idx": 0,
  "single_train_idx": 0,
  "selection_idx": 0,
  "final_idx": 0,
  "selection_candidate_count": 36,
  "certified": 1,
  "fallback": 0,
  "certificate_stage_reps": 10,
  "certificate_ambiguous_count": 0,
  "certificate_simulation_count": 257,
  "algorithm_simulation_count": 575,
  "exhaustive_simulation_count": 3830,
  "work_reduction": 0.8498694516971279,
  "holdout_regret_vs_exhaustive": 0.0,
  "holdout_regret_vs_oracle": 0.0,
  "hysteresis_gain_vs_best_single": 0.00124345083675415,
  "adaptive_gain_vs_best_single": 0.00124345083675415,
  "exhaustive_holdout_objective": 1.0973363175674813,
  "adaptive_holdout_objective": 1.0973363175674813,
  "single_holdout_objective": 1.0987025001105877,
  "selected_alpha_on": 1.7761821507686766,
  "selected_alpha_off": 1.7761821507686766,
  "exhaustive_alpha_on": 1.7761821507686766,
  "exhaustive_alpha_off": 1.7761821507686766,
  "pareto_count": 152,
  "distinct_weight_optima": 4,
  "robust_idx": 125,
  "robust_max_additive_regret": 0.4903949780369557,
  "equal_weight_idx": 0,
  "elapsed_seconds": 14.140667200088501
}