{
  "scenario_id": "L11",
  "design": "locked_iid59_v9",
  "K": 56.80491804681005,
  "mu_max": 170.41475414043015,
  "rho": 0.8879258430554228,
  "arrival_scv": 1.0,
  "mean_jump_fraction": 0.06878838426782526,
  "tau": 0.3293115938209841,
  "qH": 0.7608036665088176,
  "beta": 1.2239867911064573,
  "jump_cv": 0.7037892901648906,
  "cloud_cost_multiplier": 1.3420469116711462,
  "deactivation_mean": 0.7693973525434297,
  "lambda_H": 25.618730135333564,
  "lambda_L": 10.89728815315147,
  "mean_H": 4.493646310542235,
  "mean_L": 3.3213907512703478,
  "cv_H": 0.7037892901648906,
  "cv_L": 0.7037892901648906,
  "cW": 1.0,
  "cB": 10.0,
  "cL": 2.5,
  "cC": 0.25,
  "policy_count": 190,
  "diffusion_best_idx": 0,
  "exhaustive_train_idx": 0,
  "holdout_oracle_idx": 0,
  "single_train_idx": 1,
  "selection_idx": 0,
  "final_idx": 0,
  "selection_candidate_count": 34,
  "certified": 1,
  "fallback": 0,
  "certificate_stage_reps": 6,
  "certificate_ambiguous_count": 0,
  "certificate_simulation_count": 198,
  "algorithm_simulation_count": 500,
  "exhaustive_simulation_count": 3830,
  "work_reduction": 0.8694516971279374,
  "holdout_regret_vs_exhaustive": 0.0,
  "holdout_regret_vs_oracle": 0.0,
  "hysteresis_gain_vs_best_single": 0.0020788737155519564,
  "adaptive_gain_vs_best_single": 0.0020788737155519564,
  "exhaustive_holdout_objective": 4.189814929269251,
  "adaptive_holdout_objective": 4.189814929269251,
  "single_holdout_objective": 4.198543170309618,
  "selected_alpha_on": 2.8402459023405027,
  "selected_alpha_off": 2.8402459023405027,
  "exhaustive_alpha_on": 2.8402459023405027,
  "exhaustive_alpha_off": 2.8402459023405027,
  "pareto_count": 121,
  "distinct_weight_optima": 3,
  "robust_idx": 152,
  "robust_max_additive_regret": 0.6782364521073808,
  "equal_weight_idx": 0,
  "elapsed_seconds": 31.00200581550598
}