{
  "scenario_id": "L12",
  "design": "locked_iid59_v9",
  "K": 57.810463205992505,
  "mu_max": 173.43138961797752,
  "rho": 0.6156924041007987,
  "arrival_scv": 1.0,
  "mean_jump_fraction": 0.07723471327497432,
  "tau": 1.2061175215894533,
  "qH": 0.7768607591719094,
  "beta": 0.767723007218956,
  "jump_cv": 1.7387701927321595,
  "cloud_cost_multiplier": 0.38566810447042693,
  "deactivation_mean": 0.6821116336119133,
  "lambda_H": 16.155405241273286,
  "lambda_L": 6.278118911096503,
  "mean_H": 5.1347207325095265,
  "mean_L": 3.7952283675070415,
  "cv_H": 1.7387701927321595,
  "cv_L": 1.7387701927321595,
  "cW": 1.0,
  "cB": 10.0,
  "cL": 2.5,
  "cC": 0.25,
  "policy_count": 190,
  "diffusion_best_idx": 0,
  "exhaustive_train_idx": 0,
  "holdout_oracle_idx": 1,
  "single_train_idx": 1,
  "selection_idx": 1,
  "final_idx": 1,
  "selection_candidate_count": 35,
  "certified": 1,
  "fallback": 0,
  "certificate_stage_reps": 10,
  "certificate_ambiguous_count": 0,
  "certificate_simulation_count": 246,
  "algorithm_simulation_count": 556,
  "exhaustive_simulation_count": 3830,
  "work_reduction": 0.8548302872062663,
  "holdout_regret_vs_exhaustive": 0.0,
  "holdout_regret_vs_oracle": 0.0,
  "hysteresis_gain_vs_best_single": 0.004863140918454408,
  "adaptive_gain_vs_best_single": 0.0056180450728785265,
  "exhaustive_holdout_objective": 0.4544667873385223,
  "adaptive_holdout_objective": 0.45412203187832734,
  "single_holdout_objective": 0.45668772409653197,
  "selected_alpha_on": 5.78104632059925,
  "selected_alpha_off": 2.8905231602996255,
  "exhaustive_alpha_on": 2.8905231602996255,
  "exhaustive_alpha_off": 2.8905231602996255,
  "pareto_count": 151,
  "distinct_weight_optima": 6,
  "robust_idx": 59,
  "robust_max_additive_regret": 0.4605685737883544,
  "equal_weight_idx": 1,
  "elapsed_seconds": 17.78581690788269
}