{
  "scenario_id": "L13",
  "design": "locked_iid59_v9",
  "K": 79.24932300431769,
  "mu_max": 237.74796901295306,
  "rho": 0.6264470805131358,
  "arrival_scv": 4.0,
  "mean_jump_fraction": 0.09765853759082453,
  "tau": 0.7308969549051259,
  "qH": 0.5630702583601395,
  "beta": 0.9447949680324412,
  "jump_cv": 0.7411232219463622,
  "cloud_cost_multiplier": 0.7051757590346523,
  "deactivation_mean": 0.47466431765044803,
  "lambda_H": 9.422370466174906,
  "lambda_L": 9.892091162148342,
  "mean_H": 8.900278938114237,
  "mean_L": 6.578467041214871,
  "cv_H": 0.7411232219463622,
  "cv_L": 0.7411232219463622,
  "cW": 1.0,
  "cB": 10.0,
  "cL": 2.5,
  "cC": 0.25,
  "policy_count": 190,
  "diffusion_best_idx": 0,
  "exhaustive_train_idx": 0,
  "holdout_oracle_idx": 0,
  "single_train_idx": 0,
  "selection_idx": 0,
  "final_idx": 0,
  "selection_candidate_count": 32,
  "certified": 1,
  "fallback": 0,
  "certificate_stage_reps": 10,
  "certificate_ambiguous_count": 0,
  "certificate_simulation_count": 207,
  "algorithm_simulation_count": 493,
  "exhaustive_simulation_count": 3830,
  "work_reduction": 0.8712793733681462,
  "holdout_regret_vs_exhaustive": 0.0,
  "holdout_regret_vs_oracle": 0.0,
  "hysteresis_gain_vs_best_single": -0.0033287177753994752,
  "adaptive_gain_vs_best_single": -0.0033287177753994752,
  "exhaustive_holdout_objective": 1.1745811747073551,
  "adaptive_holdout_objective": 1.1745811747073551,
  "single_holdout_objective": 1.1706842970782896,
  "selected_alpha_on": 3.9624661502158847,
  "selected_alpha_off": 3.9624661502158847,
  "exhaustive_alpha_on": 3.9624661502158847,
  "exhaustive_alpha_off": 3.9624661502158847,
  "pareto_count": 140,
  "distinct_weight_optima": 4,
  "robust_idx": 82,
  "robust_max_additive_regret": 0.48181744038036467,
  "equal_weight_idx": 0,
  "elapsed_seconds": 16.605715036392212
}