{
  "scenario_id": "L14",
  "design": "locked_iid59_v9",
  "K": 43.879300652161916,
  "mu_max": 131.63790195648573,
  "rho": 0.6457394607803926,
  "arrival_scv": 4.0,
  "mean_jump_fraction": 0.09974792396905482,
  "tau": 0.6136613981114897,
  "qH": 0.529205601627023,
  "beta": 0.7735403476270225,
  "jump_cv": 1.5598930233255237,
  "cloud_cost_multiplier": 0.8779932642228508,
  "deactivation_mean": 0.8893910827769153,
  "lambda_H": 8.93719652601787,
  "lambda_L": 10.756898655317077,
  "mean_H": 5.033399517057216,
  "mean_L": 3.7203387734770725,
  "cv_H": 1.5598930233255237,
  "cv_L": 1.5598930233255237,
  "cW": 1.0,
  "cB": 10.0,
  "cL": 2.5,
  "cC": 0.25,
  "policy_count": 190,
  "diffusion_best_idx": 0,
  "exhaustive_train_idx": 0,
  "holdout_oracle_idx": 0,
  "single_train_idx": 0,
  "selection_idx": 0,
  "final_idx": 0,
  "selection_candidate_count": 34,
  "certified": 1,
  "fallback": 0,
  "certificate_stage_reps": 10,
  "certificate_ambiguous_count": 0,
  "certificate_simulation_count": 233,
  "algorithm_simulation_count": 535,
  "exhaustive_simulation_count": 3830,
  "work_reduction": 0.860313315926893,
  "holdout_regret_vs_exhaustive": 0.0,
  "holdout_regret_vs_oracle": 0.0,
  "hysteresis_gain_vs_best_single": -0.003687188051672747,
  "adaptive_gain_vs_best_single": -0.003687188051672747,
  "exhaustive_holdout_objective": 0.8013160189996197,
  "adaptive_holdout_objective": 0.8013160189996197,
  "single_holdout_objective": 0.7983722703037688,
  "selected_alpha_on": 2.1939650326080957,
  "selected_alpha_off": 2.1939650326080957,
  "exhaustive_alpha_on": 2.1939650326080957,
  "exhaustive_alpha_off": 2.1939650326080957,
  "pareto_count": 139,
  "distinct_weight_optima": 3,
  "robust_idx": 81,
  "robust_max_additive_regret": 0.4758241700892707,
  "equal_weight_idx": 0,
  "elapsed_seconds": 15.509621381759644
}