{
  "scenario_id": "L15",
  "design": "locked_iid59_v9",
  "K": 43.44860917407923,
  "mu_max": 130.3458275222377,
  "rho": 0.6988245493981967,
  "arrival_scv": 1.0,
  "mean_jump_fraction": 0.08239572009080923,
  "tau": 1.1328339175480702,
  "qH": 0.7106687321271654,
  "beta": 0.6521238105092972,
  "jump_cv": 1.5683165816040705,
  "cloud_cost_multiplier": 1.7198638261476096,
  "deactivation_mean": 1.7670783401787866,
  "lambda_H": 15.723677287864502,
  "lambda_L": 8.660863595764932,
  "mean_H": 4.116976355818758,
  "mean_L": 3.0429825238660384,
  "cv_H": 1.5683165816040705,
  "cv_L": 1.5683165816040705,
  "cW": 1.0,
  "cB": 10.0,
  "cL": 2.5,
  "cC": 0.25,
  "policy_count": 190,
  "diffusion_best_idx": 0,
  "exhaustive_train_idx": 182,
  "holdout_oracle_idx": 186,
  "single_train_idx": 17,
  "selection_idx": 182,
  "final_idx": 182,
  "selection_candidate_count": 53,
  "certified": 1,
  "fallback": 0,
  "certificate_stage_reps": 10,
  "certificate_ambiguous_count": 0,
  "certificate_simulation_count": 450,
  "algorithm_simulation_count": 904,
  "exhaustive_simulation_count": 3830,
  "work_reduction": 0.7639686684073107,
  "holdout_regret_vs_exhaustive": 0.0,
  "holdout_regret_vs_oracle": 0.0004956682067835574,
  "hysteresis_gain_vs_best_single": -0.001217027341301454,
  "adaptive_gain_vs_best_single": -0.001217027341301454,
  "exhaustive_holdout_objective": 0.6322920263804951,
  "adaptive_holdout_objective": 0.6322920263804951,
  "single_holdout_objective": 0.6315234450811584,
  "selected_alpha_on": 41.276178715375266,
  "selected_alpha_off": 26.069165504447536,
  "exhaustive_alpha_on": 41.276178715375266,
  "exhaustive_alpha_off": 26.069165504447536,
  "pareto_count": 136,
  "distinct_weight_optima": 7,
  "robust_idx": 71,
  "robust_max_additive_regret": 0.4914356360415415,
  "equal_weight_idx": 0,
  "elapsed_seconds": 19.82879090309143
}