{
  "scenario_id": "L16",
  "design": "locked_iid59_v9",
  "K": 64.00423409856708,
  "mu_max": 192.01270229570125,
  "rho": 0.8302087970989775,
  "arrival_scv": 4.0,
  "mean_jump_fraction": 0.09361838240514282,
  "tau": 3.2668022547867825,
  "qH": 0.23890760827304602,
  "beta": 1.3536712357983585,
  "jump_cv": 0.7538453012082791,
  "cloud_cost_multiplier": 1.147346559593217,
  "deactivation_mean": 1.0229327436249025,
  "lambda_H": 5.526874372129447,
  "lambda_L": 23.82132463293212,
  "mean_H": 6.890768792896124,
  "mean_L": 5.093176933879745,
  "cv_H": 0.7538453012082791,
  "cv_L": 0.7538453012082791,
  "cW": 1.0,
  "cB": 10.0,
  "cL": 2.5,
  "cC": 0.25,
  "policy_count": 190,
  "diffusion_best_idx": 0,
  "exhaustive_train_idx": 0,
  "holdout_oracle_idx": 1,
  "single_train_idx": 0,
  "selection_idx": 0,
  "final_idx": 0,
  "selection_candidate_count": 34,
  "certified": 0,
  "fallback": 1,
  "certificate_stage_reps": 20,
  "certificate_ambiguous_count": 2,
  "certificate_simulation_count": 680,
  "algorithm_simulation_count": 982,
  "exhaustive_simulation_count": 3830,
  "work_reduction": 0.743603133159269,
  "holdout_regret_vs_exhaustive": 0.0,
  "holdout_regret_vs_oracle": 0.007020638756939141,
  "hysteresis_gain_vs_best_single": -0.004285492868193448,
  "adaptive_gain_vs_best_single": -0.004285492868193448,
  "exhaustive_holdout_objective": 3.9466094624787735,
  "adaptive_holdout_objective": 3.9466094624787735,
  "single_holdout_objective": 3.9297684677366367,
  "selected_alpha_on": 3.2002117049283543,
  "selected_alpha_off": 3.2002117049283543,
  "exhaustive_alpha_on": 3.2002117049283543,
  "exhaustive_alpha_off": 3.2002117049283543,
  "pareto_count": 136,
  "distinct_weight_optima": 5,
  "robust_idx": 144,
  "robust_max_additive_regret": 0.46619756346241614,
  "equal_weight_idx": 1,
  "elapsed_seconds": 23.647783994674683
}