{
  "scenario_id": "L17",
  "design": "locked_iid59_v9",
  "K": 73.63196469191371,
  "mu_max": 220.89589407574113,
  "rho": 0.592861842150558,
  "arrival_scv": 4.0,
  "mean_jump_fraction": 0.08273476216465196,
  "tau": 1.1164948098629477,
  "qH": 0.5065959655783125,
  "beta": 1.297676910571464,
  "jump_cv": 1.0785254804570916,
  "cloud_cost_multiplier": 0.7937955688920091,
  "deactivation_mean": 1.0231987930864004,
  "lambda_H": 9.470013923827658,
  "lambda_L": 12.478733262707161,
  "mean_H": 7.005711549476761,
  "mean_L": 5.178134623526302,
  "cv_H": 1.0785254804570916,
  "cv_L": 1.0785254804570916,
  "cW": 1.0,
  "cB": 10.0,
  "cL": 2.5,
  "cC": 0.25,
  "policy_count": 190,
  "diffusion_best_idx": 0,
  "exhaustive_train_idx": 1,
  "holdout_oracle_idx": 0,
  "single_train_idx": 0,
  "selection_idx": 0,
  "final_idx": 0,
  "selection_candidate_count": 33,
  "certified": 1,
  "fallback": 0,
  "certificate_stage_reps": 20,
  "certificate_ambiguous_count": 0,
  "certificate_simulation_count": 282,
  "algorithm_simulation_count": 576,
  "exhaustive_simulation_count": 3830,
  "work_reduction": 0.8496083550913838,
  "holdout_regret_vs_exhaustive": 0.0,
  "holdout_regret_vs_oracle": 0.0,
  "hysteresis_gain_vs_best_single": -0.030341053696463536,
  "adaptive_gain_vs_best_single": -0.0008124104822592038,
  "exhaustive_holdout_objective": 1.2389687311866444,
  "adaptive_holdout_objective": 1.2034610073261685,
  "single_holdout_objective": 1.202484096641307,
  "selected_alpha_on": 3.6815982345956857,
  "selected_alpha_off": 3.6815982345956857,
  "exhaustive_alpha_on": 7.363196469191371,
  "exhaustive_alpha_off": 3.6815982345956857,
  "pareto_count": 128,
  "distinct_weight_optima": 6,
  "robust_idx": 53,
  "robust_max_additive_regret": 0.4697272136498737,
  "equal_weight_idx": 0,
  "elapsed_seconds": 17.59488558769226
}