{
  "scenario_id": "L18",
  "design": "locked_iid59_v9",
  "K": 34.3305943490299,
  "mu_max": 102.99178304708971,
  "rho": 0.8854061285023473,
  "arrival_scv": 1.0,
  "mean_jump_fraction": 0.05049497506839089,
  "tau": 0.7348087053343253,
  "qH": 0.6306399406500064,
  "beta": 0.7043072843210891,
  "jump_cv": 0.9200171762543612,
  "cloud_cost_multiplier": 2.2088527571112118,
  "deactivation_mean": 0.6150433984928285,
  "lambda_H": 28.84690661700275,
  "lambda_L": 22.85844177770659,
  "mean_H": 1.9935508815979017,
  "mean_L": 1.4734941298767101,
  "cv_H": 0.9200171762543612,
  "cv_L": 0.9200171762543612,
  "cW": 1.0,
  "cB": 10.0,
  "cL": 2.5,
  "cC": 0.25,
  "policy_count": 190,
  "diffusion_best_idx": 0,
  "exhaustive_train_idx": 0,
  "holdout_oracle_idx": 0,
  "single_train_idx": 0,
  "selection_idx": 0,
  "final_idx": 0,
  "selection_candidate_count": 33,
  "certified": 1,
  "fallback": 0,
  "certificate_stage_reps": 10,
  "certificate_ambiguous_count": 0,
  "certificate_simulation_count": 209,
  "algorithm_simulation_count": 503,
  "exhaustive_simulation_count": 3830,
  "work_reduction": 0.8686684073107049,
  "holdout_regret_vs_exhaustive": 0.0,
  "holdout_regret_vs_oracle": 0.0,
  "hysteresis_gain_vs_best_single": -0.001159488078773653,
  "adaptive_gain_vs_best_single": -0.001159488078773653,
  "exhaustive_holdout_objective": 0.8561888569650713,
  "adaptive_holdout_objective": 0.8561888569650713,
  "single_holdout_objective": 0.8551972659302254,
  "selected_alpha_on": 1.716529717451495,
  "selected_alpha_off": 1.716529717451495,
  "exhaustive_alpha_on": 1.716529717451495,
  "exhaustive_alpha_off": 1.716529717451495,
  "pareto_count": 124,
  "distinct_weight_optima": 9,
  "robust_idx": 141,
  "robust_max_additive_regret": 0.45594057037558705,
  "equal_weight_idx": 0,
  "elapsed_seconds": 39.88095211982727
}