{
  "scenario_id": "L19",
  "design": "locked_iid59_v9",
  "K": 49.77572392884301,
  "mu_max": 149.32717178652902,
  "rho": 0.5940468874326628,
  "arrival_scv": 4.0,
  "mean_jump_fraction": 0.07929375904911981,
  "tau": 0.43838951380576585,
  "qH": 0.5288356731603635,
  "beta": 1.0234232847102516,
  "jump_cv": 1.874677376375581,
  "cloud_cost_multiplier": 2.9459446165816097,
  "deactivation_mean": 1.4500183778511757,
  "lambda_H": 10.335366354554772,
  "lambda_L": 12.458232980079307,
  "mean_H": 4.5389398986655625,
  "mean_L": 3.354868620752807,
  "cv_H": 1.874677376375581,
  "cv_L": 1.874677376375581,
  "cW": 1.0,
  "cB": 10.0,
  "cL": 2.5,
  "cC": 0.25,
  "policy_count": 190,
  "diffusion_best_idx": 0,
  "exhaustive_train_idx": 60,
  "holdout_oracle_idx": 75,
  "single_train_idx": 11,
  "selection_idx": 117,
  "final_idx": 117,
  "selection_candidate_count": 48,
  "certified": 1,
  "fallback": 0,
  "certificate_stage_reps": 10,
  "certificate_ambiguous_count": 0,
  "certificate_simulation_count": 400,
  "algorithm_simulation_count": 814,
  "exhaustive_simulation_count": 3830,
  "work_reduction": 0.787467362924282,
  "holdout_regret_vs_exhaustive": 0.007622323203206038,
  "holdout_regret_vs_oracle": 0.01592060528973842,
  "hysteresis_gain_vs_best_single": -0.0023389804293048066,
  "adaptive_gain_vs_best_single": -0.00997913209730898,
  "exhaustive_holdout_objective": 1.0195645788179342,
  "adaptive_holdout_objective": 1.027336029564225,
  "single_holdout_objective": 1.017185402069519,
  "selected_alpha_on": 37.331792946632255,
  "selected_alpha_off": 32.35422055374795,
  "exhaustive_alpha_on": 27.376648160863652,
  "exhaustive_alpha_off": 14.932717178652902,
  "pareto_count": 123,
  "distinct_weight_optima": 6,
  "robust_idx": 64,
  "robust_max_additive_regret": 0.4818761479933446,
  "equal_weight_idx": 0,
  "elapsed_seconds": 17.20698380470276
}