{
  "scenario_id": "L20",
  "design": "locked_iid59_v9",
  "K": 41.2423276438044,
  "mu_max": 123.7269829314132,
  "rho": 0.8743970781283346,
  "arrival_scv": 4.0,
  "mean_jump_fraction": 0.06989145537081196,
  "tau": 1.5023435108970666,
  "qH": 0.5469341733462232,
  "beta": 0.7092339652275008,
  "jump_cv": 0.5885330156208508,
  "cloud_cost_multiplier": 0.8929505175189961,
  "deactivation_mean": 1.7373177169636003,
  "lambda_H": 17.850200051612244,
  "lambda_L": 20.00544649215345,
  "mean_H": 3.3148592471911633,
  "mean_L": 2.4501133566195556,
  "cv_H": 0.5885330156208508,
  "cv_L": 0.5885330156208508,
  "cW": 1.0,
  "cB": 10.0,
  "cL": 2.5,
  "cC": 0.25,
  "policy_count": 190,
  "diffusion_best_idx": 0,
  "exhaustive_train_idx": 0,
  "holdout_oracle_idx": 1,
  "single_train_idx": 0,
  "selection_idx": 0,
  "final_idx": 0,
  "selection_candidate_count": 34,
  "certified": 0,
  "fallback": 1,
  "certificate_stage_reps": 20,
  "certificate_ambiguous_count": 1,
  "certificate_simulation_count": 680,
  "algorithm_simulation_count": 982,
  "exhaustive_simulation_count": 3830,
  "work_reduction": 0.743603133159269,
  "holdout_regret_vs_exhaustive": 0.0,
  "holdout_regret_vs_oracle": 0.013094948496229749,
  "hysteresis_gain_vs_best_single": -0.014913041703538323,
  "adaptive_gain_vs_best_single": -0.014913041703538323,
  "exhaustive_holdout_objective": 1.294679010030938,
  "adaptive_holdout_objective": 1.294679010030938,
  "single_holdout_objective": 1.2756551121441997,
  "selected_alpha_on": 2.06211638219022,
  "selected_alpha_off": 2.06211638219022,
  "exhaustive_alpha_on": 2.06211638219022,
  "exhaustive_alpha_off": 2.06211638219022,
  "pareto_count": 150,
  "distinct_weight_optima": 4,
  "robust_idx": 82,
  "robust_max_additive_regret": 0.508815235202712,
  "equal_weight_idx": 1,
  "elapsed_seconds": 29.91814947128296
}