{
  "scenario_id": "L21",
  "design": "locked_iid59_v9",
  "K": 33.132409432138296,
  "mu_max": 99.39722829641488,
  "rho": 0.8130388619905935,
  "arrival_scv": 4.0,
  "mean_jump_fraction": 0.07827368118547257,
  "tau": 0.5982033026324379,
  "qH": 0.5153556462883256,
  "beta": 1.3899001449481583,
  "jump_cv": 0.5486059235607108,
  "cloud_cost_multiplier": 0.4345834182497842,
  "deactivation_mean": 1.8662271490348685,
  "lambda_H": 13.964519557735539,
  "lambda_L": 17.767283497842385,
  "mean_H": 2.9824050007173977,
  "mean_L": 2.2043863048780765,
  "cv_H": 0.5486059235607108,
  "cv_L": 0.5486059235607108,
  "cW": 1.0,
  "cB": 10.0,
  "cL": 2.5,
  "cC": 0.25,
  "policy_count": 190,
  "diffusion_best_idx": 0,
  "exhaustive_train_idx": 0,
  "holdout_oracle_idx": 0,
  "single_train_idx": 0,
  "selection_idx": 0,
  "final_idx": 0,
  "selection_candidate_count": 33,
  "certified": 1,
  "fallback": 0,
  "certificate_stage_reps": 15,
  "certificate_ambiguous_count": 0,
  "certificate_simulation_count": 240,
  "algorithm_simulation_count": 534,
  "exhaustive_simulation_count": 3830,
  "work_reduction": 0.8605744125326371,
  "holdout_regret_vs_exhaustive": 0.0,
  "holdout_regret_vs_oracle": 0.0,
  "hysteresis_gain_vs_best_single": -0.015776311422487407,
  "adaptive_gain_vs_best_single": -0.015776311422487407,
  "exhaustive_holdout_objective": 1.858762819652507,
  "adaptive_holdout_objective": 1.858762819652507,
  "single_holdout_objective": 1.829893844491713,
  "selected_alpha_on": 1.6566204716069148,
  "selected_alpha_off": 1.6566204716069148,
  "exhaustive_alpha_on": 1.6566204716069148,
  "exhaustive_alpha_off": 1.6566204716069148,
  "pareto_count": 167,
  "distinct_weight_optima": 3,
  "robust_idx": 176,
  "robust_max_additive_regret": 0.5255994927385643,
  "equal_weight_idx": 0,
  "elapsed_seconds": 24.948512077331543
}