{
  "scenario_id": "L22",
  "design": "locked_iid59_v9",
  "K": 34.929970902723156,
  "mu_max": 104.78991270816947,
  "rho": 0.7694907486655252,
  "arrival_scv": 4.0,
  "mean_jump_fraction": 0.08651966898636726,
  "tau": 0.6369455898026719,
  "qH": 0.46153511368890004,
  "beta": 1.0092590004950497,
  "jump_cv": 1.2056062007260642,
  "cloud_cost_multiplier": 2.4772215072634003,
  "deactivation_mean": 0.36616636171543404,
  "lambda_H": 10.70820596142816,
  "lambda_L": 16.902395925836007,
  "mean_H": 3.475448948238104,
  "mean_L": 2.56881009217599,
  "cv_H": 1.2056062007260642,
  "cv_L": 1.2056062007260642,
  "cW": 1.0,
  "cB": 10.0,
  "cL": 2.5,
  "cC": 0.25,
  "policy_count": 190,
  "diffusion_best_idx": 0,
  "exhaustive_train_idx": 0,
  "holdout_oracle_idx": 0,
  "single_train_idx": 0,
  "selection_idx": 0,
  "final_idx": 0,
  "selection_candidate_count": 33,
  "certified": 1,
  "fallback": 0,
  "certificate_stage_reps": 20,
  "certificate_ambiguous_count": 0,
  "certificate_simulation_count": 253,
  "algorithm_simulation_count": 547,
  "exhaustive_simulation_count": 3830,
  "work_reduction": 0.8571801566579634,
  "holdout_regret_vs_exhaustive": 0.0,
  "holdout_regret_vs_oracle": 0.0,
  "hysteresis_gain_vs_best_single": 0.002452630516524266,
  "adaptive_gain_vs_best_single": 0.002452630516524266,
  "exhaustive_holdout_objective": 1.4574780961953904,
  "adaptive_holdout_objective": 1.4574780961953904,
  "single_holdout_objective": 1.4610615403156886,
  "selected_alpha_on": 1.7464985451361579,
  "selected_alpha_off": 1.7464985451361579,
  "exhaustive_alpha_on": 1.7464985451361579,
  "exhaustive_alpha_off": 1.7464985451361579,
  "pareto_count": 134,
  "distinct_weight_optima": 7,
  "robust_idx": 111,
  "robust_max_additive_regret": 0.4667653255845378,
  "equal_weight_idx": 0,
  "elapsed_seconds": 22.992692947387695
}