{
  "scenario_id": "L23",
  "design": "locked_iid59_v9",
  "K": 56.85885626848693,
  "mu_max": 170.5765688054608,
  "rho": 0.7942170277215743,
  "arrival_scv": 1.0,
  "mean_jump_fraction": 0.07817095563869071,
  "tau": 0.7910181996937988,
  "qH": 0.7853022190586161,
  "beta": 1.073160609571996,
  "jump_cv": 1.12565242682167,
  "cloud_cost_multiplier": 1.1284019301305295,
  "deactivation_mean": 0.9736909166673968,
  "lambda_H": 20.813926266269608,
  "lambda_L": 7.698810986968777,
  "mean_H": 5.111417800685171,
  "mean_L": 3.7780044613759958,
  "cv_H": 1.12565242682167,
  "cv_L": 1.12565242682167,
  "cW": 1.0,
  "cB": 10.0,
  "cL": 2.5,
  "cC": 0.25,
  "policy_count": 190,
  "diffusion_best_idx": 0,
  "exhaustive_train_idx": 0,
  "holdout_oracle_idx": 1,
  "single_train_idx": 0,
  "selection_idx": 0,
  "final_idx": 0,
  "selection_candidate_count": 34,
  "certified": 1,
  "fallback": 0,
  "certificate_stage_reps": 15,
  "certificate_ambiguous_count": 0,
  "certificate_simulation_count": 258,
  "algorithm_simulation_count": 560,
  "exhaustive_simulation_count": 3830,
  "work_reduction": 0.8537859007832898,
  "holdout_regret_vs_exhaustive": 0.0,
  "holdout_regret_vs_oracle": 0.0015733370227138748,
  "hysteresis_gain_vs_best_single": -0.0018494207774822208,
  "adaptive_gain_vs_best_single": -0.0018494207774822208,
  "exhaustive_holdout_objective": 1.5647924862102376,
  "adaptive_holdout_objective": 1.5647924862102376,
  "single_holdout_objective": 1.5619038687429545,
  "selected_alpha_on": 2.842942813424347,
  "selected_alpha_off": 2.842942813424347,
  "exhaustive_alpha_on": 2.842942813424347,
  "exhaustive_alpha_off": 2.842942813424347,
  "pareto_count": 140,
  "distinct_weight_optima": 4,
  "robust_idx": 179,
  "robust_max_additive_regret": 0.5067781115930844,
  "equal_weight_idx": 1,
  "elapsed_seconds": 23.897900819778442
}