{
  "scenario_id": "L24",
  "design": "locked_iid59_v9",
  "K": 62.26061135548151,
  "mu_max": 186.78183406644453,
  "rho": 0.8431710087973165,
  "arrival_scv": 4.0,
  "mean_jump_fraction": 0.07947755347066682,
  "tau": 0.5372611077557867,
  "qH": 0.38298349820706207,
  "beta": 0.6449839380339732,
  "jump_cv": 1.9779904920654805,
  "cloud_cost_multiplier": 0.5289834741284115,
  "deactivation_mean": 0.770272877905122,
  "lambda_H": 10.599238185785017,
  "lambda_L": 23.103101377141922,
  "mean_H": 5.69056922833994,
  "mean_L": 4.206072907903434,
  "cv_H": 1.9779904920654805,
  "cv_L": 1.9779904920654805,
  "cW": 1.0,
  "cB": 10.0,
  "cL": 2.5,
  "cC": 0.25,
  "policy_count": 190,
  "diffusion_best_idx": 0,
  "exhaustive_train_idx": 0,
  "holdout_oracle_idx": 0,
  "single_train_idx": 0,
  "selection_idx": 0,
  "final_idx": 0,
  "selection_candidate_count": 34,
  "certified": 1,
  "fallback": 0,
  "certificate_stage_reps": 10,
  "certificate_ambiguous_count": 0,
  "certificate_simulation_count": 223,
  "algorithm_simulation_count": 525,
  "exhaustive_simulation_count": 3830,
  "work_reduction": 0.8629242819843342,
  "holdout_regret_vs_exhaustive": 0.0,
  "holdout_regret_vs_oracle": 0.0,
  "hysteresis_gain_vs_best_single": 0.006118780363247878,
  "adaptive_gain_vs_best_single": 0.006118780363247878,
  "exhaustive_holdout_objective": 0.6446944009453162,
  "adaptive_holdout_objective": 0.6446944009453162,
  "single_holdout_objective": 0.6486634300031766,
  "selected_alpha_on": 3.1130305677740755,
  "selected_alpha_off": 3.1130305677740755,
  "exhaustive_alpha_on": 3.1130305677740755,
  "exhaustive_alpha_off": 3.1130305677740755,
  "pareto_count": 135,
  "distinct_weight_optima": 3,
  "robust_idx": 81,
  "robust_max_additive_regret": 0.47690261837591863,
  "equal_weight_idx": 0,
  "elapsed_seconds": 24.385818481445312
}