{
  "scenario_id": "L25",
  "design": "locked_iid59_v9",
  "K": 34.89052972860438,
  "mu_max": 104.67158918581313,
  "rho": 0.6148486647007947,
  "arrival_scv": 1.0,
  "mean_jump_fraction": 0.07260194975324316,
  "tau": 0.28687971522845895,
  "qH": 0.6702997617096544,
  "beta": 0.9226208994414129,
  "jump_cv": 0.9253701174722492,
  "cloud_cost_multiplier": 0.6873180297811542,
  "deactivation_mean": 1.2838615485474503,
  "lambda_H": 14.808546368982151,
  "lambda_L": 9.85465762056394,
  "mean_H": 2.9130885591531976,
  "mean_L": 2.1531524132871462,
  "cv_H": 0.9253701174722492,
  "cv_L": 0.9253701174722492,
  "cW": 1.0,
  "cB": 10.0,
  "cL": 2.5,
  "cC": 0.25,
  "policy_count": 190,
  "diffusion_best_idx": 0,
  "exhaustive_train_idx": 0,
  "holdout_oracle_idx": 0,
  "single_train_idx": 0,
  "selection_idx": 4,
  "final_idx": 2,
  "selection_candidate_count": 34,
  "certified": 0,
  "fallback": 1,
  "certificate_stage_reps": 20,
  "certificate_ambiguous_count": 5,
  "certificate_simulation_count": 680,
  "algorithm_simulation_count": 982,
  "exhaustive_simulation_count": 3830,
  "work_reduction": 0.743603133159269,
  "holdout_regret_vs_exhaustive": 0.0031886753074341994,
  "holdout_regret_vs_oracle": 0.0031886753074341994,
  "hysteresis_gain_vs_best_single": 0.014625562509370625,
  "adaptive_gain_vs_best_single": 0.011483523371967392,
  "exhaustive_holdout_objective": 0.2890280880757112,
  "adaptive_holdout_objective": 0.2899497048033131,
  "single_holdout_objective": 0.2933180292475973,
  "selected_alpha_on": 3.489052972860438,
  "selected_alpha_off": 3.489052972860438,
  "exhaustive_alpha_on": 1.744526486430219,
  "exhaustive_alpha_off": 1.744526486430219,
  "pareto_count": 109,
  "distinct_weight_optima": 11,
  "robust_idx": 43,
  "robust_max_additive_regret": 0.37633315929003763,
  "equal_weight_idx": 2,
  "elapsed_seconds": 21.321741580963135
}