{
  "scenario_id": "L26",
  "design": "locked_iid59_v9",
  "K": 59.19437447036439,
  "mu_max": 177.58312341109317,
  "rho": 0.7306160438621324,
  "arrival_scv": 1.0,
  "mean_jump_fraction": 0.0912256028664278,
  "tau": 1.4712858825852138,
  "qH": 0.70640725725935,
  "beta": 0.8434847163709132,
  "jump_cv": 1.6829322463489471,
  "cloud_cost_multiplier": 1.089337912621086,
  "deactivation_mean": 0.4053535725141171,
  "lambda_H": 14.758799382707506,
  "lambda_L": 8.298891905516088,
  "mean_H": 6.2100488719640845,
  "mean_L": 4.590036122756063,
  "cv_H": 1.6829322463489471,
  "cv_L": 1.6829322463489471,
  "cW": 1.0,
  "cB": 10.0,
  "cL": 2.5,
  "cC": 0.25,
  "policy_count": 190,
  "diffusion_best_idx": 0,
  "exhaustive_train_idx": 2,
  "holdout_oracle_idx": 0,
  "single_train_idx": 1,
  "selection_idx": 0,
  "final_idx": 0,
  "selection_candidate_count": 36,
  "certified": 1,
  "fallback": 0,
  "certificate_stage_reps": 10,
  "certificate_ambiguous_count": 0,
  "certificate_simulation_count": 264,
  "algorithm_simulation_count": 582,
  "exhaustive_simulation_count": 3830,
  "work_reduction": 0.8480417754569191,
  "holdout_regret_vs_exhaustive": 0.0,
  "holdout_regret_vs_oracle": 0.0,
  "hysteresis_gain_vs_best_single": -0.003082009615721858,
  "adaptive_gain_vs_best_single": 0.004775283201896993,
  "exhaustive_holdout_objective": 0.799935398158962,
  "adaptive_holdout_objective": 0.793669383418132,
  "single_holdout_objective": 0.79747756463643,
  "selected_alpha_on": 2.9597187235182196,
  "selected_alpha_off": 2.9597187235182196,
  "exhaustive_alpha_on": 5.919437447036438,
  "exhaustive_alpha_off": 5.919437447036438,
  "pareto_count": 128,
  "distinct_weight_optima": 8,
  "robust_idx": 95,
  "robust_max_additive_regret": 0.4564900802353773,
  "equal_weight_idx": 0,
  "elapsed_seconds": 18.1278235912323
}