{
  "scenario_id": "L27",
  "design": "locked_iid59_v9",
  "K": 50.19496909079598,
  "mu_max": 150.58490727238794,
  "rho": 0.782472040273713,
  "arrival_scv": 1.0,
  "mean_jump_fraction": 0.08552253326556192,
  "tau": 2.1111654502790165,
  "qH": 0.3402394947530948,
  "beta": 0.9367134733341709,
  "jump_cv": 0.9507819794181183,
  "cloud_cost_multiplier": 1.0821175772241678,
  "deactivation_mean": 1.1146737673329543,
  "lambda_H": 8.120755044230693,
  "lambda_L": 21.304773164127386,
  "mean_H": 4.9367210509061685,
  "mean_L": 3.6488807767567333,
  "cv_H": 0.9507819794181183,
  "cv_L": 0.9507819794181183,
  "cW": 1.0,
  "cB": 10.0,
  "cL": 2.5,
  "cC": 0.25,
  "policy_count": 190,
  "diffusion_best_idx": 0,
  "exhaustive_train_idx": 0,
  "holdout_oracle_idx": 3,
  "single_train_idx": 0,
  "selection_idx": 0,
  "final_idx": 3,
  "selection_candidate_count": 34,
  "certified": 0,
  "fallback": 1,
  "certificate_stage_reps": 20,
  "certificate_ambiguous_count": 3,
  "certificate_simulation_count": 680,
  "algorithm_simulation_count": 982,
  "exhaustive_simulation_count": 3830,
  "work_reduction": 0.743603133159269,
  "holdout_regret_vs_exhaustive": 0.0,
  "holdout_regret_vs_oracle": 0.0,
  "hysteresis_gain_vs_best_single": -0.03570138590173788,
  "adaptive_gain_vs_best_single": -0.03481679026598496,
  "exhaustive_holdout_objective": 1.3371415200085124,
  "adaptive_holdout_objective": 1.3359994634571892,
  "single_holdout_objective": 1.2910492717399662,
  "selected_alpha_on": 7.529245363619397,
  "selected_alpha_off": 2.5097484545397992,
  "exhaustive_alpha_on": 2.5097484545397992,
  "exhaustive_alpha_off": 2.5097484545397992,
  "pareto_count": 91,
  "distinct_weight_optima": 8,
  "robust_idx": 61,
  "robust_max_additive_regret": 0.41245773070103736,
  "equal_weight_idx": 3,
  "elapsed_seconds": 22.808418035507202
}