{
  "scenario_id": "L28",
  "design": "locked_iid59_v9",
  "K": 36.13055066966574,
  "mu_max": 108.39165200899721,
  "rho": 0.5936399856160182,
  "arrival_scv": 4.0,
  "mean_jump_fraction": 0.07406063999587963,
  "tau": 3.9777947246699723,
  "qH": 0.6192319645254565,
  "beta": 0.8293836937951778,
  "jump_cv": 1.3018684140240984,
  "cloud_cost_multiplier": 0.317855013453126,
  "deactivation_mean": 1.3883535436587442,
  "lambda_H": 12.948291440083443,
  "lambda_L": 10.772053396246639,
  "mean_H": 3.0772294618988516,
  "mean_L": 2.2744739500991513,
  "cv_H": 1.3018684140240984,
  "cv_L": 1.3018684140240984,
  "cW": 1.0,
  "cB": 10.0,
  "cL": 2.5,
  "cC": 0.25,
  "policy_count": 190,
  "diffusion_best_idx": 0,
  "exhaustive_train_idx": 0,
  "holdout_oracle_idx": 3,
  "single_train_idx": 0,
  "selection_idx": 0,
  "final_idx": 0,
  "selection_candidate_count": 34,
  "certified": 1,
  "fallback": 0,
  "certificate_stage_reps": 20,
  "certificate_ambiguous_count": 0,
  "certificate_simulation_count": 403,
  "algorithm_simulation_count": 705,
  "exhaustive_simulation_count": 3830,
  "work_reduction": 0.8159268929503917,
  "holdout_regret_vs_exhaustive": 0.0,
  "holdout_regret_vs_oracle": 0.00011856300626984372,
  "hysteresis_gain_vs_best_single": -0.005967860124389208,
  "adaptive_gain_vs_best_single": -0.005967860124389208,
  "exhaustive_holdout_objective": 0.8044811094387815,
  "adaptive_holdout_objective": 0.8044811094387815,
  "single_holdout_objective": 0.7997085606087916,
  "selected_alpha_on": 1.8065275334832869,
  "selected_alpha_off": 1.8065275334832869,
  "exhaustive_alpha_on": 1.8065275334832869,
  "exhaustive_alpha_off": 1.8065275334832869,
  "pareto_count": 118,
  "distinct_weight_optima": 7,
  "robust_idx": 81,
  "robust_max_additive_regret": 0.4675531646809747,
  "equal_weight_idx": 3,
  "elapsed_seconds": 19.002357482910156
}