{
  "scenario_id": "L29",
  "design": "locked_iid59_v9",
  "K": 72.10311919046991,
  "mu_max": 216.30935757140975,
  "rho": 0.6658892327498236,
  "arrival_scv": 4.0,
  "mean_jump_fraction": 0.052655627669748295,
  "tau": 2.5436869481394093,
  "qH": 0.26505001539678436,
  "beta": 0.8295793896999368,
  "jump_cv": 0.5770291426131106,
  "cloud_cost_multiplier": 0.3703997226656858,
  "deactivation_mean": 1.8473773567240792,
  "lambda_H": 8.743965726158375,
  "lambda_L": 32.80328314470078,
  "mean_H": 4.3661302476089965,
  "mean_L": 3.227139748232737,
  "cv_H": 0.5770291426131106,
  "cv_L": 0.5770291426131106,
  "cW": 1.0,
  "cB": 10.0,
  "cL": 2.5,
  "cC": 0.25,
  "policy_count": 190,
  "diffusion_best_idx": 0,
  "exhaustive_train_idx": 0,
  "holdout_oracle_idx": 0,
  "single_train_idx": 0,
  "selection_idx": 0,
  "final_idx": 1,
  "selection_candidate_count": 32,
  "certified": 0,
  "fallback": 1,
  "certificate_stage_reps": 20,
  "certificate_ambiguous_count": 7,
  "certificate_simulation_count": 640,
  "algorithm_simulation_count": 926,
  "exhaustive_simulation_count": 3830,
  "work_reduction": 0.75822454308094,
  "holdout_regret_vs_exhaustive": 0.03932845511201099,
  "holdout_regret_vs_oracle": 0.03932845511201099,
  "hysteresis_gain_vs_best_single": -0.004191923501086563,
  "adaptive_gain_vs_best_single": -0.04368524048834302,
  "exhaustive_holdout_objective": 0.9568587303564781,
  "adaptive_holdout_objective": 0.9944905059818386,
  "single_holdout_objective": 0.9528643957027829,
  "selected_alpha_on": 7.21031191904699,
  "selected_alpha_off": 3.6051559595234957,
  "exhaustive_alpha_on": 3.6051559595234957,
  "exhaustive_alpha_off": 3.6051559595234957,
  "pareto_count": 88,
  "distinct_weight_optima": 3,
  "robust_idx": 47,
  "robust_max_additive_regret": 0.4475042140914889,
  "equal_weight_idx": 0,
  "elapsed_seconds": 30.170595407485962
}