{
  "scenario_id": "L30",
  "design": "locked_iid59_v9",
  "K": 54.66223631665316,
  "mu_max": 163.98670894995948,
  "rho": 0.6712912826199349,
  "arrival_scv": 4.0,
  "mean_jump_fraction": 0.061777249382401894,
  "tau": 0.5394197453650073,
  "qH": 0.2311662148766216,
  "beta": 0.7594131221663384,
  "jump_cv": 1.0933763702221433,
  "cloud_cost_multiplier": 2.449249103669382,
  "deactivation_mean": 1.4174019940703917,
  "lambda_H": 6.552849841520036,
  "lambda_L": 29.486092823338655,
  "mean_H": 3.883414995443718,
  "mean_L": 2.8703502140236177,
  "cv_H": 1.0933763702221433,
  "cv_L": 1.0933763702221433,
  "cW": 1.0,
  "cB": 10.0,
  "cL": 2.5,
  "cC": 0.25,
  "policy_count": 190,
  "diffusion_best_idx": 42,
  "exhaustive_train_idx": 6,
  "holdout_oracle_idx": 5,
  "single_train_idx": 0,
  "selection_idx": 9,
  "final_idx": 1,
  "selection_candidate_count": 49,
  "certified": 0,
  "fallback": 1,
  "certificate_stage_reps": 20,
  "certificate_ambiguous_count": 9,
  "certificate_simulation_count": 980,
  "algorithm_simulation_count": 1402,
  "exhaustive_simulation_count": 3830,
  "work_reduction": 0.6339425587467362,
  "holdout_regret_vs_exhaustive": 0.005741130282228209,
  "holdout_regret_vs_oracle": 0.007608067460001799,
  "hysteresis_gain_vs_best_single": 0.009088909998935605,
  "adaptive_gain_vs_best_single": 0.0033999603331347317,
  "exhaustive_holdout_objective": 0.7028012374111613,
  "adaptive_holdout_objective": 0.70683611087765,
  "single_holdout_objective": 0.7092475243267349,
  "selected_alpha_on": 5.466223631665316,
  "selected_alpha_off": 2.733111815832658,
  "exhaustive_alpha_on": 10.932447263330632,
  "exhaustive_alpha_off": 2.733111815832658,
  "pareto_count": 116,
  "distinct_weight_optima": 6,
  "robust_idx": 48,
  "robust_max_additive_regret": 0.45845239419099176,
  "equal_weight_idx": 0,
  "elapsed_seconds": 23.19225764274597
}