{
  "scenario_id": "L31",
  "design": "locked_iid59_v9",
  "K": 55.126454986318464,
  "mu_max": 165.3793649589554,
  "rho": 0.8841104962520672,
  "arrival_scv": 1.0,
  "mean_jump_fraction": 0.08389734950226865,
  "tau": 0.38910250848757383,
  "qH": 0.29692282702074957,
  "beta": 1.059056754797714,
  "jump_cv": 1.8405678919492496,
  "cloud_cost_multiplier": 1.3308944217020422,
  "deactivation_mean": 0.3425237639937554,
  "lambda_H": 8.162539709276816,
  "lambda_L": 26.14951465699278,
  "mean_H": 5.318707979929476,
  "mean_L": 3.9312189416870043,
  "cv_H": 1.8405678919492496,
  "cv_L": 1.8405678919492496,
  "cW": 1.0,
  "cB": 10.0,
  "cL": 2.5,
  "cC": 0.25,
  "policy_count": 190,
  "diffusion_best_idx": 0,
  "exhaustive_train_idx": 0,
  "holdout_oracle_idx": 0,
  "single_train_idx": 0,
  "selection_idx": 2,
  "final_idx": 2,
  "selection_candidate_count": 35,
  "certified": 1,
  "fallback": 0,
  "certificate_stage_reps": 20,
  "certificate_ambiguous_count": 0,
  "certificate_simulation_count": 316,
  "algorithm_simulation_count": 626,
  "exhaustive_simulation_count": 3830,
  "work_reduction": 0.8365535248041776,
  "holdout_regret_vs_exhaustive": 0.017017108945562787,
  "holdout_regret_vs_oracle": 0.017017108945562787,
  "hysteresis_gain_vs_best_single": 0.007546970910218172,
  "adaptive_gain_vs_best_single": -0.00934171040915644,
  "exhaustive_holdout_objective": 0.8198531971249127,
  "adaptive_holdout_objective": 0.8338047282997553,
  "single_holdout_objective": 0.8260876566388564,
  "selected_alpha_on": 5.512645498631846,
  "selected_alpha_off": 5.512645498631846,
  "exhaustive_alpha_on": 2.7563227493159235,
  "exhaustive_alpha_off": 2.7563227493159235,
  "pareto_count": 107,
  "distinct_weight_optima": 8,
  "robust_idx": 64,
  "robust_max_additive_regret": 0.4077400545337985,
  "equal_weight_idx": 0,
  "elapsed_seconds": 25.201462745666504
}