{
  "scenario_id": "L32",
  "design": "locked_iid59_v9",
  "K": 56.21725201966471,
  "mu_max": 168.65175605899412,
  "rho": 0.714516985627098,
  "arrival_scv": 1.0,
  "mean_jump_fraction": 0.07648930910558296,
  "tau": 0.5793494650016117,
  "qH": 0.20310268348484015,
  "beta": 1.196109604053508,
  "jump_cv": 1.060555113312144,
  "cloud_cost_multiplier": 1.1327678356168767,
  "deactivation_mean": 1.8818695669922818,
  "lambda_H": 4.949381095043046,
  "lambda_L": 26.27341420538046,
  "mean_H": 4.945021581818381,
  "mean_L": 3.6550159517788035,
  "cv_H": 1.060555113312144,
  "cv_L": 1.060555113312144,
  "cW": 1.0,
  "cB": 10.0,
  "cL": 2.5,
  "cC": 0.25,
  "policy_count": 190,
  "diffusion_best_idx": 0,
  "exhaustive_train_idx": 0,
  "holdout_oracle_idx": 0,
  "single_train_idx": 0,
  "selection_idx": 0,
  "final_idx": 0,
  "selection_candidate_count": 32,
  "certified": 0,
  "fallback": 1,
  "certificate_stage_reps": 20,
  "certificate_ambiguous_count": 2,
  "certificate_simulation_count": 640,
  "algorithm_simulation_count": 926,
  "exhaustive_simulation_count": 3830,
  "work_reduction": 0.75822454308094,
  "holdout_regret_vs_exhaustive": 0.0,
  "holdout_regret_vs_oracle": 0.0,
  "hysteresis_gain_vs_best_single": -0.01605869735253712,
  "adaptive_gain_vs_best_single": -0.01605869735253712,
  "exhaustive_holdout_objective": 0.5460941467819606,
  "adaptive_holdout_objective": 0.5460941467819606,
  "single_holdout_objective": 0.537463188106036,
  "selected_alpha_on": 2.810862600983236,
  "selected_alpha_off": 2.810862600983236,
  "exhaustive_alpha_on": 2.810862600983236,
  "exhaustive_alpha_off": 2.810862600983236,
  "pareto_count": 88,
  "distinct_weight_optima": 7,
  "robust_idx": 44,
  "robust_max_additive_regret": 0.3656567768541265,
  "equal_weight_idx": 1,
  "elapsed_seconds": 20.52802014350891
}