{
  "scenario_id": "L33",
  "design": "locked_iid59_v9",
  "K": 64.33187800528356,
  "mu_max": 192.99563401585067,
  "rho": 0.8072198750534092,
  "arrival_scv": 4.0,
  "mean_jump_fraction": 0.09512229404104246,
  "tau": 3.6794113325270867,
  "qH": 0.5647688099472239,
  "beta": 0.660761442602615,
  "jump_cv": 1.702460561938596,
  "cloud_cost_multiplier": 0.7583759961907668,
  "deactivation_mean": 0.45492610466859906,
  "lambda_H": 12.502695365563188,
  "lambda_L": 13.035625364129348,
  "mean_H": 7.037305188205711,
  "mean_L": 5.201486443456396,
  "cv_H": 1.702460561938596,
  "cv_L": 1.702460561938596,
  "cW": 1.0,
  "cB": 10.0,
  "cL": 2.5,
  "cC": 0.25,
  "policy_count": 190,
  "diffusion_best_idx": 0,
  "exhaustive_train_idx": 3,
  "holdout_oracle_idx": 0,
  "single_train_idx": 0,
  "selection_idx": 1,
  "final_idx": 1,
  "selection_candidate_count": 37,
  "certified": 1,
  "fallback": 0,
  "certificate_stage_reps": 10,
  "certificate_ambiguous_count": 0,
  "certificate_simulation_count": 287,
  "algorithm_simulation_count": 613,
  "exhaustive_simulation_count": 3830,
  "work_reduction": 0.8399477806788511,
  "holdout_regret_vs_exhaustive": 0.004216605621821253,
  "holdout_regret_vs_oracle": 0.007432669197151795,
  "hysteresis_gain_vs_best_single": -0.002104081090821171,
  "adaptive_gain_vs_best_single": -0.006329558792798749,
  "exhaustive_holdout_objective": 1.186978454822677,
  "adaptive_holdout_objective": 1.191983474848263,
  "single_holdout_objective": 1.1844861998073237,
  "selected_alpha_on": 6.433187800528355,
  "selected_alpha_off": 3.216593900264178,
  "exhaustive_alpha_on": 9.649781700792532,
  "exhaustive_alpha_off": 3.216593900264178,
  "pareto_count": 144,
  "distinct_weight_optima": 6,
  "robust_idx": 61,
  "robust_max_additive_regret": 0.4706219580123162,
  "equal_weight_idx": 0,
  "elapsed_seconds": 20.200241327285767
}