{
  "scenario_id": "L34",
  "design": "locked_iid59_v9",
  "K": 76.79571481537474,
  "mu_max": 230.3871444461242,
  "rho": 0.7242349926322711,
  "arrival_scv": 4.0,
  "mean_jump_fraction": 0.09898165152968882,
  "tau": 0.6455076388102851,
  "qH": 0.24207927073807867,
  "beta": 1.0357525051320564,
  "jump_cv": 1.2320099692025603,
  "cloud_cost_multiplier": 0.7195179593832163,
  "deactivation_mean": 0.5127474512890047,
  "lambda_H": 4.62067928269113,
  "lambda_L": 19.572708273163638,
  "mean_H": 8.741571685253101,
  "mean_L": 6.461161680404466,
  "cv_H": 1.2320099692025603,
  "cv_L": 1.2320099692025603,
  "cW": 1.0,
  "cB": 10.0,
  "cL": 2.5,
  "cC": 0.25,
  "policy_count": 190,
  "diffusion_best_idx": 0,
  "exhaustive_train_idx": 0,
  "holdout_oracle_idx": 0,
  "single_train_idx": 0,
  "selection_idx": 1,
  "final_idx": 1,
  "selection_candidate_count": 33,
  "certified": 1,
  "fallback": 0,
  "certificate_stage_reps": 20,
  "certificate_ambiguous_count": 0,
  "certificate_simulation_count": 315,
  "algorithm_simulation_count": 609,
  "exhaustive_simulation_count": 3830,
  "work_reduction": 0.8409921671018277,
  "holdout_regret_vs_exhaustive": 0.020827332170808333,
  "holdout_regret_vs_oracle": 0.020827332170808333,
  "hysteresis_gain_vs_best_single": -0.006145594041882394,
  "adaptive_gain_vs_best_single": -0.02710092254118795,
  "exhaustive_holdout_objective": 1.131424717742698,
  "adaptive_holdout_objective": 1.1549892761653882,
  "single_holdout_objective": 1.1245139117466538,
  "selected_alpha_on": 7.679571481537474,
  "selected_alpha_off": 3.839785740768737,
  "exhaustive_alpha_on": 3.839785740768737,
  "exhaustive_alpha_off": 3.839785740768737,
  "pareto_count": 112,
  "distinct_weight_optima": 4,
  "robust_idx": 54,
  "robust_max_additive_regret": 0.44574885720719937,
  "equal_weight_idx": 0,
  "elapsed_seconds": 18.685165405273438
}