{
  "scenario_id": "L35",
  "design": "locked_iid59_v9",
  "K": 58.15702808504562,
  "mu_max": 174.47108425513684,
  "rho": 0.7309367092039356,
  "arrival_scv": 4.0,
  "mean_jump_fraction": 0.09716437676535808,
  "tau": 0.29829521307059115,
  "qH": 0.7213818749180245,
  "beta": 1.3628419777147815,
  "jump_cv": 1.0049421790866535,
  "cloud_cost_multiplier": 3.42666788947191,
  "deactivation_mean": 0.944550212212963,
  "lambda_H": 14.156677704823862,
  "lambda_L": 7.3974902029271385,
  "mean_H": 6.498410096670216,
  "mean_L": 4.803172680147551,
  "cv_H": 1.0049421790866535,
  "cv_L": 1.0049421790866535,
  "cW": 1.0,
  "cB": 10.0,
  "cL": 2.5,
  "cC": 0.25,
  "policy_count": 190,
  "diffusion_best_idx": 0,
  "exhaustive_train_idx": 0,
  "holdout_oracle_idx": 0,
  "single_train_idx": 0,
  "selection_idx": 0,
  "final_idx": 0,
  "selection_candidate_count": 34,
  "certified": 1,
  "fallback": 0,
  "certificate_stage_reps": 10,
  "certificate_ambiguous_count": 0,
  "certificate_simulation_count": 191,
  "algorithm_simulation_count": 493,
  "exhaustive_simulation_count": 3830,
  "work_reduction": 0.8712793733681462,
  "holdout_regret_vs_exhaustive": 0.0,
  "holdout_regret_vs_oracle": 0.0,
  "hysteresis_gain_vs_best_single": 0.0016393482596144704,
  "adaptive_gain_vs_best_single": 0.0016393482596144704,
  "exhaustive_holdout_objective": 2.853033217511716,
  "adaptive_holdout_objective": 2.853033217511716,
  "single_holdout_objective": 2.8577180125620787,
  "selected_alpha_on": 2.907851404252281,
  "selected_alpha_off": 2.907851404252281,
  "exhaustive_alpha_on": 2.907851404252281,
  "exhaustive_alpha_off": 2.907851404252281,
  "pareto_count": 166,
  "distinct_weight_optima": 3,
  "robust_idx": 177,
  "robust_max_additive_regret": 0.5177455442158863,
  "equal_weight_idx": 0,
  "elapsed_seconds": 19.765352249145508
}