{
  "scenario_id": "L36",
  "design": "locked_iid59_v9",
  "K": 63.26326702790149,
  "mu_max": 189.78980108370448,
  "rho": 0.8825266616381577,
  "arrival_scv": 4.0,
  "mean_jump_fraction": 0.09642410842549858,
  "tau": 1.0721144212158833,
  "qH": 0.5548640034545673,
  "beta": 1.1636486245715516,
  "jump_cv": 1.344456515242179,
  "cloud_cost_multiplier": 3.0768488403560124,
  "deactivation_mean": 1.735275164570786,
  "lambda_H": 13.248056392280475,
  "lambda_L": 14.379283529604637,
  "mean_H": 7.015119737137088,
  "mean_L": 5.185088501362196,
  "cv_H": 1.344456515242179,
  "cv_L": 1.344456515242179,
  "cW": 1.0,
  "cB": 10.0,
  "cL": 2.5,
  "cC": 0.25,
  "policy_count": 190,
  "diffusion_best_idx": 0,
  "exhaustive_train_idx": 0,
  "holdout_oracle_idx": 0,
  "single_train_idx": 0,
  "selection_idx": 0,
  "final_idx": 0,
  "selection_candidate_count": 36,
  "certified": 1,
  "fallback": 0,
  "certificate_stage_reps": 10,
  "certificate_ambiguous_count": 0,
  "certificate_simulation_count": 250,
  "algorithm_simulation_count": 568,
  "exhaustive_simulation_count": 3830,
  "work_reduction": 0.8516971279373369,
  "holdout_regret_vs_exhaustive": 0.0,
  "holdout_regret_vs_oracle": 0.0,
  "hysteresis_gain_vs_best_single": 0.006764648714230005,
  "adaptive_gain_vs_best_single": 0.006764648714230005,
  "exhaustive_holdout_objective": 1.9782779891323004,
  "adaptive_holdout_objective": 1.9782779891323004,
  "single_holdout_objective": 1.991751488276536,
  "selected_alpha_on": 3.1631633513950748,
  "selected_alpha_off": 3.1631633513950748,
  "exhaustive_alpha_on": 3.1631633513950748,
  "exhaustive_alpha_off": 3.1631633513950748,
  "pareto_count": 156,
  "distinct_weight_optima": 4,
  "robust_idx": 75,
  "robust_max_additive_regret": 0.5016070916272014,
  "equal_weight_idx": 3,
  "elapsed_seconds": 22.020405769348145
}