{
  "scenario_id": "L37",
  "design": "locked_iid59_v9",
  "K": 55.480309187372384,
  "mu_max": 166.44092756211717,
  "rho": 0.6474889208462807,
  "arrival_scv": 1.0,
  "mean_jump_fraction": 0.051852194863592105,
  "tau": 1.321265201949537,
  "qH": 0.38359567293348934,
  "beta": 0.6074923122375914,
  "jump_cv": 0.8478710011973796,
  "cloud_cost_multiplier": 0.2542342859366418,
  "deactivation_mean": 0.7153973046301249,
  "lambda_H": 12.495749519793637,
  "lambda_L": 27.166469678844596,
  "mean_H": 3.308292173537368,
  "mean_L": 2.4452594326145762,
  "cv_H": 0.8478710011973796,
  "cv_L": 0.8478710011973796,
  "cW": 1.0,
  "cB": 10.0,
  "cL": 2.5,
  "cC": 0.25,
  "policy_count": 190,
  "diffusion_best_idx": 0,
  "exhaustive_train_idx": 0,
  "holdout_oracle_idx": 2,
  "single_train_idx": 4,
  "selection_idx": 2,
  "final_idx": 7,
  "selection_candidate_count": 32,
  "certified": 0,
  "fallback": 1,
  "certificate_stage_reps": 20,
  "certificate_ambiguous_count": 19,
  "certificate_simulation_count": 640,
  "algorithm_simulation_count": 926,
  "exhaustive_simulation_count": 3830,
  "work_reduction": 0.75822454308094,
  "holdout_regret_vs_exhaustive": 0.004328792447171319,
  "holdout_regret_vs_oracle": 0.03381465830689298,
  "hysteresis_gain_vs_best_single": 0.01441122280528336,
  "adaptive_gain_vs_best_single": 0.010144813550546056,
  "exhaustive_holdout_objective": 0.11216146250132648,
  "adaptive_holdout_objective": 0.11264698619306591,
  "single_holdout_objective": 0.11380148099958269,
  "selected_alpha_on": 11.096061837474476,
  "selected_alpha_off": 5.548030918737238,
  "exhaustive_alpha_on": 2.7740154593686195,
  "exhaustive_alpha_off": 2.7740154593686195,
  "pareto_count": 94,
  "distinct_weight_optima": 9,
  "robust_idx": 32,
  "robust_max_additive_regret": 0.3275000561050859,
  "equal_weight_idx": 2,
  "elapsed_seconds": 30.92384386062622
}