{
  "scenario_id": "L38",
  "design": "locked_iid59_v9",
  "K": 72.031720221896,
  "mu_max": 216.09516066568798,
  "rho": 0.6992722332695218,
  "arrival_scv": 4.0,
  "mean_jump_fraction": 0.08322264156332149,
  "tau": 0.26087162233565203,
  "qH": 0.3908719151781995,
  "beta": 1.3065397889452164,
  "jump_cv": 0.8477752135325936,
  "cloud_cost_multiplier": 1.3537124893340309,
  "deactivation_mean": 0.5098686682627714,
  "lambda_H": 8.567668770064412,
  "lambda_L": 18.06407550323294,
  "mean_H": 6.893870538198752,
  "mean_L": 5.095469528233861,
  "cv_H": 0.8477752135325936,
  "cv_L": 0.8477752135325936,
  "cW": 1.0,
  "cB": 10.0,
  "cL": 2.5,
  "cC": 0.25,
  "policy_count": 190,
  "diffusion_best_idx": 0,
  "exhaustive_train_idx": 0,
  "holdout_oracle_idx": 0,
  "single_train_idx": 0,
  "selection_idx": 1,
  "final_idx": 0,
  "selection_candidate_count": 32,
  "certified": 0,
  "fallback": 1,
  "certificate_stage_reps": 20,
  "certificate_ambiguous_count": 1,
  "certificate_simulation_count": 640,
  "algorithm_simulation_count": 926,
  "exhaustive_simulation_count": 3830,
  "work_reduction": 0.75822454308094,
  "holdout_regret_vs_exhaustive": 0.0,
  "holdout_regret_vs_oracle": 0.0,
  "hysteresis_gain_vs_best_single": -0.021772840193770685,
  "adaptive_gain_vs_best_single": -0.021772840193770685,
  "exhaustive_holdout_objective": 1.018216789628948,
  "adaptive_holdout_objective": 1.018216789628948,
  "single_holdout_objective": 0.9965197249085733,
  "selected_alpha_on": 3.6015860110948,
  "selected_alpha_off": 3.6015860110948,
  "exhaustive_alpha_on": 3.6015860110948,
  "exhaustive_alpha_off": 3.6015860110948,
  "pareto_count": 126,
  "distinct_weight_optima": 11,
  "robust_idx": 97,
  "robust_max_additive_regret": 0.47385401201495,
  "equal_weight_idx": 2,
  "elapsed_seconds": 22.601155519485474
}