{
  "scenario_id": "L39",
  "design": "locked_iid59_v9",
  "K": 74.21299665986038,
  "mu_max": 222.63898997958114,
  "rho": 0.6067675066907531,
  "arrival_scv": 1.0,
  "mean_jump_fraction": 0.08287847891073823,
  "tau": 0.26432547480795415,
  "qH": 0.4177766624682455,
  "beta": 1.386914650981307,
  "jump_cv": 1.770549238841463,
  "cloud_cost_multiplier": 0.4790550495002245,
  "deactivation_mean": 0.4019074354003696,
  "lambda_H": 7.9789939230589795,
  "lambda_L": 15.044317223212953,
  "mean_H": 7.073259320363464,
  "mean_L": 5.228061236790387,
  "cv_H": 1.770549238841463,
  "cv_L": 1.770549238841463,
  "cW": 1.0,
  "cB": 10.0,
  "cL": 2.5,
  "cC": 0.25,
  "policy_count": 190,
  "diffusion_best_idx": 0,
  "exhaustive_train_idx": 0,
  "holdout_oracle_idx": 0,
  "single_train_idx": 0,
  "selection_idx": 1,
  "final_idx": 0,
  "selection_candidate_count": 34,
  "certified": 0,
  "fallback": 1,
  "certificate_stage_reps": 20,
  "certificate_ambiguous_count": 1,
  "certificate_simulation_count": 680,
  "algorithm_simulation_count": 982,
  "exhaustive_simulation_count": 3830,
  "work_reduction": 0.743603133159269,
  "holdout_regret_vs_exhaustive": 0.0,
  "holdout_regret_vs_oracle": 0.0,
  "hysteresis_gain_vs_best_single": -0.00455607791241601,
  "adaptive_gain_vs_best_single": -0.00455607791241601,
  "exhaustive_holdout_objective": 0.5570391383283748,
  "adaptive_holdout_objective": 0.5570391383283748,
  "single_holdout_objective": 0.5545127351038149,
  "selected_alpha_on": 3.710649832993019,
  "selected_alpha_off": 3.710649832993019,
  "exhaustive_alpha_on": 3.710649832993019,
  "exhaustive_alpha_off": 3.710649832993019,
  "pareto_count": 103,
  "distinct_weight_optima": 11,
  "robust_idx": 74,
  "robust_max_additive_regret": 0.37041477553803426,
  "equal_weight_idx": 2,
  "elapsed_seconds": 18.105332136154175
}