{
  "scenario_id": "L40",
  "design": "locked_iid59_v9",
  "K": 45.34845634539615,
  "mu_max": 136.04536903618845,
  "rho": 0.8667178515222766,
  "arrival_scv": 4.0,
  "mean_jump_fraction": 0.07803097120168366,
  "tau": 0.30147542989135384,
  "qH": 0.5886530764659098,
  "beta": 1.133368788861168,
  "jump_cv": 0.5484662598418153,
  "cloud_cost_multiplier": 3.0259585022969673,
  "deactivation_mean": 1.573910862924561,
  "lambda_H": 17.056643085134272,
  "lambda_L": 16.125801587511447,
  "mean_H": 4.069371704797677,
  "mean_L": 3.007796477459153,
  "cv_H": 0.5484662598418153,
  "cv_L": 0.5484662598418153,
  "cW": 1.0,
  "cB": 10.0,
  "cL": 2.5,
  "cC": 0.25,
  "policy_count": 190,
  "diffusion_best_idx": 0,
  "exhaustive_train_idx": 0,
  "holdout_oracle_idx": 0,
  "single_train_idx": 0,
  "selection_idx": 0,
  "final_idx": 0,
  "selection_candidate_count": 33,
  "certified": 1,
  "fallback": 0,
  "certificate_stage_reps": 10,
  "certificate_ambiguous_count": 0,
  "certificate_simulation_count": 204,
  "algorithm_simulation_count": 498,
  "exhaustive_simulation_count": 3830,
  "work_reduction": 0.8699738903394256,
  "holdout_regret_vs_exhaustive": 0.0,
  "holdout_regret_vs_oracle": 0.0,
  "hysteresis_gain_vs_best_single": -0.0011676699258782778,
  "adaptive_gain_vs_best_single": -0.0011676699258782778,
  "exhaustive_holdout_objective": 2.348430213932311,
  "adaptive_holdout_objective": 2.348430213932311,
  "single_holdout_objective": 2.3456912208383414,
  "selected_alpha_on": 2.2674228172698077,
  "selected_alpha_off": 2.2674228172698077,
  "exhaustive_alpha_on": 2.2674228172698077,
  "exhaustive_alpha_off": 2.2674228172698077,
  "pareto_count": 178,
  "distinct_weight_optima": 3,
  "robust_idx": 175,
  "robust_max_additive_regret": 0.5203757974804962,
  "equal_weight_idx": 0,
  "elapsed_seconds": 27.008240461349487
}