{
  "scenario_id": "L41",
  "design": "locked_iid59_v9",
  "K": 36.37944872676527,
  "mu_max": 109.1383461802958,
  "rho": 0.8498873983892747,
  "arrival_scv": 1.0,
  "mean_jump_fraction": 0.0938419083457338,
  "tau": 0.26897287877478226,
  "qH": 0.4720710773048585,
  "beta": 1.391709269239918,
  "jump_cv": 0.7445372847743357,
  "cloud_cost_multiplier": 1.320202382977922,
  "deactivation_mean": 1.5097401066349339,
  "lambda_H": 11.153094098028776,
  "lambda_L": 16.874944125018736,
  "mean_H": 3.926004427048243,
  "mean_L": 2.901829359122614,
  "cv_H": 0.7445372847743357,
  "cv_L": 0.7445372847743357,
  "cW": 1.0,
  "cB": 10.0,
  "cL": 2.5,
  "cC": 0.25,
  "policy_count": 190,
  "diffusion_best_idx": 0,
  "exhaustive_train_idx": 0,
  "holdout_oracle_idx": 0,
  "single_train_idx": 0,
  "selection_idx": 0,
  "final_idx": 0,
  "selection_candidate_count": 33,
  "certified": 1,
  "fallback": 0,
  "certificate_stage_reps": 15,
  "certificate_ambiguous_count": 0,
  "certificate_simulation_count": 248,
  "algorithm_simulation_count": 542,
  "exhaustive_simulation_count": 3830,
  "work_reduction": 0.858485639686684,
  "holdout_regret_vs_exhaustive": 0.0,
  "holdout_regret_vs_oracle": 0.0,
  "hysteresis_gain_vs_best_single": -0.021412380470741652,
  "adaptive_gain_vs_best_single": -0.021412380470741652,
  "exhaustive_holdout_objective": 1.0945653418584795,
  "adaptive_holdout_objective": 1.0945653418584795,
  "single_holdout_objective": 1.0716194191361021,
  "selected_alpha_on": 1.8189724363382636,
  "selected_alpha_off": 1.8189724363382636,
  "exhaustive_alpha_on": 1.8189724363382636,
  "exhaustive_alpha_off": 1.8189724363382636,
  "pareto_count": 131,
  "distinct_weight_optima": 7,
  "robust_idx": 155,
  "robust_max_additive_regret": 0.4922693028116362,
  "equal_weight_idx": 0,
  "elapsed_seconds": 21.34560751914978
}