{
  "scenario_id": "L42",
  "design": "locked_iid59_v9",
  "K": 42.40384050647047,
  "mu_max": 127.21152151941142,
  "rho": 0.691652796047967,
  "arrival_scv": 4.0,
  "mean_jump_fraction": 0.05159859286467482,
  "tau": 0.3890772624031885,
  "qH": 0.544947034559896,
  "beta": 1.3248993327926382,
  "jump_cv": 1.4179083582676064,
  "cloud_cost_multiplier": 0.26681800794295213,
  "deactivation_mean": 1.790595636364353,
  "lambda_H": 19.055835131678126,
  "lambda_L": 21.528538924354255,
  "mean_H": 2.5161752775207726,
  "mean_L": 1.8597817268631798,
  "cv_H": 1.4179083582676064,
  "cv_L": 1.4179083582676064,
  "cW": 1.0,
  "cB": 10.0,
  "cL": 2.5,
  "cC": 0.25,
  "policy_count": 190,
  "diffusion_best_idx": 0,
  "exhaustive_train_idx": 0,
  "holdout_oracle_idx": 0,
  "single_train_idx": 0,
  "selection_idx": 1,
  "final_idx": 0,
  "selection_candidate_count": 33,
  "certified": 0,
  "fallback": 1,
  "certificate_stage_reps": 20,
  "certificate_ambiguous_count": 1,
  "certificate_simulation_count": 660,
  "algorithm_simulation_count": 954,
  "exhaustive_simulation_count": 3830,
  "work_reduction": 0.7509138381201044,
  "holdout_regret_vs_exhaustive": 0.0,
  "holdout_regret_vs_oracle": 0.0,
  "hysteresis_gain_vs_best_single": -0.021851274065438412,
  "adaptive_gain_vs_best_single": -0.021851274065438412,
  "exhaustive_holdout_objective": 0.6471838938100781,
  "adaptive_holdout_objective": 0.6471838938100781,
  "single_holdout_objective": 0.6333445093582504,
  "selected_alpha_on": 2.1201920253235236,
  "selected_alpha_off": 2.1201920253235236,
  "exhaustive_alpha_on": 2.1201920253235236,
  "exhaustive_alpha_off": 2.1201920253235236,
  "pareto_count": 128,
  "distinct_weight_optima": 5,
  "robust_idx": 64,
  "robust_max_additive_regret": 0.4659812986059549,
  "equal_weight_idx": 0,
  "elapsed_seconds": 32.39750266075134
}