{
  "scenario_id": "L43",
  "design": "locked_iid59_v9",
  "K": 35.45226121380061,
  "mu_max": 106.35678364140183,
  "rho": 0.8580031269652537,
  "arrival_scv": 4.0,
  "mean_jump_fraction": 0.0971313881674028,
  "tau": 0.38484019984379647,
  "qH": 0.7600591625219288,
  "beta": 0.8384219297398124,
  "jump_cv": 0.9330170228523896,
  "cloud_cost_multiplier": 2.0267492674221157,
  "deactivation_mean": 0.8010491975669429,
  "lambda_H": 17.51459455234451,
  "lambda_L": 7.4805886575979,
  "mean_H": 3.9600564471752997,
  "mean_L": 2.926998243564352,
  "cv_H": 0.9330170228523896,
  "cv_L": 0.9330170228523896,
  "cW": 1.0,
  "cB": 10.0,
  "cL": 2.5,
  "cC": 0.25,
  "policy_count": 190,
  "diffusion_best_idx": 0,
  "exhaustive_train_idx": 1,
  "holdout_oracle_idx": 0,
  "single_train_idx": 0,
  "selection_idx": 1,
  "final_idx": 1,
  "selection_candidate_count": 35,
  "certified": 1,
  "fallback": 0,
  "certificate_stage_reps": 6,
  "certificate_ambiguous_count": 0,
  "certificate_simulation_count": 189,
  "algorithm_simulation_count": 499,
  "exhaustive_simulation_count": 3830,
  "work_reduction": 0.8697127937336815,
  "holdout_regret_vs_exhaustive": 0.0,
  "holdout_regret_vs_oracle": 0.005417607624415444,
  "hysteresis_gain_vs_best_single": -0.0028144690973880486,
  "adaptive_gain_vs_best_single": -0.0028144690973880486,
  "exhaustive_holdout_objective": 2.1512113588634794,
  "adaptive_holdout_objective": 2.1512113588634794,
  "single_holdout_objective": 2.145173833400847,
  "selected_alpha_on": 3.545226121380061,
  "selected_alpha_off": 1.7726130606900306,
  "exhaustive_alpha_on": 3.545226121380061,
  "exhaustive_alpha_off": 1.7726130606900306,
  "pareto_count": 172,
  "distinct_weight_optima": 3,
  "robust_idx": 158,
  "robust_max_additive_regret": 0.5113565632022693,
  "equal_weight_idx": 0,
  "elapsed_seconds": 21.658515453338623
}