{
  "scenario_id": "L44",
  "design": "locked_iid59_v9",
  "K": 35.13526186061522,
  "mu_max": 105.40578558184566,
  "rho": 0.5810471260818987,
  "arrival_scv": 1.0,
  "mean_jump_fraction": 0.06589933744327053,
  "tau": 1.5172962080627115,
  "qH": 0.7642735858459717,
  "beta": 1.2330840791343092,
  "jump_cv": 0.7331390791968798,
  "cloud_cost_multiplier": 0.5377248118917519,
  "deactivation_mean": 1.4567064292207872,
  "lambda_H": 17.57934032057915,
  "lambda_L": 7.335688614134548,
  "mean_H": 2.662699049136909,
  "mean_L": 1.9680819058838026,
  "cv_H": 0.7331390791968798,
  "cv_L": 0.7331390791968798,
  "cW": 1.0,
  "cB": 10.0,
  "cL": 2.5,
  "cC": 0.25,
  "policy_count": 190,
  "diffusion_best_idx": 0,
  "exhaustive_train_idx": 0,
  "holdout_oracle_idx": 0,
  "single_train_idx": 0,
  "selection_idx": 1,
  "final_idx": 0,
  "selection_candidate_count": 32,
  "certified": 0,
  "fallback": 1,
  "certificate_stage_reps": 20,
  "certificate_ambiguous_count": 2,
  "certificate_simulation_count": 640,
  "algorithm_simulation_count": 926,
  "exhaustive_simulation_count": 3830,
  "work_reduction": 0.75822454308094,
  "holdout_regret_vs_exhaustive": 0.0,
  "holdout_regret_vs_oracle": 0.0,
  "hysteresis_gain_vs_best_single": 0.026325527341611872,
  "adaptive_gain_vs_best_single": 0.026325527341611872,
  "exhaustive_holdout_objective": 0.7293700963543548,
  "adaptive_holdout_objective": 0.7293700963543548,
  "single_holdout_objective": 0.7490902933533649,
  "selected_alpha_on": 1.7567630930307612,
  "selected_alpha_off": 1.7567630930307612,
  "exhaustive_alpha_on": 1.7567630930307612,
  "exhaustive_alpha_off": 1.7567630930307612,
  "pareto_count": 98,
  "distinct_weight_optima": 7,
  "robust_idx": 61,
  "robust_max_additive_regret": 0.38386395907917026,
  "equal_weight_idx": 0,
  "elapsed_seconds": 21.82295513153076
}