{
  "scenario_id": "L45",
  "design": "locked_iid59_v9",
  "K": 66.83575657799565,
  "mu_max": 200.50726973398696,
  "rho": 0.6343540170000626,
  "arrival_scv": 4.0,
  "mean_jump_fraction": 0.05983119226243752,
  "tau": 2.5541498040315025,
  "qH": 0.429780110407278,
  "beta": 0.8304941315288124,
  "jump_cv": 0.8099043968879919,
  "cloud_cost_multiplier": 0.37740835393326067,
  "deactivation_mean": 1.013509461579664,
  "lambda_H": 11.887041109916671,
  "lambda_L": 21.337755177631262,
  "mean_H": 4.598692452097061,
  "mean_L": 3.3990335515500014,
  "cv_H": 0.8099043968879919,
  "cv_L": 0.8099043968879919,
  "cW": 1.0,
  "cB": 10.0,
  "cL": 2.5,
  "cC": 0.25,
  "policy_count": 190,
  "diffusion_best_idx": 0,
  "exhaustive_train_idx": 1,
  "holdout_oracle_idx": 0,
  "single_train_idx": 0,
  "selection_idx": 1,
  "final_idx": 0,
  "selection_candidate_count": 32,
  "certified": 0,
  "fallback": 1,
  "certificate_stage_reps": 20,
  "certificate_ambiguous_count": 5,
  "certificate_simulation_count": 640,
  "algorithm_simulation_count": 926,
  "exhaustive_simulation_count": 3830,
  "work_reduction": 0.75822454308094,
  "holdout_regret_vs_exhaustive": 0.0,
  "holdout_regret_vs_oracle": 0.0,
  "hysteresis_gain_vs_best_single": -0.01640054592942999,
  "adaptive_gain_vs_best_single": -0.004740716020149248,
  "exhaustive_holdout_objective": 0.901042663556204,
  "adaptive_holdout_objective": 0.8907061832776898,
  "single_holdout_objective": 0.8865035218298324,
  "selected_alpha_on": 3.3417878288997827,
  "selected_alpha_off": 3.3417878288997827,
  "exhaustive_alpha_on": 6.683575657799565,
  "exhaustive_alpha_off": 3.3417878288997827,
  "pareto_count": 104,
  "distinct_weight_optima": 8,
  "robust_idx": 68,
  "robust_max_additive_regret": 0.4505574349338295,
  "equal_weight_idx": 0,
  "elapsed_seconds": 26.70403480529785
}