{
  "scenario_id": "L46",
  "design": "locked_iid59_v9",
  "K": 56.35701522481311,
  "mu_max": 169.07104567443935,
  "rho": 0.7493554814431537,
  "arrival_scv": 1.0,
  "mean_jump_fraction": 0.09823948614400452,
  "tau": 0.5573617603527201,
  "qH": 0.5750373593775691,
  "beta": 1.3273131266625557,
  "jump_cv": 1.7883114291195934,
  "cloud_cost_multiplier": 0.5348492443635127,
  "deactivation_mean": 1.938833195313126,
  "lambda_H": 11.442509503124226,
  "lambda_L": 11.440760317406552,
  "mean_H": 6.3669568487398,
  "mean_L": 4.706011583851157,
  "cv_H": 1.7883114291195934,
  "cv_L": 1.7883114291195934,
  "cW": 1.0,
  "cB": 10.0,
  "cL": 2.5,
  "cC": 0.25,
  "policy_count": 190,
  "diffusion_best_idx": 0,
  "exhaustive_train_idx": 1,
  "holdout_oracle_idx": 1,
  "single_train_idx": 0,
  "selection_idx": 1,
  "final_idx": 1,
  "selection_candidate_count": 36,
  "certified": 1,
  "fallback": 0,
  "certificate_stage_reps": 10,
  "certificate_ambiguous_count": 0,
  "certificate_simulation_count": 235,
  "algorithm_simulation_count": 553,
  "exhaustive_simulation_count": 3830,
  "work_reduction": 0.8556135770234987,
  "holdout_regret_vs_exhaustive": 0.0,
  "holdout_regret_vs_oracle": 0.0,
  "hysteresis_gain_vs_best_single": -0.008912046650035848,
  "adaptive_gain_vs_best_single": -0.008912046650035848,
  "exhaustive_holdout_objective": 0.8495821021221642,
  "adaptive_holdout_objective": 0.8495821021221642,
  "single_holdout_objective": 0.8420774684404786,
  "selected_alpha_on": 5.635701522481311,
  "selected_alpha_off": 2.817850761240656,
  "exhaustive_alpha_on": 5.635701522481311,
  "exhaustive_alpha_off": 2.817850761240656,
  "pareto_count": 113,
  "distinct_weight_optima": 7,
  "robust_idx": 65,
  "robust_max_additive_regret": 0.45278789413659387,
  "equal_weight_idx": 1,
  "elapsed_seconds": 17.555575132369995
}