{
  "scenario_id": "L47",
  "design": "locked_iid59_v9",
  "K": 32.567733172990565,
  "mu_max": 97.7031995189717,
  "rho": 0.7178686871759712,
  "arrival_scv": 4.0,
  "mean_jump_fraction": 0.05771060188275941,
  "tau": 1.045775191309297,
  "qH": 0.5097459403881339,
  "beta": 0.6052238735876143,
  "jump_cv": 1.3632568660646058,
  "cloud_cost_multiplier": 0.8293143968361613,
  "deactivation_mean": 1.8617339292966513,
  "lambda_H": 16.54118414904415,
  "lambda_L": 21.523501952719922,
  "mean_H": 2.1614290058759544,
  "mean_L": 1.597577960864836,
  "cv_H": 1.3632568660646058,
  "cv_L": 1.3632568660646058,
  "cW": 1.0,
  "cB": 10.0,
  "cL": 2.5,
  "cC": 0.25,
  "policy_count": 190,
  "diffusion_best_idx": 0,
  "exhaustive_train_idx": 0,
  "holdout_oracle_idx": 0,
  "single_train_idx": 0,
  "selection_idx": 2,
  "final_idx": 1,
  "selection_candidate_count": 34,
  "certified": 0,
  "fallback": 1,
  "certificate_stage_reps": 20,
  "certificate_ambiguous_count": 9,
  "certificate_simulation_count": 680,
  "algorithm_simulation_count": 982,
  "exhaustive_simulation_count": 3830,
  "work_reduction": 0.743603133159269,
  "holdout_regret_vs_exhaustive": 0.0008265828554365669,
  "holdout_regret_vs_oracle": 0.0008265828554365669,
  "hysteresis_gain_vs_best_single": -0.014983970249905743,
  "adaptive_gain_vs_best_single": -0.015822938598257254,
  "exhaustive_holdout_objective": 0.49441580352316994,
  "adaptive_holdout_objective": 0.4948244791498191,
  "single_holdout_objective": 0.48711685899969104,
  "selected_alpha_on": 3.2567733172990563,
  "selected_alpha_off": 1.6283866586495284,
  "exhaustive_alpha_on": 1.6283866586495284,
  "exhaustive_alpha_off": 1.6283866586495284,
  "pareto_count": 130,
  "distinct_weight_optima": 5,
  "robust_idx": 52,
  "robust_max_additive_regret": 0.49012163639691897,
  "equal_weight_idx": 0,
  "elapsed_seconds": 29.81192111968994
}