{
  "scenario_id": "L48",
  "design": "locked_iid59_v9",
  "K": 34.55476107091594,
  "mu_max": 103.66428321274782,
  "rho": 0.8079652479797916,
  "arrival_scv": 4.0,
  "mean_jump_fraction": 0.09760028539845124,
  "tau": 0.3661066440950522,
  "qH": 0.39800206084183887,
  "beta": 1.323046439325859,
  "jump_cv": 1.7788152708049974,
  "cloud_cost_multiplier": 1.0931036886487226,
  "deactivation_mean": 0.7395322543446929,
  "lambda_H": 8.595088029001248,
  "lambda_L": 17.588910025496787,
  "mean_H": 3.878437723756191,
  "mean_L": 2.866671361037185,
  "cv_H": 1.7788152708049974,
  "cv_L": 1.7788152708049974,
  "cW": 1.0,
  "cB": 10.0,
  "cL": 2.5,
  "cC": 0.25,
  "policy_count": 190,
  "diffusion_best_idx": 0,
  "exhaustive_train_idx": 0,
  "holdout_oracle_idx": 0,
  "single_train_idx": 0,
  "selection_idx": 0,
  "final_idx": 0,
  "selection_candidate_count": 34,
  "certified": 1,
  "fallback": 0,
  "certificate_stage_reps": 10,
  "certificate_ambiguous_count": 0,
  "certificate_simulation_count": 242,
  "algorithm_simulation_count": 544,
  "exhaustive_simulation_count": 3830,
  "work_reduction": 0.8579634464751958,
  "holdout_regret_vs_exhaustive": 0.0,
  "holdout_regret_vs_oracle": 0.0,
  "hysteresis_gain_vs_best_single": -0.0005985441748996448,
  "adaptive_gain_vs_best_single": -0.0005985441748996448,
  "exhaustive_holdout_objective": 1.1367962070516846,
  "adaptive_holdout_objective": 1.1367962070516846,
  "single_holdout_objective": 1.1361161913233588,
  "selected_alpha_on": 1.727738053545797,
  "selected_alpha_off": 1.727738053545797,
  "exhaustive_alpha_on": 1.727738053545797,
  "exhaustive_alpha_off": 1.727738053545797,
  "pareto_count": 123,
  "distinct_weight_optima": 5,
  "robust_idx": 98,
  "robust_max_additive_regret": 0.46885691360678233,
  "equal_weight_idx": 0,
  "elapsed_seconds": 19.768314599990845
}