{
  "scenario_id": "L49",
  "design": "locked_iid59_v9",
  "K": 56.74344301070578,
  "mu_max": 170.23032903211734,
  "rho": 0.7239683476812747,
  "arrival_scv": 1.0,
  "mean_jump_fraction": 0.09715455437340306,
  "tau": 0.7488886221744551,
  "qH": 0.34506944530258965,
  "beta": 0.6172823920711462,
  "jump_cv": 1.0785253978571308,
  "cloud_cost_multiplier": 0.43934539221095054,
  "deactivation_mean": 0.4913684701121843,
  "lambda_H": 6.707896221882474,
  "lambda_L": 17.224792391086027,
  "mean_H": 6.339816507215369,
  "mean_L": 4.685951331420056,
  "cv_H": 1.0785253978571308,
  "cv_L": 1.0785253978571308,
  "cW": 1.0,
  "cB": 10.0,
  "cL": 2.5,
  "cC": 0.25,
  "policy_count": 190,
  "diffusion_best_idx": 0,
  "exhaustive_train_idx": 1,
  "holdout_oracle_idx": 0,
  "single_train_idx": 0,
  "selection_idx": 1,
  "final_idx": 0,
  "selection_candidate_count": 33,
  "certified": 0,
  "fallback": 1,
  "certificate_stage_reps": 20,
  "certificate_ambiguous_count": 1,
  "certificate_simulation_count": 660,
  "algorithm_simulation_count": 954,
  "exhaustive_simulation_count": 3830,
  "work_reduction": 0.7509138381201044,
  "holdout_regret_vs_exhaustive": 0.0,
  "holdout_regret_vs_oracle": 0.0,
  "hysteresis_gain_vs_best_single": -0.012997530344327378,
  "adaptive_gain_vs_best_single": -0.005245177656010503,
  "exhaustive_holdout_objective": 0.4121132871450238,
  "adaptive_holdout_objective": 0.4089594319244648,
  "single_holdout_objective": 0.40682555958941247,
  "selected_alpha_on": 2.8371721505352894,
  "selected_alpha_off": 2.8371721505352894,
  "exhaustive_alpha_on": 5.674344301070578,
  "exhaustive_alpha_off": 2.8371721505352894,
  "pareto_count": 115,
  "distinct_weight_optima": 8,
  "robust_idx": 44,
  "robust_max_additive_regret": 0.3891202166322046,
  "equal_weight_idx": 4,
  "elapsed_seconds": 19.317662715911865
}