{
  "scenario_id": "L50",
  "design": "locked_iid59_v9",
  "K": 45.05952163904119,
  "mu_max": 135.1785649171236,
  "rho": 0.5544398874644938,
  "arrival_scv": 1.0,
  "mean_jump_fraction": 0.05287803947667536,
  "tau": 1.243967419402994,
  "qH": 0.39958246717388507,
  "beta": 0.7963687002863488,
  "jump_cv": 1.1811899284368752,
  "cloud_cost_multiplier": 2.2293669299920955,
  "deactivation_mean": 1.3335796030700613,
  "lambda_H": 10.929718091172102,
  "lambda_L": 22.219527356319713,
  "mean_H": 2.7400580386337268,
  "mean_L": 2.0252602894249288,
  "cv_H": 1.1811899284368752,
  "cv_L": 1.1811899284368752,
  "cW": 1.0,
  "cB": 10.0,
  "cL": 2.5,
  "cC": 0.25,
  "policy_count": 190,
  "diffusion_best_idx": 99,
  "exhaustive_train_idx": 133,
  "holdout_oracle_idx": 131,
  "single_train_idx": 15,
  "selection_idx": 160,
  "final_idx": 119,
  "selection_candidate_count": 55,
  "certified": 0,
  "fallback": 1,
  "certificate_stage_reps": 20,
  "certificate_ambiguous_count": 19,
  "certificate_simulation_count": 1100,
  "algorithm_simulation_count": 1570,
  "exhaustive_simulation_count": 3830,
  "work_reduction": 0.5900783289817233,
  "holdout_regret_vs_exhaustive": 0.018715038846643214,
  "holdout_regret_vs_oracle": 0.030785609503634025,
  "hysteresis_gain_vs_best_single": -0.0005674667087900235,
  "adaptive_gain_vs_best_single": -0.019293125716932417,
  "exhaustive_holdout_objective": 0.2050131511910101,
  "adaptive_holdout_objective": 0.2088499802796226,
  "single_holdout_objective": 0.20489687903342366,
  "selected_alpha_on": 33.794641229280884,
  "selected_alpha_off": 33.794641229280884,
  "exhaustive_alpha_on": 36.047617311232955,
  "exhaustive_alpha_off": 31.54166514732883,
  "pareto_count": 108,
  "distinct_weight_optima": 8,
  "robust_idx": 33,
  "robust_max_additive_regret": 0.3999183014760606,
  "equal_weight_idx": 0,
  "elapsed_seconds": 22.40656590461731
}