{
  "scenario_id": "L51",
  "design": "locked_iid59_v9",
  "K": 42.03369326259639,
  "mu_max": 126.10107978778916,
  "rho": 0.8914827047093435,
  "arrival_scv": 4.0,
  "mean_jump_fraction": 0.06988224700734506,
  "tau": 0.27739328630545884,
  "qH": 0.2519749811220968,
  "beta": 0.8504938471491648,
  "jump_cv": 1.4840381298415108,
  "cloud_cost_multiplier": 0.5550839374941277,
  "deactivation_mean": 0.4962402504754898,
  "lambda_H": 8.38546009992828,
  "lambda_L": 33.679413024906815,
  "mean_H": 3.378020275488897,
  "mean_L": 2.496797594926576,
  "cv_H": 1.4840381298415108,
  "cv_L": 1.4840381298415108,
  "cW": 1.0,
  "cB": 10.0,
  "cL": 2.5,
  "cC": 0.25,
  "policy_count": 190,
  "diffusion_best_idx": 0,
  "exhaustive_train_idx": 0,
  "holdout_oracle_idx": 0,
  "single_train_idx": 0,
  "selection_idx": 0,
  "final_idx": 0,
  "selection_candidate_count": 33,
  "certified": 1,
  "fallback": 0,
  "certificate_stage_reps": 15,
  "certificate_ambiguous_count": 0,
  "certificate_simulation_count": 259,
  "algorithm_simulation_count": 553,
  "exhaustive_simulation_count": 3830,
  "work_reduction": 0.8556135770234987,
  "holdout_regret_vs_exhaustive": 0.0,
  "holdout_regret_vs_oracle": 0.0,
  "hysteresis_gain_vs_best_single": 0.023776031368002614,
  "adaptive_gain_vs_best_single": 0.023776031368002614,
  "exhaustive_holdout_objective": 0.5871338952089359,
  "adaptive_holdout_objective": 0.5871338952089359,
  "single_holdout_objective": 0.6014335993324346,
  "selected_alpha_on": 2.1016846631298196,
  "selected_alpha_off": 2.1016846631298196,
  "exhaustive_alpha_on": 2.1016846631298196,
  "exhaustive_alpha_off": 2.1016846631298196,
  "pareto_count": 117,
  "distinct_weight_optima": 10,
  "robust_idx": 72,
  "robust_max_additive_regret": 0.44262481550011934,
  "equal_weight_idx": 0,
  "elapsed_seconds": 30.097798347473145
}