{
  "scenario_id": "L52",
  "design": "locked_iid59_v9",
  "K": 43.7304030239962,
  "mu_max": 131.19120907198862,
  "rho": 0.7335183630964482,
  "arrival_scv": 1.0,
  "mean_jump_fraction": 0.06149962148516833,
  "tau": 1.4362256660089912,
  "qH": 0.2242736982268273,
  "beta": 0.8104385077545033,
  "jump_cv": 1.2596763517211533,
  "cloud_cost_multiplier": 0.3431130516267979,
  "deactivation_mean": 1.0624188325471633,
  "lambda_H": 6.978150096289756,
  "lambda_L": 32.6549778593398,
  "mean_H": 3.092813718375071,
  "mean_L": 2.285992748364183,
  "cv_H": 1.2596763517211533,
  "cv_L": 1.2596763517211533,
  "cW": 1.0,
  "cB": 10.0,
  "cL": 2.5,
  "cC": 0.25,
  "policy_count": 190,
  "diffusion_best_idx": 0,
  "exhaustive_train_idx": 0,
  "holdout_oracle_idx": 0,
  "single_train_idx": 0,
  "selection_idx": 4,
  "final_idx": 0,
  "selection_candidate_count": 35,
  "certified": 0,
  "fallback": 1,
  "certificate_stage_reps": 20,
  "certificate_ambiguous_count": 6,
  "certificate_simulation_count": 700,
  "algorithm_simulation_count": 1010,
  "exhaustive_simulation_count": 3830,
  "work_reduction": 0.7362924281984334,
  "holdout_regret_vs_exhaustive": 0.0,
  "holdout_regret_vs_oracle": 0.0,
  "hysteresis_gain_vs_best_single": 0.02309765629573602,
  "adaptive_gain_vs_best_single": 0.02309765629573602,
  "exhaustive_holdout_objective": 0.5074956935778403,
  "adaptive_holdout_objective": 0.5074956935778403,
  "single_holdout_objective": 0.519494806055531,
  "selected_alpha_on": 2.1865201511998102,
  "selected_alpha_off": 2.1865201511998102,
  "exhaustive_alpha_on": 2.1865201511998102,
  "exhaustive_alpha_off": 2.1865201511998102,
  "pareto_count": 94,
  "distinct_weight_optima": 10,
  "robust_idx": 59,
  "robust_max_additive_regret": 0.38437150124197345,
  "equal_weight_idx": 0,
  "elapsed_seconds": 28.31865167617798
}