{
  "scenario_id": "L53",
  "design": "locked_iid59_v9",
  "K": 52.24119488541957,
  "mu_max": 156.7235846562587,
  "rho": 0.7483842114667049,
  "arrival_scv": 4.0,
  "mean_jump_fraction": 0.09013110611357081,
  "tau": 0.75826418759856,
  "qH": 0.4484661141269632,
  "beta": 0.8901636685861931,
  "jump_cv": 0.6623739025717938,
  "cloud_cost_multiplier": 0.8952423300635085,
  "deactivation_mean": 0.8652986929179735,
  "lambda_H": 9.71410880831664,
  "lambda_L": 16.16309200887184,
  "mean_H": 5.414840181675106,
  "mean_L": 4.002273177759861,
  "cv_H": 0.6623739025717938,
  "cv_L": 0.6623739025717938,
  "cW": 1.0,
  "cB": 10.0,
  "cL": 2.5,
  "cC": 0.25,
  "policy_count": 190,
  "diffusion_best_idx": 0,
  "exhaustive_train_idx": 3,
  "holdout_oracle_idx": 0,
  "single_train_idx": 0,
  "selection_idx": 3,
  "final_idx": 0,
  "selection_candidate_count": 34,
  "certified": 0,
  "fallback": 1,
  "certificate_stage_reps": 20,
  "certificate_ambiguous_count": 3,
  "certificate_simulation_count": 680,
  "algorithm_simulation_count": 982,
  "exhaustive_simulation_count": 3830,
  "work_reduction": 0.743603133159269,
  "holdout_regret_vs_exhaustive": 0.0,
  "holdout_regret_vs_oracle": 0.0,
  "hysteresis_gain_vs_best_single": -0.043601232031682764,
  "adaptive_gain_vs_best_single": 0.005204052346044693,
  "exhaustive_holdout_objective": 1.222202464852608,
  "adaptive_holdout_objective": 1.1650446760023931,
  "single_holdout_objective": 1.1711393464659143,
  "selected_alpha_on": 2.6120597442709785,
  "selected_alpha_off": 2.6120597442709785,
  "exhaustive_alpha_on": 7.836179232812935,
  "exhaustive_alpha_off": 2.6120597442709785,
  "pareto_count": 137,
  "distinct_weight_optima": 6,
  "robust_idx": 60,
  "robust_max_additive_regret": 0.48607606245734236,
  "equal_weight_idx": 0,
  "elapsed_seconds": 21.513439178466797
}