{
  "scenario_id": "L54",
  "design": "locked_iid59_v9",
  "K": 35.243957645181865,
  "mu_max": 105.7318729355456,
  "rho": 0.6552377119710265,
  "arrival_scv": 4.0,
  "mean_jump_fraction": 0.05750010652077689,
  "tau": 0.8336118584069573,
  "qH": 0.36583418401476675,
  "beta": 1.0805999418929249,
  "jump_cv": 1.7782640737853774,
  "cloud_cost_multiplier": 1.793304124283095,
  "deactivation_mean": 1.8118829817801458,
  "lambda_H": 10.875217071936675,
  "lambda_L": 25.505591109670316,
  "mean_H": 2.330511016633462,
  "mean_L": 1.7225516209899503,
  "cv_H": 1.7782640737853774,
  "cv_L": 1.7782640737853774,
  "cW": 1.0,
  "cB": 10.0,
  "cL": 2.5,
  "cC": 0.25,
  "policy_count": 190,
  "diffusion_best_idx": 0,
  "exhaustive_train_idx": 0,
  "holdout_oracle_idx": 2,
  "single_train_idx": 0,
  "selection_idx": 2,
  "final_idx": 2,
  "selection_candidate_count": 34,
  "certified": 1,
  "fallback": 0,
  "certificate_stage_reps": 15,
  "certificate_ambiguous_count": 0,
  "certificate_simulation_count": 282,
  "algorithm_simulation_count": 584,
  "exhaustive_simulation_count": 3830,
  "work_reduction": 0.8475195822454308,
  "holdout_regret_vs_exhaustive": 0.0,
  "holdout_regret_vs_oracle": 0.0,
  "hysteresis_gain_vs_best_single": -0.00045086795911338944,
  "adaptive_gain_vs_best_single": -0.0004477871886990049,
  "exhaustive_holdout_objective": 0.7458791675607174,
  "adaptive_holdout_objective": 0.7458768707138199,
  "single_holdout_objective": 0.7455430260981093,
  "selected_alpha_on": 3.5243957645181867,
  "selected_alpha_off": 3.5243957645181867,
  "exhaustive_alpha_on": 1.7621978822590934,
  "exhaustive_alpha_off": 1.7621978822590934,
  "pareto_count": 120,
  "distinct_weight_optima": 5,
  "robust_idx": 62,
  "robust_max_additive_regret": 0.46552632859703647,
  "equal_weight_idx": 0,
  "elapsed_seconds": 25.357396364212036
}