{
  "scenario_id": "L55",
  "design": "locked_iid59_v9",
  "K": 69.1932707279023,
  "mu_max": 207.5798121837069,
  "rho": 0.8944716111906768,
  "arrival_scv": 4.0,
  "mean_jump_fraction": 0.053865318762978724,
  "tau": 1.5079020821333473,
  "qH": 0.7697073681564555,
  "beta": 0.6120908886230079,
  "jump_cv": 0.7258184472448458,
  "cloud_cost_multiplier": 1.3006048746773142,
  "deactivation_mean": 1.1536012140338743,
  "lambda_H": 33.34313152254885,
  "lambda_L": 13.497076183669039,
  "mean_H": 4.286185221613273,
  "mean_L": 3.168049946409811,
  "cv_H": 0.7258184472448458,
  "cv_L": 0.7258184472448458,
  "cW": 1.0,
  "cB": 10.0,
  "cL": 2.5,
  "cC": 0.25,
  "policy_count": 190,
  "diffusion_best_idx": 0,
  "exhaustive_train_idx": 0,
  "holdout_oracle_idx": 0,
  "single_train_idx": 0,
  "selection_idx": 1,
  "final_idx": 1,
  "selection_candidate_count": 35,
  "certified": 1,
  "fallback": 0,
  "certificate_stage_reps": 15,
  "certificate_ambiguous_count": 0,
  "certificate_simulation_count": 262,
  "algorithm_simulation_count": 572,
  "exhaustive_simulation_count": 3830,
  "work_reduction": 0.8506527415143603,
  "holdout_regret_vs_exhaustive": 0.00423488020707356,
  "holdout_regret_vs_oracle": 0.00423488020707356,
  "hysteresis_gain_vs_best_single": 0.0014141624944648892,
  "adaptive_gain_vs_best_single": -0.002814728903851275,
  "exhaustive_holdout_objective": 1.5854955059990252,
  "adaptive_holdout_objective": 1.5922098895357846,
  "single_holdout_objective": 1.5877408295310786,
  "selected_alpha_on": 6.919327072790231,
  "selected_alpha_off": 3.4596635363951154,
  "exhaustive_alpha_on": 3.4596635363951154,
  "exhaustive_alpha_off": 3.4596635363951154,
  "pareto_count": 177,
  "distinct_weight_optima": 4,
  "robust_idx": 158,
  "robust_max_additive_regret": 0.5128064257589791,
  "equal_weight_idx": 0,
  "elapsed_seconds": 37.8207893371582
}