{
  "scenario_id": "L56",
  "design": "locked_iid59_v9",
  "K": 30.46652469402225,
  "mu_max": 91.39957408206675,
  "rho": 0.8022375796856833,
  "arrival_scv": 1.0,
  "mean_jump_fraction": 0.08411821250422072,
  "tau": 0.4417339359744395,
  "qH": 0.3213427314114762,
  "beta": 0.6667503883446573,
  "jump_cv": 1.438136264406255,
  "cloud_cost_multiplier": 1.9852547110719476,
  "deactivation_mean": 0.27118639758358576,
  "lambda_H": 7.994749524070926,
  "lambda_L": 22.843665936318427,
  "mean_H": 2.947208038248379,
  "mean_L": 2.178371158705324,
  "cv_H": 1.438136264406255,
  "cv_L": 1.438136264406255,
  "cW": 1.0,
  "cB": 10.0,
  "cL": 2.5,
  "cC": 0.25,
  "policy_count": 190,
  "diffusion_best_idx": 0,
  "exhaustive_train_idx": 0,
  "holdout_oracle_idx": 2,
  "single_train_idx": 0,
  "selection_idx": 0,
  "final_idx": 0,
  "selection_candidate_count": 33,
  "certified": 1,
  "fallback": 0,
  "certificate_stage_reps": 20,
  "certificate_ambiguous_count": 0,
  "certificate_simulation_count": 328,
  "algorithm_simulation_count": 622,
  "exhaustive_simulation_count": 3830,
  "work_reduction": 0.8375979112271541,
  "holdout_regret_vs_exhaustive": 0.0,
  "holdout_regret_vs_oracle": 0.015489826404077749,
  "hysteresis_gain_vs_best_single": -0.005497868303235409,
  "adaptive_gain_vs_best_single": -0.005497868303235409,
  "exhaustive_holdout_objective": 0.6376361068482334,
  "adaptive_holdout_objective": 0.6376361068482334,
  "single_holdout_objective": 0.6341496356667926,
  "selected_alpha_on": 1.5233262347011127,
  "selected_alpha_off": 1.5233262347011127,
  "exhaustive_alpha_on": 1.5233262347011127,
  "exhaustive_alpha_off": 1.5233262347011127,
  "pareto_count": 116,
  "distinct_weight_optima": 11,
  "robust_idx": 62,
  "robust_max_additive_regret": 0.37765671266375617,
  "equal_weight_idx": 2,
  "elapsed_seconds": 24.191351652145386
}