{
  "scenario_id": "L57",
  "design": "locked_iid59_v9",
  "K": 43.12250057008767,
  "mu_max": 129.367501710263,
  "rho": 0.6314769559453403,
  "arrival_scv": 4.0,
  "mean_jump_fraction": 0.07333830978108899,
  "tau": 0.6114929049507521,
  "qH": 0.774151985841097,
  "beta": 0.8886943655630203,
  "jump_cv": 0.9123921977003973,
  "cloud_cost_multiplier": 1.5404280691320282,
  "deactivation_mean": 0.6523517313272152,
  "lambda_H": 17.389066034329957,
  "lambda_L": 6.863493321153188,
  "mean_H": 3.6369110011459167,
  "mean_L": 2.688151609542634,
  "cv_H": 0.9123921977003973,
  "cv_L": 0.9123921977003973,
  "cW": 1.0,
  "cB": 10.0,
  "cL": 2.5,
  "cC": 0.25,
  "policy_count": 190,
  "diffusion_best_idx": 0,
  "exhaustive_train_idx": 0,
  "holdout_oracle_idx": 0,
  "single_train_idx": 0,
  "selection_idx": 0,
  "final_idx": 0,
  "selection_candidate_count": 33,
  "certified": 1,
  "fallback": 0,
  "certificate_stage_reps": 15,
  "certificate_ambiguous_count": 0,
  "certificate_simulation_count": 262,
  "algorithm_simulation_count": 556,
  "exhaustive_simulation_count": 3830,
  "work_reduction": 0.8548302872062663,
  "holdout_regret_vs_exhaustive": 0.0,
  "holdout_regret_vs_oracle": 0.0,
  "hysteresis_gain_vs_best_single": 0.0035038930286683386,
  "adaptive_gain_vs_best_single": 0.0035038930286683386,
  "exhaustive_holdout_objective": 1.173501024888353,
  "adaptive_holdout_objective": 1.173501024888353,
  "single_holdout_objective": 1.1776273049926864,
  "selected_alpha_on": 2.1561250285043836,
  "selected_alpha_off": 2.1561250285043836,
  "exhaustive_alpha_on": 2.1561250285043836,
  "exhaustive_alpha_off": 2.1561250285043836,
  "pareto_count": 149,
  "distinct_weight_optima": 6,
  "robust_idx": 71,
  "robust_max_additive_regret": 0.5011498244718761,
  "equal_weight_idx": 0,
  "elapsed_seconds": 20.304028034210205
}