{
  "scenario_id": "L58",
  "design": "locked_iid59_v9",
  "K": 75.70934575354315,
  "mu_max": 227.12803726062944,
  "rho": 0.8834092977535846,
  "arrival_scv": 1.0,
  "mean_jump_fraction": 0.08665510505643598,
  "tau": 2.199058202543543,
  "qH": 0.21707382967985023,
  "beta": 0.7015516477774982,
  "jump_cv": 1.957976099338529,
  "cloud_cost_multiplier": 0.6966333942505321,
  "deactivation_mean": 1.809517004498662,
  "lambda_H": 5.772961954122359,
  "lambda_L": 28.170266260711646,
  "mean_H": 7.5446915065314135,
  "mean_L": 5.576511113523219,
  "cv_H": 1.957976099338529,
  "cv_L": 1.957976099338529,
  "cW": 1.0,
  "cB": 10.0,
  "cL": 2.5,
  "cC": 0.25,
  "policy_count": 190,
  "diffusion_best_idx": 0,
  "exhaustive_train_idx": 0,
  "holdout_oracle_idx": 0,
  "single_train_idx": 0,
  "selection_idx": 0,
  "final_idx": 0,
  "selection_candidate_count": 36,
  "certified": 1,
  "fallback": 0,
  "certificate_stage_reps": 20,
  "certificate_ambiguous_count": 0,
  "certificate_simulation_count": 371,
  "algorithm_simulation_count": 689,
  "exhaustive_simulation_count": 3830,
  "work_reduction": 0.8201044386422977,
  "holdout_regret_vs_exhaustive": 0.0,
  "holdout_regret_vs_oracle": 0.0,
  "hysteresis_gain_vs_best_single": 0.009146363296691485,
  "adaptive_gain_vs_best_single": 0.009146363296691485,
  "exhaustive_holdout_objective": 0.7143860923081066,
  "adaptive_holdout_objective": 0.7143860923081066,
  "single_holdout_objective": 0.7209804413545442,
  "selected_alpha_on": 3.7854672876771573,
  "selected_alpha_off": 3.7854672876771573,
  "exhaustive_alpha_on": 3.7854672876771573,
  "exhaustive_alpha_off": 3.7854672876771573,
  "pareto_count": 102,
  "distinct_weight_optima": 5,
  "robust_idx": 42,
  "robust_max_additive_regret": 0.4722018297539942,
  "equal_weight_idx": 0,
  "elapsed_seconds": 20.88426971435547
}