{
  "scenario_id": "L59",
  "design": "locked_iid59_v9",
  "K": 67.34326101814986,
  "mu_max": 202.02978305444958,
  "rho": 0.5511928292998852,
  "arrival_scv": 1.0,
  "mean_jump_fraction": 0.0867472883084116,
  "tau": 0.8588978362481273,
  "qH": 0.5438847080669716,
  "beta": 1.3768288134143587,
  "jump_cv": 0.656241958497798,
  "cloud_cost_multiplier": 0.6948144808963654,
  "deactivation_mean": 1.3254854639302263,
  "lambda_H": 9.01525289292451,
  "lambda_L": 10.22879825715262,
  "mean_H": 6.7181220710455705,
  "mean_L": 4.9655684872945525,
  "cv_H": 0.656241958497798,
  "cv_L": 0.656241958497798,
  "cW": 1.0,
  "cB": 10.0,
  "cL": 2.5,
  "cC": 0.25,
  "policy_count": 190,
  "diffusion_best_idx": 0,
  "exhaustive_train_idx": 0,
  "holdout_oracle_idx": 0,
  "single_train_idx": 0,
  "selection_idx": 0,
  "final_idx": 0,
  "selection_candidate_count": 32,
  "certified": 0,
  "fallback": 1,
  "certificate_stage_reps": 20,
  "certificate_ambiguous_count": 3,
  "certificate_simulation_count": 640,
  "algorithm_simulation_count": 926,
  "exhaustive_simulation_count": 3830,
  "work_reduction": 0.75822454308094,
  "holdout_regret_vs_exhaustive": 0.0,
  "holdout_regret_vs_oracle": 0.0,
  "hysteresis_gain_vs_best_single": 0.02704393442538985,
  "adaptive_gain_vs_best_single": 0.02704393442538985,
  "exhaustive_holdout_objective": 0.4768341574922868,
  "adaptive_holdout_objective": 0.4768341574922868,
  "single_holdout_objective": 0.49008806703998214,
  "selected_alpha_on": 3.367163050907493,
  "selected_alpha_off": 3.367163050907493,
  "exhaustive_alpha_on": 3.367163050907493,
  "exhaustive_alpha_off": 3.367163050907493,
  "pareto_count": 84,
  "distinct_weight_optima": 9,
  "robust_idx": 39,
  "robust_max_additive_regret": 0.31106813576926756,
  "equal_weight_idx": 11,
  "elapsed_seconds": 16.085593938827515
}