scenario_id,median_regret,max_seed_regret,success_1,success_5,exact
L01,0.0,0.0,1.0,1.0,1.0
L02,0.003201680771725292,0.003201680771725292,1.0,1.0,0.0
L03,0.0,0.0,1.0,1.0,1.0
L04,0.0,0.0,1.0,1.0,1.0
L05,0.0,0.0,1.0,1.0,1.0
L06,0.0,0.0,1.0,1.0,1.0
L07,0.0,0.0,1.0,1.0,1.0
L08,0.002971559652243198,0.002971559652243198,1.0,1.0,0.0
L09,0.0,0.0,1.0,1.0,1.0
L10,0.0,0.0,1.0,1.0,1.0
L11,0.0,0.0,1.0,1.0,1.0
L12,0.0,0.0,1.0,1.0,1.0
L13,0.0,0.0,1.0,1.0,1.0
L14,0.0,0.0,1.0,1.0,1.0
L15,0.0,0.0,1.0,1.0,1.0
L16,0.0,0.0,1.0,1.0,1.0
L17,0.0,0.0,1.0,1.0,1.0
L18,0.0,0.0,1.0,1.0,1.0
L19,0.0,0.0,1.0,1.0,0.0
L20,0.0,0.0,1.0,1.0,1.0
L21,0.0,0.0,1.0,1.0,1.0
L22,0.0,0.0,1.0,1.0,1.0
L23,0.0,0.0,1.0,1.0,1.0
L24,0.0,0.0,1.0,1.0,1.0
L25,0.0,0.0,1.0,1.0,1.0
L26,0.0,0.0,1.0,1.0,1.0
L27,0.0,0.0,1.0,1.0,1.0
L28,0.0,0.0,1.0,1.0,1.0
L29,0.0,0.0,1.0,1.0,1.0
L30,0.01152086950299679,0.01152086950299679,0.0,1.0,0.0
L31,0.0,0.0,1.0,1.0,1.0
L32,0.0,0.0,1.0,1.0,1.0
L33,0.0,0.0,1.0,1.0,1.0
L34,0.0,0.0,1.0,1.0,1.0
L35,0.0,0.0,1.0,1.0,1.0
L36,0.0,0.0,1.0,1.0,1.0
L37,0.0,0.0,1.0,1.0,1.0
L38,0.0,0.0,1.0,1.0,1.0
L39,0.0,0.0,1.0,1.0,1.0
L40,0.0,0.0,1.0,1.0,1.0
L41,0.0,0.0,1.0,1.0,1.0
L42,0.0,0.0,1.0,1.0,1.0
L43,0.0,0.0,1.0,1.0,1.0
L44,0.0,0.0,1.0,1.0,1.0
L45,0.0,0.0,1.0,1.0,1.0
L46,0.0,0.0,1.0,1.0,1.0
L47,0.0,0.0,1.0,1.0,1.0
L48,0.0,0.0,1.0,1.0,1.0
L49,0.0,0.0,1.0,1.0,1.0
L50,0.03493903403859923,0.03493903403859923,0.0,1.0,0.0
L51,0.0,0.0,1.0,1.0,1.0
L52,0.0,0.0,1.0,1.0,1.0
L53,0.0,0.0,1.0,1.0,1.0
L54,0.0,0.0,1.0,1.0,1.0
L55,0.0,0.0,1.0,1.0,1.0
L56,0.0,0.0,1.0,1.0,1.0
L57,0.0,0.0,1.0,1.0,1.0
L58,0.0,0.0,1.0,1.0,1.0
L59,0.0,0.0,1.0,1.0,1.0
