{
  "scenario_id": "C01",
  "design": "confirmatory_iid59_v9b",
  "K": 63.02704472960386,
  "mu_max": 189.08113418881157,
  "rho": 0.6449579228055019,
  "arrival_scv": 1.0,
  "mean_jump_fraction": 0.08180795039423241,
  "tau": 1.7392474750231064,
  "qH": 0.6944063332461374,
  "beta": 1.317785728157859,
  "jump_cv": 1.3225377382071761,
  "cloud_cost_multiplier": 3.4095154404577914,
  "deactivation_mean": 0.8790611688117986,
  "lambda_H": 14.281471499865019,
  "lambda_L": 8.503203025347585,
  "mean_H": 5.929530351044675,
  "mean_L": 4.382696346424325,
  "cv_H": 1.3225377382071761,
  "cv_L": 1.3225377382071761,
  "cW": 1.0,
  "cB": 10.0,
  "cL": 2.5,
  "cC": 0.25,
  "policy_count": 190,
  "diffusion_best_idx": 0,
  "exhaustive_train_idx": 0,
  "holdout_oracle_idx": 0,
  "single_train_idx": 0,
  "selection_idx": 3,
  "final_idx": 3,
  "selection_candidate_count": 38,
  "certified": 1,
  "fallback": 0,
  "certificate_stage_reps": 10,
  "certificate_ambiguous_count": 0,
  "certificate_simulation_count": 282,
  "algorithm_simulation_count": 616,
  "exhaustive_simulation_count": 3830,
  "work_reduction": 0.8391644908616188,
  "holdout_regret_vs_exhaustive": 0.0034190745590511524,
  "holdout_regret_vs_oracle": 0.0034190745590511524,
  "hysteresis_gain_vs_best_single": -0.004120994809226862,
  "adaptive_gain_vs_best_single": -0.0075541593567882235,
  "exhaustive_holdout_objective": 1.5551320821540362,
  "adaptive_holdout_objective": 1.5604491946920933,
  "single_holdout_objective": 1.5487496927095883,
  "selected_alpha_on": 9.454056709440579,
  "selected_alpha_off": 3.151352236480193,
  "exhaustive_alpha_on": 3.151352236480193,
  "exhaustive_alpha_off": 3.151352236480193,
  "pareto_count": 110,
  "distinct_weight_optima": 10,
  "robust_idx": 113,
  "robust_max_additive_regret": 0.44483118864543597,
  "equal_weight_idx": 0,
  "elapsed_seconds": 19.214356660842896
}