{
  "scenario_id": "C02",
  "design": "confirmatory_iid59_v9b",
  "K": 60.05416957695641,
  "mu_max": 180.16250873086923,
  "rho": 0.819227402855078,
  "arrival_scv": 1.0,
  "mean_jump_fraction": 0.07022178546660018,
  "tau": 0.6863781838987228,
  "qH": 0.40552321610351,
  "beta": 1.273840309271561,
  "jump_cv": 0.9440523488668011,
  "cloud_cost_multiplier": 0.5452469146361278,
  "deactivation_mean": 0.6351675068399077,
  "lambda_H": 12.341607773333603,
  "lambda_L": 24.477656219201787,
  "mean_H": 4.84967766426904,
  "mean_L": 3.5845443605466816,
  "cv_H": 0.9440523488668011,
  "cv_L": 0.9440523488668011,
  "cW": 1.0,
  "cB": 10.0,
  "cL": 2.5,
  "cC": 0.25,
  "policy_count": 190,
  "diffusion_best_idx": 0,
  "exhaustive_train_idx": 0,
  "holdout_oracle_idx": 0,
  "single_train_idx": 0,
  "selection_idx": 0,
  "final_idx": 0,
  "selection_candidate_count": 33,
  "certified": 1,
  "fallback": 0,
  "certificate_stage_reps": 15,
  "certificate_ambiguous_count": 0,
  "certificate_simulation_count": 230,
  "algorithm_simulation_count": 524,
  "exhaustive_simulation_count": 3830,
  "work_reduction": 0.8631853785900783,
  "holdout_regret_vs_exhaustive": 0.0,
  "holdout_regret_vs_oracle": 0.0,
  "hysteresis_gain_vs_best_single": 0.0007946338403082813,
  "adaptive_gain_vs_best_single": 0.0007946338403082813,
  "exhaustive_holdout_objective": 1.0239813018064468,
  "adaptive_holdout_objective": 1.0239813018064468,
  "single_holdout_objective": 1.0247956391006765,
  "selected_alpha_on": 3.0027084788478207,
  "selected_alpha_off": 3.0027084788478207,
  "exhaustive_alpha_on": 3.0027084788478207,
  "exhaustive_alpha_off": 3.0027084788478207,
  "pareto_count": 104,
  "distinct_weight_optima": 8,
  "robust_idx": 178,
  "robust_max_additive_regret": 0.45043047972147154,
  "equal_weight_idx": 5,
  "elapsed_seconds": 30.229819297790527
}