{
  "scenario_id": "C03",
  "design": "confirmatory_iid59_v9b",
  "K": 37.21236474208132,
  "mu_max": 111.63709422624396,
  "rho": 0.8914544141488262,
  "arrival_scv": 1.0,
  "mean_jump_fraction": 0.05128848352403638,
  "tau": 0.905592963876568,
  "qH": 0.5826641394077499,
  "beta": 0.7129061207079391,
  "jump_cv": 1.5748585425751753,
  "cloud_cost_multiplier": 2.028534560556683,
  "deactivation_mean": 0.6278550672837744,
  "lambda_H": 26.419280492989014,
  "lambda_L": 25.601612191753297,
  "mean_H": 2.19485061935937,
  "mean_L": 1.6222808925699694,
  "cv_H": 1.5748585425751753,
  "cv_L": 1.5748585425751753,
  "cW": 1.0,
  "cB": 10.0,
  "cL": 2.5,
  "cC": 0.25,
  "policy_count": 190,
  "diffusion_best_idx": 0,
  "exhaustive_train_idx": 1,
  "holdout_oracle_idx": 0,
  "single_train_idx": 1,
  "selection_idx": 1,
  "final_idx": 1,
  "selection_candidate_count": 35,
  "certified": 1,
  "fallback": 0,
  "certificate_stage_reps": 15,
  "certificate_ambiguous_count": 0,
  "certificate_simulation_count": 285,
  "algorithm_simulation_count": 595,
  "exhaustive_simulation_count": 3830,
  "work_reduction": 0.8446475195822454,
  "holdout_regret_vs_exhaustive": 0.0,
  "holdout_regret_vs_oracle": 0.004047254484248439,
  "hysteresis_gain_vs_best_single": 0.013993290709474497,
  "adaptive_gain_vs_best_single": 0.013993290709474497,
  "exhaustive_holdout_objective": 0.8052272477075818,
  "adaptive_holdout_objective": 0.8052272477075818,
  "single_holdout_objective": 0.8166549376595801,
  "selected_alpha_on": 3.7212364742081316,
  "selected_alpha_off": 1.860618237104066,
  "exhaustive_alpha_on": 3.7212364742081316,
  "exhaustive_alpha_off": 1.860618237104066,
  "pareto_count": 125,
  "distinct_weight_optima": 6,
  "robust_idx": 97,
  "robust_max_additive_regret": 0.44117815819580536,
  "equal_weight_idx": 0,
  "elapsed_seconds": 73.08964276313782
}