{
  "scenario_id": "C04",
  "design": "confirmatory_iid59_v9b",
  "K": 66.04132195020838,
  "mu_max": 198.12396585062515,
  "rho": 0.7008395011379561,
  "arrival_scv": 1.0,
  "mean_jump_fraction": 0.050030948474884464,
  "tau": 0.43992038653231047,
  "qH": 0.7604231370865446,
  "beta": 1.095848516288625,
  "jump_cv": 1.1626400530492425,
  "cloud_cost_multiplier": 1.006945875837538,
  "deactivation_mean": 0.40833160536788315,
  "lambda_H": 27.78808204478857,
  "lambda_L": 11.84478108334114,
  "mean_H": 3.7997264720597514,
  "mean_L": 2.8084934793485123,
  "cv_H": 1.1626400530492425,
  "cv_L": 1.1626400530492425,
  "cW": 1.0,
  "cB": 10.0,
  "cL": 2.5,
  "cC": 0.25,
  "policy_count": 190,
  "diffusion_best_idx": 0,
  "exhaustive_train_idx": 0,
  "holdout_oracle_idx": 0,
  "single_train_idx": 0,
  "selection_idx": 0,
  "final_idx": 0,
  "selection_candidate_count": 33,
  "certified": 1,
  "fallback": 0,
  "certificate_stage_reps": 10,
  "certificate_ambiguous_count": 0,
  "certificate_simulation_count": 224,
  "algorithm_simulation_count": 518,
  "exhaustive_simulation_count": 3830,
  "work_reduction": 0.8647519582245431,
  "holdout_regret_vs_exhaustive": 0.0,
  "holdout_regret_vs_oracle": 0.0,
  "hysteresis_gain_vs_best_single": -0.015838854574502344,
  "adaptive_gain_vs_best_single": -0.015838854574502344,
  "exhaustive_holdout_objective": 0.949487769897403,
  "adaptive_holdout_objective": 0.949487769897403,
  "single_holdout_objective": 0.934683454587006,
  "selected_alpha_on": 3.3020660975104192,
  "selected_alpha_off": 3.3020660975104192,
  "exhaustive_alpha_on": 3.3020660975104192,
  "exhaustive_alpha_off": 3.3020660975104192,
  "pareto_count": 120,
  "distinct_weight_optima": 6,
  "robust_idx": 181,
  "robust_max_additive_regret": 0.5107210129136623,
  "equal_weight_idx": 2,
  "elapsed_seconds": 32.64972758293152
}