{
  "scenario_id": "C05",
  "design": "confirmatory_iid59_v9b",
  "K": 56.08356202586154,
  "mu_max": 168.25068607758462,
  "rho": 0.6717786472849859,
  "arrival_scv": 4.0,
  "mean_jump_fraction": 0.06444353590518977,
  "tau": 0.4806987741087038,
  "qH": 0.5857017449066433,
  "beta": 1.2059496473878317,
  "jump_cv": 0.9481015556999217,
  "cloud_cost_multiplier": 2.247640388826605,
  "deactivation_mean": 0.6058919730353867,
  "lambda_H": 15.92746892281994,
  "lambda_L": 15.242712817544485,
  "mean_H": 4.156356499570227,
  "mean_L": 3.0720895866388633,
  "cv_H": 0.9481015556999217,
  "cv_L": 0.9481015556999217,
  "cW": 1.0,
  "cB": 10.0,
  "cL": 2.5,
  "cC": 0.25,
  "policy_count": 190,
  "diffusion_best_idx": 0,
  "exhaustive_train_idx": 0,
  "holdout_oracle_idx": 0,
  "single_train_idx": 0,
  "selection_idx": 0,
  "final_idx": 0,
  "selection_candidate_count": 32,
  "certified": 1,
  "fallback": 0,
  "certificate_stage_reps": 10,
  "certificate_ambiguous_count": 0,
  "certificate_simulation_count": 211,
  "algorithm_simulation_count": 497,
  "exhaustive_simulation_count": 3830,
  "work_reduction": 0.8702349869451698,
  "holdout_regret_vs_exhaustive": 0.0,
  "holdout_regret_vs_oracle": 0.0,
  "hysteresis_gain_vs_best_single": 0.012229830251429118,
  "adaptive_gain_vs_best_single": 0.012229830251429118,
  "exhaustive_holdout_objective": 1.3407135683173488,
  "adaptive_holdout_objective": 1.3407135683173488,
  "single_holdout_objective": 1.3573132793214608,
  "selected_alpha_on": 2.8041781012930773,
  "selected_alpha_off": 2.8041781012930773,
  "exhaustive_alpha_on": 2.8041781012930773,
  "exhaustive_alpha_off": 2.8041781012930773,
  "pareto_count": 145,
  "distinct_weight_optima": 4,
  "robust_idx": 140,
  "robust_max_additive_regret": 0.49198193294497167,
  "equal_weight_idx": 0,
  "elapsed_seconds": 25.53821873664856
}