{
  "scenario_id": "C06",
  "design": "confirmatory_iid59_v9b",
  "K": 36.35716864364906,
  "mu_max": 109.07150593094718,
  "rho": 0.6132351678430348,
  "arrival_scv": 4.0,
  "mean_jump_fraction": 0.06148049967519452,
  "tau": 0.28548211243005006,
  "qH": 0.7619367788340818,
  "beta": 1.0366654441787768,
  "jump_cv": 1.3312434119011363,
  "cloud_cost_multiplier": 0.8036594591670502,
  "deactivation_mean": 1.0283870149750765,
  "lambda_H": 19.82585913975238,
  "lambda_L": 8.380777271427718,
  "mean_H": 2.5705454292348873,
  "mean_L": 1.8999683607388298,
  "cv_H": 1.3312434119011363,
  "cv_L": 1.3312434119011363,
  "cW": 1.0,
  "cB": 10.0,
  "cL": 2.5,
  "cC": 0.25,
  "policy_count": 190,
  "diffusion_best_idx": 0,
  "exhaustive_train_idx": 0,
  "holdout_oracle_idx": 0,
  "single_train_idx": 0,
  "selection_idx": 0,
  "final_idx": 0,
  "selection_candidate_count": 33,
  "certified": 1,
  "fallback": 0,
  "certificate_stage_reps": 10,
  "certificate_ambiguous_count": 0,
  "certificate_simulation_count": 192,
  "algorithm_simulation_count": 486,
  "exhaustive_simulation_count": 3830,
  "work_reduction": 0.8731070496083551,
  "holdout_regret_vs_exhaustive": 0.0,
  "holdout_regret_vs_oracle": 0.0,
  "hysteresis_gain_vs_best_single": 0.00436598960473557,
  "adaptive_gain_vs_best_single": 0.00436598960473557,
  "exhaustive_holdout_objective": 0.8345328336781824,
  "adaptive_holdout_objective": 0.8345328336781824,
  "single_holdout_objective": 0.8381923728648791,
  "selected_alpha_on": 1.8178584321824531,
  "selected_alpha_off": 1.8178584321824531,
  "exhaustive_alpha_on": 1.8178584321824531,
  "exhaustive_alpha_off": 1.8178584321824531,
  "pareto_count": 131,
  "distinct_weight_optima": 5,
  "robust_idx": 74,
  "robust_max_additive_regret": 0.4803242179916302,
  "equal_weight_idx": 0,
  "elapsed_seconds": 22.69853687286377
}