{
  "scenario_id": "C07",
  "design": "confirmatory_iid59_v9b",
  "K": 66.99759268319853,
  "mu_max": 200.9927780495956,
  "rho": 0.6203500446989225,
  "arrival_scv": 1.0,
  "mean_jump_fraction": 0.07398639401198756,
  "tau": 3.4578891537012995,
  "qH": 0.4512183294626561,
  "beta": 1.232153040934832,
  "jump_cv": 1.1240672034358403,
  "cloud_cost_multiplier": 1.6616908250978355,
  "deactivation_mean": 1.0277079741793158,
  "lambda_H": 9.869498936313095,
  "lambda_L": 16.240032098141707,
  "mean_H": 5.700446833630848,
  "mean_L": 4.213373746596714,
  "cv_H": 1.1240672034358403,
  "cv_L": 1.1240672034358403,
  "cW": 1.0,
  "cB": 10.0,
  "cL": 2.5,
  "cC": 0.25,
  "policy_count": 190,
  "diffusion_best_idx": 0,
  "exhaustive_train_idx": 2,
  "holdout_oracle_idx": 1,
  "single_train_idx": 1,
  "selection_idx": 0,
  "final_idx": 3,
  "selection_candidate_count": 34,
  "certified": 0,
  "fallback": 1,
  "certificate_stage_reps": 20,
  "certificate_ambiguous_count": 3,
  "certificate_simulation_count": 680,
  "algorithm_simulation_count": 982,
  "exhaustive_simulation_count": 3830,
  "work_reduction": 0.743603133159269,
  "holdout_regret_vs_exhaustive": 0.0,
  "holdout_regret_vs_oracle": 0.009512345225389178,
  "hysteresis_gain_vs_best_single": -0.008545679248450662,
  "adaptive_gain_vs_best_single": 0.004520123484598098,
  "exhaustive_holdout_objective": 1.347673681735176,
  "adaptive_holdout_objective": 1.330214444304111,
  "single_holdout_objective": 1.3362544795585631,
  "selected_alpha_on": 10.04963890247978,
  "selected_alpha_off": 3.349879634159927,
  "exhaustive_alpha_on": 6.699759268319854,
  "exhaustive_alpha_off": 6.699759268319854,
  "pareto_count": 74,
  "distinct_weight_optima": 6,
  "robust_idx": 73,
  "robust_max_additive_regret": 0.38918632172387896,
  "equal_weight_idx": 1,
  "elapsed_seconds": 20.90213370323181
}