{
  "scenario_id": "C08",
  "design": "confirmatory_iid59_v9b",
  "K": 54.86919235790178,
  "mu_max": 164.60757707370533,
  "rho": 0.6507562188155526,
  "arrival_scv": 4.0,
  "mean_jump_fraction": 0.08376629195151475,
  "tau": 2.933574487708117,
  "qH": 0.7097685504532418,
  "beta": 0.8642239165930172,
  "jump_cv": 1.3321148465446806,
  "cloud_cost_multiplier": 1.7216137600143113,
  "deactivation_mean": 1.125191399404318,
  "lambda_H": 14.384315571953696,
  "lambda_L": 7.957851595753605,
  "mean_H": 5.285617104125196,
  "mean_L": 3.9067604682664494,
  "cv_H": 1.3321148465446806,
  "cv_L": 1.3321148465446806,
  "cW": 1.0,
  "cB": 10.0,
  "cL": 2.5,
  "cC": 0.25,
  "policy_count": 190,
  "diffusion_best_idx": 0,
  "exhaustive_train_idx": 1,
  "holdout_oracle_idx": 0,
  "single_train_idx": 0,
  "selection_idx": 1,
  "final_idx": 1,
  "selection_candidate_count": 37,
  "certified": 1,
  "fallback": 0,
  "certificate_stage_reps": 15,
  "certificate_ambiguous_count": 0,
  "certificate_simulation_count": 272,
  "algorithm_simulation_count": 598,
  "exhaustive_simulation_count": 3830,
  "work_reduction": 0.8438642297650131,
  "holdout_regret_vs_exhaustive": 0.0,
  "holdout_regret_vs_oracle": 0.0019187743200928383,
  "hysteresis_gain_vs_best_single": 0.0026702586322175175,
  "adaptive_gain_vs_best_single": 0.0026702586322175175,
  "exhaustive_holdout_objective": 1.2220885196304025,
  "adaptive_holdout_objective": 1.2220885196304025,
  "single_holdout_objective": 1.2253605492145214,
  "selected_alpha_on": 5.486919235790179,
  "selected_alpha_off": 2.7434596178950894,
  "exhaustive_alpha_on": 5.486919235790179,
  "exhaustive_alpha_off": 2.7434596178950894,
  "pareto_count": 131,
  "distinct_weight_optima": 6,
  "robust_idx": 96,
  "robust_max_additive_regret": 0.4883669890955391,
  "equal_weight_idx": 1,
  "elapsed_seconds": 18.300289630889893
}