{
  "scenario_id": "C09",
  "design": "confirmatory_iid59_v9b",
  "K": 40.82136279928612,
  "mu_max": 122.46408839785836,
  "rho": 0.5910975720581174,
  "arrival_scv": 4.0,
  "mean_jump_fraction": 0.09196729455284144,
  "tau": 0.9758750373710485,
  "qH": 0.7914582083705526,
  "beta": 1.2405886203828225,
  "jump_cv": 0.6991203613658468,
  "cloud_cost_multiplier": 1.6303039132701982,
  "deactivation_mean": 1.6000520235939308,
  "lambda_H": 13.270190781775147,
  "lambda_L": 4.730654099085195,
  "mean_H": 4.317364841101903,
  "mean_L": 3.191095752118798,
  "cv_H": 0.6991203613658468,
  "cv_L": 0.6991203613658468,
  "cW": 1.0,
  "cB": 10.0,
  "cL": 2.5,
  "cC": 0.25,
  "policy_count": 190,
  "diffusion_best_idx": 0,
  "exhaustive_train_idx": 0,
  "holdout_oracle_idx": 1,
  "single_train_idx": 0,
  "selection_idx": 0,
  "final_idx": 0,
  "selection_candidate_count": 33,
  "certified": 1,
  "fallback": 0,
  "certificate_stage_reps": 10,
  "certificate_ambiguous_count": 0,
  "certificate_simulation_count": 210,
  "algorithm_simulation_count": 504,
  "exhaustive_simulation_count": 3830,
  "work_reduction": 0.8684073107049608,
  "holdout_regret_vs_exhaustive": 0.0,
  "holdout_regret_vs_oracle": 3.4915221920593576e-05,
  "hysteresis_gain_vs_best_single": -0.0036972847391238198,
  "adaptive_gain_vs_best_single": -0.0036972847391238198,
  "exhaustive_holdout_objective": 2.124984041512545,
  "adaptive_holdout_objective": 2.124984041512545,
  "single_holdout_objective": 2.117156311790622,
  "selected_alpha_on": 2.041068139964306,
  "selected_alpha_off": 2.041068139964306,
  "exhaustive_alpha_on": 2.041068139964306,
  "exhaustive_alpha_off": 2.041068139964306,
  "pareto_count": 163,
  "distinct_weight_optima": 5,
  "robust_idx": 111,
  "robust_max_additive_regret": 0.5075927045746459,
  "equal_weight_idx": 0,
  "elapsed_seconds": 14.963572263717651
}