{
  "scenario_id": "C10",
  "design": "confirmatory_iid59_v9b",
  "K": 38.68109273095413,
  "mu_max": 116.04327819286237,
  "rho": 0.6654080822192886,
  "arrival_scv": 1.0,
  "mean_jump_fraction": 0.09665617820612867,
  "tau": 0.5437149143108779,
  "qH": 0.508482126997625,
  "beta": 0.7540809881198051,
  "jump_cv": 1.1527801016786516,
  "cloud_cost_multiplier": 1.0293165795850543,
  "deactivation_mean": 0.371168932355122,
  "lambda_H": 9.13182455625379,
  "lambda_L": 11.942633265092558,
  "mean_H": 4.299581581042523,
  "mean_L": 3.1779516033792565,
  "cv_H": 1.1527801016786516,
  "cv_L": 1.1527801016786516,
  "cW": 1.0,
  "cB": 10.0,
  "cL": 2.5,
  "cC": 0.25,
  "policy_count": 190,
  "diffusion_best_idx": 0,
  "exhaustive_train_idx": 0,
  "holdout_oracle_idx": 0,
  "single_train_idx": 0,
  "selection_idx": 6,
  "final_idx": 0,
  "selection_candidate_count": 36,
  "certified": 0,
  "fallback": 1,
  "certificate_stage_reps": 20,
  "certificate_ambiguous_count": 1,
  "certificate_simulation_count": 720,
  "algorithm_simulation_count": 1038,
  "exhaustive_simulation_count": 3830,
  "work_reduction": 0.7289817232375979,
  "holdout_regret_vs_exhaustive": 0.0,
  "holdout_regret_vs_oracle": 0.0,
  "hysteresis_gain_vs_best_single": 0.002982580272486009,
  "adaptive_gain_vs_best_single": 0.002982580272486009,
  "exhaustive_holdout_objective": 0.4848946504706735,
  "adaptive_holdout_objective": 0.4848946504706735,
  "single_holdout_objective": 0.4863452141119016,
  "selected_alpha_on": 1.9340546365477065,
  "selected_alpha_off": 1.9340546365477065,
  "exhaustive_alpha_on": 1.9340546365477065,
  "exhaustive_alpha_off": 1.9340546365477065,
  "pareto_count": 113,
  "distinct_weight_optima": 13,
  "robust_idx": 60,
  "robust_max_additive_regret": 0.38642838535598945,
  "equal_weight_idx": 0,
  "elapsed_seconds": 13.805397748947144
}