{
  "scenario_id": "C11",
  "design": "confirmatory_iid59_v9b",
  "K": 32.62240487778796,
  "mu_max": 97.86721463336387,
  "rho": 0.627968002944177,
  "arrival_scv": 4.0,
  "mean_jump_fraction": 0.05044443364293584,
  "tau": 1.203758344301159,
  "qH": 0.4232656801646394,
  "beta": 1.1651195119547264,
  "jump_cv": 1.729181825379567,
  "cloud_cost_multiplier": 0.7845375116739763,
  "deactivation_mean": 1.957070065485824,
  "lambda_H": 13.745506113115926,
  "lambda_L": 25.339753740308748,
  "mean_H": 1.892461548850145,
  "mean_L": 1.398775927410977,
  "cv_H": 1.729181825379567,
  "cv_L": 1.729181825379567,
  "cW": 1.0,
  "cB": 10.0,
  "cL": 2.5,
  "cC": 0.25,
  "policy_count": 190,
  "diffusion_best_idx": 0,
  "exhaustive_train_idx": 0,
  "holdout_oracle_idx": 0,
  "single_train_idx": 0,
  "selection_idx": 0,
  "final_idx": 0,
  "selection_candidate_count": 33,
  "certified": 0,
  "fallback": 1,
  "certificate_stage_reps": 20,
  "certificate_ambiguous_count": 1,
  "certificate_simulation_count": 660,
  "algorithm_simulation_count": 954,
  "exhaustive_simulation_count": 3830,
  "work_reduction": 0.7509138381201044,
  "holdout_regret_vs_exhaustive": 0.0,
  "holdout_regret_vs_oracle": 0.0,
  "hysteresis_gain_vs_best_single": 0.006982184388394024,
  "adaptive_gain_vs_best_single": 0.006982184388394024,
  "exhaustive_holdout_objective": 0.613865109621551,
  "adaptive_holdout_objective": 0.613865109621551,
  "single_holdout_objective": 0.6181813659037604,
  "selected_alpha_on": 1.631120243889398,
  "selected_alpha_off": 1.631120243889398,
  "exhaustive_alpha_on": 1.631120243889398,
  "exhaustive_alpha_off": 1.631120243889398,
  "pareto_count": 124,
  "distinct_weight_optima": 5,
  "robust_idx": 51,
  "robust_max_additive_regret": 0.4663720170878294,
  "equal_weight_idx": 0,
  "elapsed_seconds": 29.511062383651733
}