{
  "scenario_id": "C12",
  "design": "confirmatory_iid59_v9b",
  "K": 52.04518778988988,
  "mu_max": 156.13556336966963,
  "rho": 0.6183945867100265,
  "arrival_scv": 1.0,
  "mean_jump_fraction": 0.09457838431472468,
  "tau": 2.026485071367836,
  "qH": 0.7974443145126775,
  "beta": 0.7523354115892124,
  "jump_cv": 1.6180780790760236,
  "cloud_cost_multiplier": 2.4771934757918648,
  "deactivation_mean": 1.2532232372996333,
  "lambda_H": 13.601837088667237,
  "lambda_L": 4.674342761992378,
  "mean_H": 5.660702238402854,
  "mean_L": 4.183997306645588,
  "cv_H": 1.6180780790760236,
  "cv_L": 1.6180780790760236,
  "cW": 1.0,
  "cB": 10.0,
  "cL": 2.5,
  "cC": 0.25,
  "policy_count": 190,
  "diffusion_best_idx": 0,
  "exhaustive_train_idx": 187,
  "holdout_oracle_idx": 188,
  "single_train_idx": 18,
  "selection_idx": 188,
  "final_idx": 188,
  "selection_candidate_count": 42,
  "certified": 1,
  "fallback": 0,
  "certificate_stage_reps": 10,
  "certificate_ambiguous_count": 0,
  "certificate_simulation_count": 258,
  "algorithm_simulation_count": 624,
  "exhaustive_simulation_count": 3830,
  "work_reduction": 0.8370757180156658,
  "holdout_regret_vs_exhaustive": 0.0,
  "holdout_regret_vs_oracle": 0.0,
  "hysteresis_gain_vs_best_single": 0.001168320814013135,
  "adaptive_gain_vs_best_single": 0.00401096089137076,
  "exhaustive_holdout_objective": 0.6448194198150026,
  "adaptive_holdout_objective": 0.6429842862648548,
  "single_holdout_objective": 0.6455736569554021,
  "selected_alpha_on": 49.44292840039538,
  "selected_alpha_off": 46.84066901090088,
  "exhaustive_alpha_on": 49.44292840039538,
  "exhaustive_alpha_off": 44.23840962140639,
  "pareto_count": 142,
  "distinct_weight_optima": 5,
  "robust_idx": 53,
  "robust_max_additive_regret": 0.48017309529277635,
  "equal_weight_idx": 0,
  "elapsed_seconds": 15.506749153137207
}