{
  "scenario_id": "C13",
  "design": "confirmatory_iid59_v9b",
  "K": 67.13261425093904,
  "mu_max": 201.39784275281713,
  "rho": 0.7399723593469334,
  "arrival_scv": 4.0,
  "mean_jump_fraction": 0.09552768883845333,
  "tau": 2.150163120757669,
  "qH": 0.7544025232396312,
  "beta": 1.082904545017188,
  "jump_cv": 1.5748557285352114,
  "cloud_cost_multiplier": 1.1097587229817518,
  "deactivation_mean": 1.2059646199272638,
  "lambda_H": 15.244485569258028,
  "lambda_L": 6.71448111153305,
  "mean_H": 7.374977007836966,
  "mean_L": 5.451069962314279,
  "cv_H": 1.5748557285352114,
  "cv_L": 1.5748557285352114,
  "cW": 1.0,
  "cB": 10.0,
  "cL": 2.5,
  "cC": 0.25,
  "policy_count": 190,
  "diffusion_best_idx": 0,
  "exhaustive_train_idx": 0,
  "holdout_oracle_idx": 0,
  "single_train_idx": 0,
  "selection_idx": 0,
  "final_idx": 0,
  "selection_candidate_count": 36,
  "certified": 1,
  "fallback": 0,
  "certificate_stage_reps": 10,
  "certificate_ambiguous_count": 0,
  "certificate_simulation_count": 261,
  "algorithm_simulation_count": 579,
  "exhaustive_simulation_count": 3830,
  "work_reduction": 0.8488250652741515,
  "holdout_regret_vs_exhaustive": 0.0,
  "holdout_regret_vs_oracle": 0.0,
  "hysteresis_gain_vs_best_single": 0.002488653967366965,
  "adaptive_gain_vs_best_single": 0.002488653967366965,
  "exhaustive_holdout_objective": 1.5116126482603687,
  "adaptive_holdout_objective": 1.5116126482603687,
  "single_holdout_objective": 1.5153839144511516,
  "selected_alpha_on": 3.356630712546952,
  "selected_alpha_off": 3.356630712546952,
  "exhaustive_alpha_on": 3.356630712546952,
  "exhaustive_alpha_off": 3.356630712546952,
  "pareto_count": 141,
  "distinct_weight_optima": 4,
  "robust_idx": 141,
  "robust_max_additive_regret": 0.48631227129157667,
  "equal_weight_idx": 0,
  "elapsed_seconds": 30.597156286239624
}