{
  "scenario_id": "C14",
  "design": "confirmatory_iid59_v9b",
  "K": 40.14830642490955,
  "mu_max": 120.44491927472865,
  "rho": 0.5955078696443239,
  "arrival_scv": 4.0,
  "mean_jump_fraction": 0.07593978420037067,
  "tau": 0.6301155672688281,
  "qH": 0.6308593901352898,
  "beta": 1.3636821490185576,
  "jump_cv": 1.6965583592053939,
  "cloud_cost_multiplier": 1.4746163687654734,
  "deactivation_mean": 0.9259980677344156,
  "lambda_H": 12.905479121285728,
  "lambda_L": 10.216739044639642,
  "mean_H": 3.506181784805684,
  "mean_L": 2.591525667030288,
  "cv_H": 1.6965583592053939,
  "cv_L": 1.6965583592053939,
  "cW": 1.0,
  "cB": 10.0,
  "cL": 2.5,
  "cC": 0.25,
  "policy_count": 190,
  "diffusion_best_idx": 0,
  "exhaustive_train_idx": 0,
  "holdout_oracle_idx": 0,
  "single_train_idx": 0,
  "selection_idx": 1,
  "final_idx": 1,
  "selection_candidate_count": 35,
  "certified": 1,
  "fallback": 0,
  "certificate_stage_reps": 15,
  "certificate_ambiguous_count": 0,
  "certificate_simulation_count": 277,
  "algorithm_simulation_count": 587,
  "exhaustive_simulation_count": 3830,
  "work_reduction": 0.8467362924281985,
  "holdout_regret_vs_exhaustive": 0.012032685720337407,
  "holdout_regret_vs_oracle": 0.012032685720337407,
  "hysteresis_gain_vs_best_single": 0.0035327744174588156,
  "adaptive_gain_vs_best_single": -0.008457402538592462,
  "exhaustive_holdout_objective": 1.1217048689153652,
  "adaptive_holdout_objective": 1.135201991073996,
  "single_holdout_objective": 1.1256816482444862,
  "selected_alpha_on": 4.014830642490955,
  "selected_alpha_off": 2.0074153212454777,
  "exhaustive_alpha_on": 2.0074153212454777,
  "exhaustive_alpha_off": 2.0074153212454777,
  "pareto_count": 127,
  "distinct_weight_optima": 6,
  "robust_idx": 86,
  "robust_max_additive_regret": 0.46230276863538206,
  "equal_weight_idx": 0,
  "elapsed_seconds": 39.616111040115356
}