{
  "scenario_id": "C15",
  "design": "confirmatory_iid59_v9b",
  "K": 62.086458766090296,
  "mu_max": 186.2593762982709,
  "rho": 0.8929688980417916,
  "arrival_scv": 4.0,
  "mean_jump_fraction": 0.06527764042432348,
  "tau": 1.9102619954310724,
  "qH": 0.2196336790507588,
  "beta": 1.181419458518019,
  "jump_cv": 1.6264257655716876,
  "cloud_cost_multiplier": 0.4610381609973375,
  "deactivation_mean": 1.453665629650967,
  "lambda_H": 7.837801058076329,
  "lambda_L": 37.67668913837743,
  "mean_H": 4.660786160135292,
  "mean_L": 3.444928900969564,
  "cv_H": 1.6264257655716876,
  "cv_L": 1.6264257655716876,
  "cW": 1.0,
  "cB": 10.0,
  "cL": 2.5,
  "cC": 0.25,
  "policy_count": 190,
  "diffusion_best_idx": 0,
  "exhaustive_train_idx": 0,
  "holdout_oracle_idx": 0,
  "single_train_idx": 0,
  "selection_idx": 0,
  "final_idx": 0,
  "selection_candidate_count": 35,
  "certified": 0,
  "fallback": 1,
  "certificate_stage_reps": 20,
  "certificate_ambiguous_count": 2,
  "certificate_simulation_count": 700,
  "algorithm_simulation_count": 1010,
  "exhaustive_simulation_count": 3830,
  "work_reduction": 0.7362924281984334,
  "holdout_regret_vs_exhaustive": 0.0,
  "holdout_regret_vs_oracle": 0.0,
  "hysteresis_gain_vs_best_single": 0.0037701342180638873,
  "adaptive_gain_vs_best_single": 0.0037701342180638873,
  "exhaustive_holdout_objective": 1.4395118071799506,
  "adaptive_holdout_objective": 1.4395118071799506,
  "single_holdout_objective": 1.444959498428693,
  "selected_alpha_on": 3.104322938304515,
  "selected_alpha_off": 3.104322938304515,
  "exhaustive_alpha_on": 3.104322938304515,
  "exhaustive_alpha_off": 3.104322938304515,
  "pareto_count": 128,
  "distinct_weight_optima": 4,
  "robust_idx": 96,
  "robust_max_additive_regret": 0.4768884958517974,
  "equal_weight_idx": 10,
  "elapsed_seconds": 33.890925884246826
}