{
  "scenario_id": "C16",
  "design": "confirmatory_iid59_v9b",
  "K": 75.3491335548933,
  "mu_max": 226.0474006646799,
  "rho": 0.8579622021660986,
  "arrival_scv": 4.0,
  "mean_jump_fraction": 0.06985288411656973,
  "tau": 0.8898544371105189,
  "qH": 0.4249094576557746,
  "beta": 0.659053281906176,
  "jump_cv": 1.1921240694312607,
  "cloud_cost_multiplier": 1.2495969604843336,
  "deactivation_mean": 0.3708870313383371,
  "lambda_H": 13.61456047005441,
  "lambda_L": 24.93000511312371,
  "mean_H": 6.052857438667981,
  "mean_L": 4.473851150319812,
  "cv_H": 1.1921240694312607,
  "cv_L": 1.1921240694312607,
  "cW": 1.0,
  "cB": 10.0,
  "cL": 2.5,
  "cC": 0.25,
  "policy_count": 190,
  "diffusion_best_idx": 0,
  "exhaustive_train_idx": 0,
  "holdout_oracle_idx": 0,
  "single_train_idx": 0,
  "selection_idx": 1,
  "final_idx": 0,
  "selection_candidate_count": 34,
  "certified": 0,
  "fallback": 1,
  "certificate_stage_reps": 20,
  "certificate_ambiguous_count": 1,
  "certificate_simulation_count": 680,
  "algorithm_simulation_count": 982,
  "exhaustive_simulation_count": 3830,
  "work_reduction": 0.743603133159269,
  "holdout_regret_vs_exhaustive": 0.0,
  "holdout_regret_vs_oracle": 0.0,
  "hysteresis_gain_vs_best_single": -0.0046054189859705665,
  "adaptive_gain_vs_best_single": -0.0046054189859705665,
  "exhaustive_holdout_objective": 1.0884294140167898,
  "adaptive_holdout_objective": 1.0884294140167898,
  "single_holdout_objective": 1.083439720159413,
  "selected_alpha_on": 3.767456677744665,
  "selected_alpha_off": 3.767456677744665,
  "exhaustive_alpha_on": 3.767456677744665,
  "exhaustive_alpha_off": 3.767456677744665,
  "pareto_count": 139,
  "distinct_weight_optima": 3,
  "robust_idx": 73,
  "robust_max_additive_regret": 0.47542490868843884,
  "equal_weight_idx": 0,
  "elapsed_seconds": 31.437089204788208
}