{
  "scenario_id": "C17",
  "design": "confirmatory_iid59_v9b",
  "K": 64.19285093053333,
  "mu_max": 192.57855279159998,
  "rho": 0.561650126722296,
  "arrival_scv": 4.0,
  "mean_jump_fraction": 0.05003515316847513,
  "tau": 0.9546638508706728,
  "qH": 0.3923202504536464,
  "beta": 1.3807821907667575,
  "jump_cv": 1.6728678971182234,
  "cloud_cost_multiplier": 3.9603687972791977,
  "deactivation_mean": 1.8859164942020865,
  "lambda_H": 11.488273540026317,
  "lambda_L": 24.07507898838298,
  "mean_H": 3.693683997924875,
  "mean_L": 2.7301142593357772,
  "cv_H": 1.6728678971182234,
  "cv_L": 1.6728678971182234,
  "cW": 1.0,
  "cB": 10.0,
  "cL": 2.5,
  "cC": 0.25,
  "policy_count": 190,
  "diffusion_best_idx": 5,
  "exhaustive_train_idx": 0,
  "holdout_oracle_idx": 1,
  "single_train_idx": 0,
  "selection_idx": 0,
  "final_idx": 0,
  "selection_candidate_count": 33,
  "certified": 1,
  "fallback": 0,
  "certificate_stage_reps": 15,
  "certificate_ambiguous_count": 0,
  "certificate_simulation_count": 344,
  "algorithm_simulation_count": 638,
  "exhaustive_simulation_count": 3830,
  "work_reduction": 0.833420365535248,
  "holdout_regret_vs_exhaustive": 0.0,
  "holdout_regret_vs_oracle": 0.006006807744658514,
  "hysteresis_gain_vs_best_single": 0.003882227409858643,
  "adaptive_gain_vs_best_single": 0.003882227409858643,
  "exhaustive_holdout_objective": 1.1504237955170968,
  "adaptive_holdout_objective": 1.1504237955170968,
  "single_holdout_objective": 1.1549074087150593,
  "selected_alpha_on": 3.2096425465266663,
  "selected_alpha_off": 3.2096425465266663,
  "exhaustive_alpha_on": 3.2096425465266663,
  "exhaustive_alpha_off": 3.2096425465266663,
  "pareto_count": 119,
  "distinct_weight_optima": 7,
  "robust_idx": 53,
  "robust_max_additive_regret": 0.4527150383047549,
  "equal_weight_idx": 1,
  "elapsed_seconds": 24.33900022506714
}