{
  "scenario_id": "C18",
  "design": "confirmatory_iid59_v9b",
  "K": 51.76028712792875,
  "mu_max": 155.28086138378626,
  "rho": 0.5600490221152415,
  "arrival_scv": 4.0,
  "mean_jump_fraction": 0.09540876519612204,
  "tau": 0.8471785623450286,
  "qH": 0.22948589741359804,
  "beta": 1.248771055191547,
  "jump_cv": 0.7640738165270048,
  "cloud_cost_multiplier": 0.56834469523142,
  "deactivation_mean": 0.6719645064229207,
  "lambda_H": 3.5141248292302283,
  "lambda_L": 15.963226986626777,
  "mean_H": 5.679142843233273,
  "mean_L": 4.19762731891155,
  "cv_H": 0.7640738165270048,
  "cv_L": 0.7640738165270048,
  "cW": 1.0,
  "cB": 10.0,
  "cL": 2.5,
  "cC": 0.25,
  "policy_count": 190,
  "diffusion_best_idx": 0,
  "exhaustive_train_idx": 0,
  "holdout_oracle_idx": 1,
  "single_train_idx": 0,
  "selection_idx": 1,
  "final_idx": 0,
  "selection_candidate_count": 32,
  "certified": 0,
  "fallback": 1,
  "certificate_stage_reps": 20,
  "certificate_ambiguous_count": 2,
  "certificate_simulation_count": 640,
  "algorithm_simulation_count": 926,
  "exhaustive_simulation_count": 3830,
  "work_reduction": 0.75822454308094,
  "holdout_regret_vs_exhaustive": 0.0,
  "holdout_regret_vs_oracle": 0.0010668678820821413,
  "hysteresis_gain_vs_best_single": -0.024689992046117507,
  "adaptive_gain_vs_best_single": -0.024689992046117507,
  "exhaustive_holdout_objective": 1.1107967044482945,
  "adaptive_holdout_objective": 1.1107967044482945,
  "single_holdout_objective": 1.0840319638823033,
  "selected_alpha_on": 2.5880143563964375,
  "selected_alpha_off": 2.5880143563964375,
  "exhaustive_alpha_on": 2.5880143563964375,
  "exhaustive_alpha_off": 2.5880143563964375,
  "pareto_count": 118,
  "distinct_weight_optima": 7,
  "robust_idx": 70,
  "robust_max_additive_regret": 0.4085595918854946,
  "equal_weight_idx": 3,
  "elapsed_seconds": 15.924652814865112
}