{
  "scenario_id": "C19",
  "design": "confirmatory_iid59_v9b",
  "K": 79.35514894782327,
  "mu_max": 238.0654468434698,
  "rho": 0.5567325342883508,
  "arrival_scv": 1.0,
  "mean_jump_fraction": 0.05719716548527861,
  "tau": 0.3112078508293,
  "qH": 0.5128999926314373,
  "beta": 0.698239468486473,
  "jump_cv": 1.2206252886673326,
  "cloud_cost_multiplier": 2.1273595195686084,
  "deactivation_mean": 1.3191867539089759,
  "lambda_H": 13.02351460699284,
  "lambda_L": 16.733722374487346,
  "mean_H": 5.219723024449217,
  "mean_L": 3.8580561485059435,
  "cv_H": 1.2206252886673326,
  "cv_L": 1.2206252886673326,
  "cW": 1.0,
  "cB": 10.0,
  "cL": 2.5,
  "cC": 0.25,
  "policy_count": 190,
  "diffusion_best_idx": 101,
  "exhaustive_train_idx": 134,
  "holdout_oracle_idx": 134,
  "single_train_idx": 17,
  "selection_idx": 169,
  "final_idx": 169,
  "selection_candidate_count": 48,
  "certified": 1,
  "fallback": 0,
  "certificate_stage_reps": 20,
  "certificate_ambiguous_count": 0,
  "certificate_simulation_count": 586,
  "algorithm_simulation_count": 1000,
  "exhaustive_simulation_count": 3830,
  "work_reduction": 0.7389033942558747,
  "holdout_regret_vs_exhaustive": 0.014497049869672233,
  "holdout_regret_vs_oracle": 0.014497049869672233,
  "hysteresis_gain_vs_best_single": 0.017169689337194403,
  "adaptive_gain_vs_best_single": 0.0029215493100902554,
  "exhaustive_holdout_objective": 0.1998310551182019,
  "adaptive_holdout_objective": 0.2027280158897597,
  "single_holdout_objective": 0.20332203122982534,
  "selected_alpha_on": 71.41963405304094,
  "selected_alpha_off": 67.45187660564977,
  "exhaustive_alpha_on": 63.48411915825861,
  "exhaustive_alpha_off": 59.51636171086744,
  "pareto_count": 119,
  "distinct_weight_optima": 7,
  "robust_idx": 33,
  "robust_max_additive_regret": 0.3855441084869141,
  "equal_weight_idx": 3,
  "elapsed_seconds": 22.99657678604126
}