{
  "scenario_id": "C20",
  "design": "confirmatory_iid59_v9b",
  "K": 72.0746245229416,
  "mu_max": 216.2238735688248,
  "rho": 0.7334453648785642,
  "arrival_scv": 4.0,
  "mean_jump_fraction": 0.05288135443725034,
  "tau": 0.27214269471698155,
  "qH": 0.5968598729416212,
  "beta": 0.7848103620400704,
  "jump_cv": 0.9082782971220053,
  "cloud_cost_multiplier": 0.2964822009953584,
  "deactivation_mean": 0.6148946019535139,
  "lambda_H": 21.595387174188893,
  "lambda_L": 19.734383134432786,
  "mean_H": 4.383114330128821,
  "mean_L": 3.2396932005299983,
  "cv_H": 0.9082782971220053,
  "cv_L": 0.9082782971220053,
  "cW": 1.0,
  "cB": 10.0,
  "cL": 2.5,
  "cC": 0.25,
  "policy_count": 190,
  "diffusion_best_idx": 0,
  "exhaustive_train_idx": 0,
  "holdout_oracle_idx": 0,
  "single_train_idx": 0,
  "selection_idx": 0,
  "final_idx": 0,
  "selection_candidate_count": 32,
  "certified": 1,
  "fallback": 0,
  "certificate_stage_reps": 15,
  "certificate_ambiguous_count": 0,
  "certificate_simulation_count": 222,
  "algorithm_simulation_count": 508,
  "exhaustive_simulation_count": 3830,
  "work_reduction": 0.8673629242819844,
  "holdout_regret_vs_exhaustive": 0.0,
  "holdout_regret_vs_oracle": 0.0,
  "hysteresis_gain_vs_best_single": -0.005979722825889767,
  "adaptive_gain_vs_best_single": -0.005979722825889767,
  "exhaustive_holdout_objective": 0.41430087394657006,
  "adaptive_holdout_objective": 0.41430087394657006,
  "single_holdout_objective": 0.4118381956872458,
  "selected_alpha_on": 3.6037312261470804,
  "selected_alpha_off": 3.6037312261470804,
  "exhaustive_alpha_on": 3.6037312261470804,
  "exhaustive_alpha_off": 3.6037312261470804,
  "pareto_count": 132,
  "distinct_weight_optima": 8,
  "robust_idx": 60,
  "robust_max_additive_regret": 0.4645497140949626,
  "equal_weight_idx": 1,
  "elapsed_seconds": 27.715363264083862
}