{
  "scenario_id": "C21",
  "design": "confirmatory_iid59_v9b",
  "K": 74.65306530689611,
  "mu_max": 223.95919592068833,
  "rho": 0.7913201064875496,
  "arrival_scv": 4.0,
  "mean_jump_fraction": 0.08109624668167706,
  "tau": 3.1132111705675323,
  "qH": 0.4903263034300757,
  "beta": 1.3325833592158203,
  "jump_cv": 1.6491127482249714,
  "cloud_cost_multiplier": 0.7684802316212069,
  "deactivation_mean": 0.37257292800744246,
  "lambda_H": 12.48130661229963,
  "lambda_L": 17.5527834994877,
  "mean_H": 6.962195909622102,
  "mean_L": 5.145970889720685,
  "cv_H": 1.6491127482249714,
  "cv_L": 1.6491127482249714,
  "cW": 1.0,
  "cB": 10.0,
  "cL": 2.5,
  "cC": 0.25,
  "policy_count": 190,
  "diffusion_best_idx": 0,
  "exhaustive_train_idx": 45,
  "holdout_oracle_idx": 10,
  "single_train_idx": 0,
  "selection_idx": 1,
  "final_idx": 1,
  "selection_candidate_count": 37,
  "certified": 1,
  "fallback": 0,
  "certificate_stage_reps": 20,
  "certificate_ambiguous_count": 0,
  "certificate_simulation_count": 366,
  "algorithm_simulation_count": 692,
  "exhaustive_simulation_count": 3830,
  "work_reduction": 0.8193211488250652,
  "holdout_regret_vs_exhaustive": 0.0,
  "holdout_regret_vs_oracle": 0.0005620350548190493,
  "hysteresis_gain_vs_best_single": -0.0235626504417339,
  "adaptive_gain_vs_best_single": -0.00918546993723444,
  "exhaustive_holdout_objective": 2.130335521090833,
  "adaptive_holdout_objective": 2.1004123714832814,
  "single_holdout_objective": 2.0812947015714713,
  "selected_alpha_on": 7.465306530689611,
  "selected_alpha_off": 3.7326532653448057,
  "exhaustive_alpha_on": 37.326532653448055,
  "exhaustive_alpha_off": 3.7326532653448057,
  "pareto_count": 125,
  "distinct_weight_optima": 8,
  "robust_idx": 87,
  "robust_max_additive_regret": 0.4778695482667228,
  "equal_weight_idx": 1,
  "elapsed_seconds": 25.125622749328613
}