{
  "scenario_id": "C22",
  "design": "confirmatory_iid59_v9b",
  "K": 76.55426446659385,
  "mu_max": 229.66279339978155,
  "rho": 0.8581038860793841,
  "arrival_scv": 1.0,
  "mean_jump_fraction": 0.07007940054561491,
  "tau": 0.7429928206449777,
  "qH": 0.6555809191657145,
  "beta": 0.8346630962977583,
  "jump_cv": 1.2963205799299335,
  "cloud_cost_multiplier": 1.0519355864598843,
  "deactivation_mean": 1.0392070294615736,
  "lambda_H": 20.941086451965457,
  "lambda_L": 14.884663567463887,
  "mean_H": 6.16960850748377,
  "mean_L": 4.560145418574961,
  "cv_H": 1.2963205799299335,
  "cv_L": 1.2963205799299335,
  "cW": 1.0,
  "cB": 10.0,
  "cL": 2.5,
  "cC": 0.25,
  "policy_count": 190,
  "diffusion_best_idx": 0,
  "exhaustive_train_idx": 0,
  "holdout_oracle_idx": 0,
  "single_train_idx": 0,
  "selection_idx": 0,
  "final_idx": 0,
  "selection_candidate_count": 34,
  "certified": 1,
  "fallback": 0,
  "certificate_stage_reps": 10,
  "certificate_ambiguous_count": 0,
  "certificate_simulation_count": 237,
  "algorithm_simulation_count": 539,
  "exhaustive_simulation_count": 3830,
  "work_reduction": 0.8592689295039164,
  "holdout_regret_vs_exhaustive": 0.0,
  "holdout_regret_vs_oracle": 0.0,
  "hysteresis_gain_vs_best_single": 0.0011353905192368393,
  "adaptive_gain_vs_best_single": 0.0011353905192368393,
  "exhaustive_holdout_objective": 0.7992208445987747,
  "adaptive_holdout_objective": 0.7992208445987747,
  "single_holdout_objective": 0.8001293038245006,
  "selected_alpha_on": 3.8277132233296927,
  "selected_alpha_off": 3.8277132233296927,
  "exhaustive_alpha_on": 3.8277132233296927,
  "exhaustive_alpha_off": 3.8277132233296927,
  "pareto_count": 129,
  "distinct_weight_optima": 5,
  "robust_idx": 98,
  "robust_max_additive_regret": 0.462047767765732,
  "equal_weight_idx": 0,
  "elapsed_seconds": 30.691493272781372
}