{
  "scenario_id": "C23",
  "design": "confirmatory_iid59_v9b",
  "K": 42.80710182878571,
  "mu_max": 128.42130548635714,
  "rho": 0.5920158112465584,
  "arrival_scv": 1.0,
  "mean_jump_fraction": 0.0801185956063704,
  "tau": 2.172593466454234,
  "qH": 0.3320510459316549,
  "beta": 1.2132542805887683,
  "jump_cv": 1.7669158167682606,
  "cloud_cost_multiplier": 0.7195158569415571,
  "deactivation_mean": 0.25567158578600613,
  "lambda_H": 6.400711383832155,
  "lambda_L": 17.419896926310763,
  "mean_H": 3.944091612576381,
  "mean_L": 2.9151981484260205,
  "cv_H": 1.7669158167682606,
  "cv_L": 1.7669158167682606,
  "cW": 1.0,
  "cB": 10.0,
  "cL": 2.5,
  "cC": 0.25,
  "policy_count": 190,
  "diffusion_best_idx": 0,
  "exhaustive_train_idx": 0,
  "holdout_oracle_idx": 4,
  "single_train_idx": 0,
  "selection_idx": 0,
  "final_idx": 0,
  "selection_candidate_count": 34,
  "certified": 1,
  "fallback": 0,
  "certificate_stage_reps": 20,
  "certificate_ambiguous_count": 0,
  "certificate_simulation_count": 376,
  "algorithm_simulation_count": 678,
  "exhaustive_simulation_count": 3830,
  "work_reduction": 0.822976501305483,
  "holdout_regret_vs_exhaustive": 0.0,
  "holdout_regret_vs_oracle": 0.010787910970432073,
  "hysteresis_gain_vs_best_single": -0.005327392858656077,
  "adaptive_gain_vs_best_single": -0.005327392858656077,
  "exhaustive_holdout_objective": 0.8107827662988041,
  "adaptive_holdout_objective": 0.8107827662988041,
  "single_holdout_objective": 0.8064862969597766,
  "selected_alpha_on": 2.1403550914392855,
  "selected_alpha_off": 2.1403550914392855,
  "exhaustive_alpha_on": 2.1403550914392855,
  "exhaustive_alpha_off": 2.1403550914392855,
  "pareto_count": 114,
  "distinct_weight_optima": 5,
  "robust_idx": 111,
  "robust_max_additive_regret": 0.3915680044228037,
  "equal_weight_idx": 4,
  "elapsed_seconds": 41.22640681266785
}