{
  "scenario_id": "C24",
  "design": "confirmatory_iid59_v9b",
  "K": 63.32219353128598,
  "mu_max": 189.96658059385794,
  "rho": 0.7648821004361679,
  "arrival_scv": 1.0,
  "mean_jump_fraction": 0.09192898186969019,
  "tau": 2.210005873790368,
  "qH": 0.45978039725981806,
  "beta": 1.1360455171925814,
  "jump_cv": 1.0519353430084029,
  "cloud_cost_multiplier": 2.0961381617524606,
  "deactivation_mean": 0.2822237152932633,
  "lambda_H": 9.979663852689274,
  "lambda_L": 15.864073588755405,
  "mean_H": 6.694316498249592,
  "mean_L": 4.947973063923612,
  "cv_H": 1.0519353430084029,
  "cv_L": 1.0519353430084029,
  "cW": 1.0,
  "cB": 10.0,
  "cL": 2.5,
  "cC": 0.25,
  "policy_count": 190,
  "diffusion_best_idx": 0,
  "exhaustive_train_idx": 3,
  "holdout_oracle_idx": 0,
  "single_train_idx": 0,
  "selection_idx": 3,
  "final_idx": 3,
  "selection_candidate_count": 37,
  "certified": 1,
  "fallback": 0,
  "certificate_stage_reps": 20,
  "certificate_ambiguous_count": 0,
  "certificate_simulation_count": 357,
  "algorithm_simulation_count": 683,
  "exhaustive_simulation_count": 3830,
  "work_reduction": 0.8216710182767624,
  "holdout_regret_vs_exhaustive": 0.0,
  "holdout_regret_vs_oracle": 0.010517661173253636,
  "hysteresis_gain_vs_best_single": -0.023267861477616857,
  "adaptive_gain_vs_best_single": -0.023267861477616857,
  "exhaustive_holdout_objective": 2.00813149465625,
  "adaptive_holdout_objective": 2.00813149465625,
  "single_holdout_objective": 1.9624690369503763,
  "selected_alpha_on": 9.498329029692897,
  "selected_alpha_off": 3.1661096765642993,
  "exhaustive_alpha_on": 9.498329029692897,
  "exhaustive_alpha_off": 3.1661096765642993,
  "pareto_count": 124,
  "distinct_weight_optima": 7,
  "robust_idx": 145,
  "robust_max_additive_regret": 0.4580218038331253,
  "equal_weight_idx": 4,
  "elapsed_seconds": 31.361069202423096
}