{
  "scenario_id": "C25",
  "design": "confirmatory_iid59_v9b",
  "K": 48.69846775586019,
  "mu_max": 146.0954032675806,
  "rho": 0.8711758573886292,
  "arrival_scv": 1.0,
  "mean_jump_fraction": 0.07304624154148029,
  "tau": 1.7613884155031103,
  "qH": 0.6171108358960854,
  "beta": 0.8141355372206434,
  "jump_cv": 1.2894650306583553,
  "cloud_cost_multiplier": 2.483360194377138,
  "deactivation_mean": 1.155861137913951,
  "lambda_H": 19.199704433334723,
  "lambda_L": 16.116968654564708,
  "mean_H": 4.090826044153736,
  "mean_L": 3.02365403263537,
  "cv_H": 1.2894650306583553,
  "cv_L": 1.2894650306583553,
  "cW": 1.0,
  "cB": 10.0,
  "cL": 2.5,
  "cC": 0.25,
  "policy_count": 190,
  "diffusion_best_idx": 0,
  "exhaustive_train_idx": 0,
  "holdout_oracle_idx": 0,
  "single_train_idx": 0,
  "selection_idx": 1,
  "final_idx": 1,
  "selection_candidate_count": 37,
  "certified": 1,
  "fallback": 0,
  "certificate_stage_reps": 15,
  "certificate_ambiguous_count": 0,
  "certificate_simulation_count": 282,
  "algorithm_simulation_count": 608,
  "exhaustive_simulation_count": 3830,
  "work_reduction": 0.8412532637075718,
  "holdout_regret_vs_exhaustive": 0.003558052195036328,
  "holdout_regret_vs_oracle": 0.003558052195036328,
  "hysteresis_gain_vs_best_single": 0.0023919161851396822,
  "adaptive_gain_vs_best_single": -0.0011576254472637666,
  "exhaustive_holdout_objective": 1.1943349966711343,
  "adaptive_holdout_objective": 1.1985845029276487,
  "single_holdout_objective": 1.197198595368222,
  "selected_alpha_on": 4.869846775586019,
  "selected_alpha_off": 2.4349233877930097,
  "exhaustive_alpha_on": 2.4349233877930097,
  "exhaustive_alpha_off": 2.4349233877930097,
  "pareto_count": 132,
  "distinct_weight_optima": 9,
  "robust_idx": 97,
  "robust_max_additive_regret": 0.4641387276511538,
  "equal_weight_idx": 0,
  "elapsed_seconds": 28.123817920684814
}