{
  "scenario_id": "C26",
  "design": "confirmatory_iid59_v9b",
  "K": 53.405484685362495,
  "mu_max": 160.21645405608749,
  "rho": 0.8344761976610813,
  "arrival_scv": 4.0,
  "mean_jump_fraction": 0.08716991686632086,
  "tau": 0.2879313478671888,
  "qH": 0.6197611205153835,
  "beta": 1.329473949783453,
  "jump_cv": 1.3809292611691935,
  "cloud_cost_multiplier": 1.493372976150135,
  "deactivation_mean": 1.120570900781628,
  "lambda_H": 15.477295136486987,
  "lambda_L": 12.847131580489998,
  "mean_H": 5.353654409262913,
  "mean_L": 3.9570489111943274,
  "cv_H": 1.3809292611691935,
  "cv_L": 1.3809292611691935,
  "cW": 1.0,
  "cB": 10.0,
  "cL": 2.5,
  "cC": 0.25,
  "policy_count": 190,
  "diffusion_best_idx": 0,
  "exhaustive_train_idx": 0,
  "holdout_oracle_idx": 0,
  "single_train_idx": 0,
  "selection_idx": 0,
  "final_idx": 0,
  "selection_candidate_count": 34,
  "certified": 1,
  "fallback": 0,
  "certificate_stage_reps": 6,
  "certificate_ambiguous_count": 0,
  "certificate_simulation_count": 180,
  "algorithm_simulation_count": 482,
  "exhaustive_simulation_count": 3830,
  "work_reduction": 0.8741514360313316,
  "holdout_regret_vs_exhaustive": 0.0,
  "holdout_regret_vs_oracle": 0.0,
  "hysteresis_gain_vs_best_single": 0.001968619539265221,
  "adaptive_gain_vs_best_single": 0.001968619539265221,
  "exhaustive_holdout_objective": 1.7599645765628569,
  "adaptive_holdout_objective": 1.7599645765628569,
  "single_holdout_objective": 1.7634361113479022,
  "selected_alpha_on": 2.670274234268125,
  "selected_alpha_off": 2.670274234268125,
  "exhaustive_alpha_on": 2.670274234268125,
  "exhaustive_alpha_off": 2.670274234268125,
  "pareto_count": 148,
  "distinct_weight_optima": 6,
  "robust_idx": 177,
  "robust_max_additive_regret": 0.49903091618384665,
  "equal_weight_idx": 0,
  "elapsed_seconds": 23.326911449432373
}