{
  "scenario_id": "C27",
  "design": "confirmatory_iid59_v9b",
  "K": 79.2453815104708,
  "mu_max": 237.73614453141244,
  "rho": 0.5962289928254132,
  "arrival_scv": 4.0,
  "mean_jump_fraction": 0.05635163717407362,
  "tau": 0.3878687757336134,
  "qH": 0.336973006603942,
  "beta": 1.1888637615564934,
  "jump_cv": 1.177454262160888,
  "cloud_cost_multiplier": 0.760182472679804,
  "deactivation_mean": 0.8565182872652644,
  "lambda_H": 9.300902245052887,
  "lambda_L": 24.75939859777937,
  "mean_H": 5.135448034588957,
  "mean_L": 3.7957659386092293,
  "cv_H": 1.177454262160888,
  "cv_L": 1.177454262160888,
  "cW": 1.0,
  "cB": 10.0,
  "cL": 2.5,
  "cC": 0.25,
  "policy_count": 190,
  "diffusion_best_idx": 0,
  "exhaustive_train_idx": 0,
  "holdout_oracle_idx": 0,
  "single_train_idx": 0,
  "selection_idx": 1,
  "final_idx": 0,
  "selection_candidate_count": 32,
  "certified": 0,
  "fallback": 1,
  "certificate_stage_reps": 20,
  "certificate_ambiguous_count": 2,
  "certificate_simulation_count": 640,
  "algorithm_simulation_count": 926,
  "exhaustive_simulation_count": 3830,
  "work_reduction": 0.75822454308094,
  "holdout_regret_vs_exhaustive": 0.0,
  "holdout_regret_vs_oracle": 0.0,
  "hysteresis_gain_vs_best_single": -0.010084072170863535,
  "adaptive_gain_vs_best_single": -0.010084072170863535,
  "exhaustive_holdout_objective": 0.4440844051254115,
  "adaptive_holdout_objective": 0.4440844051254115,
  "single_holdout_objective": 0.4396509333831879,
  "selected_alpha_on": 3.9622690755235404,
  "selected_alpha_off": 3.9622690755235404,
  "exhaustive_alpha_on": 3.9622690755235404,
  "exhaustive_alpha_off": 3.9622690755235404,
  "pareto_count": 107,
  "distinct_weight_optima": 9,
  "robust_idx": 58,
  "robust_max_additive_regret": 0.404428402052909,
  "equal_weight_idx": 0,
  "elapsed_seconds": 25.696486234664917
}