{
  "scenario_id": "C28",
  "design": "confirmatory_iid59_v9b",
  "K": 67.11714212954386,
  "mu_max": 201.35142638863158,
  "rho": 0.5580185434140974,
  "arrival_scv": 4.0,
  "mean_jump_fraction": 0.06827169813095664,
  "tau": 0.7785537653721972,
  "qH": 0.20431809822315805,
  "beta": 1.0342816290088663,
  "jump_cv": 1.7338962832313214,
  "cloud_cost_multiplier": 0.7629418722962619,
  "deactivation_mean": 1.3612425722348656,
  "lambda_H": 4.356504608787813,
  "lambda_L": 22.953543217629992,
  "mean_H": 5.269531456912841,
  "mean_L": 3.8948710768486214,
  "cv_H": 1.7338962832313214,
  "cv_L": 1.7338962832313214,
  "cW": 1.0,
  "cB": 10.0,
  "cL": 2.5,
  "cC": 0.25,
  "policy_count": 190,
  "diffusion_best_idx": 0,
  "exhaustive_train_idx": 6,
  "holdout_oracle_idx": 0,
  "single_train_idx": 0,
  "selection_idx": 8,
  "final_idx": 1,
  "selection_candidate_count": 39,
  "certified": 0,
  "fallback": 1,
  "certificate_stage_reps": 20,
  "certificate_ambiguous_count": 10,
  "certificate_simulation_count": 780,
  "algorithm_simulation_count": 1122,
  "exhaustive_simulation_count": 3830,
  "work_reduction": 0.7070496083550915,
  "holdout_regret_vs_exhaustive": 0.0,
  "holdout_regret_vs_oracle": 0.04065400650846976,
  "hysteresis_gain_vs_best_single": -0.009982068752739623,
  "adaptive_gain_vs_best_single": -0.004647004539440362,
  "exhaustive_holdout_objective": 0.5406594519654712,
  "adaptive_holdout_objective": 0.5378035073076367,
  "single_holdout_objective": 0.5353158919278136,
  "selected_alpha_on": 6.711714212954387,
  "selected_alpha_off": 3.3558571064771936,
  "exhaustive_alpha_on": 13.423428425908773,
  "exhaustive_alpha_off": 3.3558571064771936,
  "pareto_count": 106,
  "distinct_weight_optima": 5,
  "robust_idx": 58,
  "robust_max_additive_regret": 0.4421371626565422,
  "equal_weight_idx": 0,
  "elapsed_seconds": 18.328091144561768
}