{
  "scenario_id": "C29",
  "design": "confirmatory_iid59_v9b",
  "K": 35.914101689363875,
  "mu_max": 107.74230506809162,
  "rho": 0.6607832919663851,
  "arrival_scv": 1.0,
  "mean_jump_fraction": 0.056655918696129154,
  "tau": 0.2598810094837989,
  "qH": 0.3721542857792094,
  "beta": 1.378186136777023,
  "jump_cv": 1.2901544426883655,
  "cloud_cost_multiplier": 1.387567762461534,
  "deactivation_mean": 1.7657626498695222,
  "lambda_H": 11.322966076287582,
  "lambda_L": 25.844553294646957,
  "mean_H": 2.3399583891606817,
  "mean_L": 1.7295344615535473,
  "cv_H": 1.2901544426883655,
  "cv_L": 1.2901544426883655,
  "cW": 1.0,
  "cB": 10.0,
  "cL": 2.5,
  "cC": 0.25,
  "policy_count": 190,
  "diffusion_best_idx": 0,
  "exhaustive_train_idx": 1,
  "holdout_oracle_idx": 0,
  "single_train_idx": 0,
  "selection_idx": 0,
  "final_idx": 0,
  "selection_candidate_count": 32,
  "certified": 1,
  "fallback": 0,
  "certificate_stage_reps": 15,
  "certificate_ambiguous_count": 0,
  "certificate_simulation_count": 274,
  "algorithm_simulation_count": 560,
  "exhaustive_simulation_count": 3830,
  "work_reduction": 0.8537859007832898,
  "holdout_regret_vs_exhaustive": 0.0,
  "holdout_regret_vs_oracle": 0.0,
  "hysteresis_gain_vs_best_single": -0.0239968982799402,
  "adaptive_gain_vs_best_single": -0.0005240304474534559,
  "exhaustive_holdout_objective": 0.4627811268137774,
  "adaptive_holdout_objective": 0.4521728913363889,
  "single_holdout_objective": 0.4519360630790332,
  "selected_alpha_on": 1.7957050844681939,
  "selected_alpha_off": 1.7957050844681939,
  "exhaustive_alpha_on": 3.5914101689363873,
  "exhaustive_alpha_off": 1.7957050844681939,
  "pareto_count": 89,
  "distinct_weight_optima": 9,
  "robust_idx": 42,
  "robust_max_additive_regret": 0.3271272088851732,
  "equal_weight_idx": 14,
  "elapsed_seconds": 25.43429136276245
}