{
  "scenario_id": "C30",
  "design": "confirmatory_iid59_v9b",
  "K": 37.05774279416284,
  "mu_max": 111.17322838248853,
  "rho": 0.8003564039341325,
  "arrival_scv": 1.0,
  "mean_jump_fraction": 0.09518028399794506,
  "tau": 2.470390160801327,
  "qH": 0.2907481774766652,
  "beta": 1.2503357563651774,
  "jump_cv": 0.5790025177437184,
  "cloud_cost_multiplier": 0.5782349200560536,
  "deactivation_mean": 1.6103887786687645,
  "lambda_H": 6.37788733771205,
  "lambda_L": 21.04937558796358,
  "mean_H": 4.056241455991905,
  "mean_L": 2.9980915109505384,
  "cv_H": 0.5790025177437184,
  "cv_L": 0.5790025177437184,
  "cW": 1.0,
  "cB": 10.0,
  "cL": 2.5,
  "cC": 0.25,
  "policy_count": 190,
  "diffusion_best_idx": 0,
  "exhaustive_train_idx": 1,
  "holdout_oracle_idx": 1,
  "single_train_idx": 0,
  "selection_idx": 1,
  "final_idx": 1,
  "selection_candidate_count": 34,
  "certified": 0,
  "fallback": 1,
  "certificate_stage_reps": 20,
  "certificate_ambiguous_count": 4,
  "certificate_simulation_count": 680,
  "algorithm_simulation_count": 982,
  "exhaustive_simulation_count": 3830,
  "work_reduction": 0.743603133159269,
  "holdout_regret_vs_exhaustive": 0.0,
  "holdout_regret_vs_oracle": 0.0,
  "hysteresis_gain_vs_best_single": 0.0023085456429415992,
  "adaptive_gain_vs_best_single": 0.0023085456429415992,
  "exhaustive_holdout_objective": 2.5569034987222925,
  "adaptive_holdout_objective": 2.5569034987222925,
  "single_holdout_objective": 2.5628198854023823,
  "selected_alpha_on": 3.705774279416284,
  "selected_alpha_off": 1.8528871397081421,
  "exhaustive_alpha_on": 3.705774279416284,
  "exhaustive_alpha_off": 1.8528871397081421,
  "pareto_count": 109,
  "distinct_weight_optima": 7,
  "robust_idx": 97,
  "robust_max_additive_regret": 0.4320326270643597,
  "equal_weight_idx": 1,
  "elapsed_seconds": 17.39576554298401
}