{
  "scenario_id": "C31",
  "design": "confirmatory_iid59_v9b",
  "K": 76.1468663177146,
  "mu_max": 228.4405989531438,
  "rho": 0.8487739970384833,
  "arrival_scv": 4.0,
  "mean_jump_fraction": 0.06533303321594928,
  "tau": 0.8633277117994471,
  "qH": 0.30557165235569594,
  "beta": 1.2137590548343993,
  "jump_cv": 1.3794759246923047,
  "cloud_cost_multiplier": 0.9678248235500693,
  "deactivation_mean": 1.9493057197764436,
  "lambda_H": 10.356087744051253,
  "lambda_L": 31.841169787562134,
  "mean_H": 5.721141608389552,
  "mean_L": 4.228669884461843,
  "cv_H": 1.3794759246923047,
  "cv_L": 1.3794759246923047,
  "cW": 1.0,
  "cB": 10.0,
  "cL": 2.5,
  "cC": 0.25,
  "policy_count": 190,
  "diffusion_best_idx": 0,
  "exhaustive_train_idx": 0,
  "holdout_oracle_idx": 0,
  "single_train_idx": 0,
  "selection_idx": 0,
  "final_idx": 0,
  "selection_candidate_count": 33,
  "certified": 1,
  "fallback": 0,
  "certificate_stage_reps": 15,
  "certificate_ambiguous_count": 0,
  "certificate_simulation_count": 268,
  "algorithm_simulation_count": 562,
  "exhaustive_simulation_count": 3830,
  "work_reduction": 0.8532637075718016,
  "holdout_regret_vs_exhaustive": 0.0,
  "holdout_regret_vs_oracle": 0.0,
  "hysteresis_gain_vs_best_single": 0.020606236178955448,
  "adaptive_gain_vs_best_single": 0.020606236178955448,
  "exhaustive_holdout_objective": 0.9471071252524421,
  "adaptive_holdout_objective": 0.9471071252524421,
  "single_holdout_objective": 0.9670340574330001,
  "selected_alpha_on": 3.80734331588573,
  "selected_alpha_off": 3.80734331588573,
  "exhaustive_alpha_on": 3.80734331588573,
  "exhaustive_alpha_off": 3.80734331588573,
  "pareto_count": 131,
  "distinct_weight_optima": 6,
  "robust_idx": 71,
  "robust_max_additive_regret": 0.47023899800473823,
  "equal_weight_idx": 0,
  "elapsed_seconds": 29.00379967689514
}