{
  "scenario_id": "C32",
  "design": "confirmatory_iid59_v9b",
  "K": 66.0361342752638,
  "mu_max": 198.10840282579142,
  "rho": 0.5892990528738778,
  "arrival_scv": 4.0,
  "mean_jump_fraction": 0.07426434272296766,
  "tau": 0.5734981086360855,
  "qH": 0.41553729325016364,
  "beta": 0.960082869809551,
  "jump_cv": 1.9273709062388933,
  "cloud_cost_multiplier": 0.6705135954380284,
  "deactivation_mean": 0.8603994814792715,
  "lambda_H": 8.60178973489113,
  "lambda_L": 16.368713051363944,
  "mean_H": 5.639749624105817,
  "mean_L": 4.168510591730387,
  "cv_H": 1.9273709062388933,
  "cv_L": 1.9273709062388933,
  "cW": 1.0,
  "cB": 10.0,
  "cL": 2.5,
  "cC": 0.25,
  "policy_count": 190,
  "diffusion_best_idx": 0,
  "exhaustive_train_idx": 0,
  "holdout_oracle_idx": 0,
  "single_train_idx": 0,
  "selection_idx": 1,
  "final_idx": 1,
  "selection_candidate_count": 34,
  "certified": 1,
  "fallback": 0,
  "certificate_stage_reps": 20,
  "certificate_ambiguous_count": 0,
  "certificate_simulation_count": 257,
  "algorithm_simulation_count": 559,
  "exhaustive_simulation_count": 3830,
  "work_reduction": 0.8540469973890339,
  "holdout_regret_vs_exhaustive": 0.0288016461600609,
  "holdout_regret_vs_oracle": 0.0288016461600609,
  "hysteresis_gain_vs_best_single": 0.0018857111638103908,
  "adaptive_gain_vs_best_single": -0.026861623410550366,
  "exhaustive_holdout_objective": 0.5853895466050829,
  "adaptive_holdout_objective": 0.602249729192201,
  "single_holdout_objective": 0.5864955077315369,
  "selected_alpha_on": 6.60361342752638,
  "selected_alpha_off": 3.3018067137631903,
  "exhaustive_alpha_on": 3.3018067137631903,
  "exhaustive_alpha_off": 3.3018067137631903,
  "pareto_count": 136,
  "distinct_weight_optima": 6,
  "robust_idx": 61,
  "robust_max_additive_regret": 0.4496560104370818,
  "equal_weight_idx": 0,
  "elapsed_seconds": 19.74609136581421
}