{
  "scenario_id": "C33",
  "design": "confirmatory_iid59_v9b",
  "K": 77.63823758814854,
  "mu_max": 232.91471276444562,
  "rho": 0.6107960090359822,
  "arrival_scv": 4.0,
  "mean_jump_fraction": 0.08547289244967532,
  "tau": 1.9555163020310569,
  "qH": 0.3748127407900617,
  "beta": 0.8766919742238986,
  "jump_cv": 0.7286226540099769,
  "cloud_cost_multiplier": 0.38100548663450684,
  "deactivation_mean": 1.8452543949966425,
  "lambda_H": 6.987238205738214,
  "lambda_L": 15.76813166268882,
  "mean_H": 7.631359441057283,
  "mean_L": 5.640570021651036,
  "cv_H": 0.7286226540099769,
  "cv_L": 0.7286226540099769,
  "cW": 1.0,
  "cB": 10.0,
  "cL": 2.5,
  "cC": 0.25,
  "policy_count": 190,
  "diffusion_best_idx": 0,
  "exhaustive_train_idx": 0,
  "holdout_oracle_idx": 1,
  "single_train_idx": 0,
  "selection_idx": 1,
  "final_idx": 0,
  "selection_candidate_count": 32,
  "certified": 0,
  "fallback": 1,
  "certificate_stage_reps": 20,
  "certificate_ambiguous_count": 4,
  "certificate_simulation_count": 640,
  "algorithm_simulation_count": 926,
  "exhaustive_simulation_count": 3830,
  "work_reduction": 0.75822454308094,
  "holdout_regret_vs_exhaustive": 0.0,
  "holdout_regret_vs_oracle": 0.007887942329491002,
  "hysteresis_gain_vs_best_single": -0.006196826748746994,
  "adaptive_gain_vs_best_single": -0.006196826748746994,
  "exhaustive_holdout_objective": 0.919859563921135,
  "adaptive_holdout_objective": 0.919859563921135,
  "single_holdout_objective": 0.9141944592425445,
  "selected_alpha_on": 3.8819118794074274,
  "selected_alpha_off": 3.8819118794074274,
  "exhaustive_alpha_on": 3.8819118794074274,
  "exhaustive_alpha_off": 3.8819118794074274,
  "pareto_count": 103,
  "distinct_weight_optima": 9,
  "robust_idx": 58,
  "robust_max_additive_regret": 0.4757005273123143,
  "equal_weight_idx": 1,
  "elapsed_seconds": 33.7098708152771
}