{
  "scenario_id": "C34",
  "design": "confirmatory_iid59_v9b",
  "K": 69.76138651683345,
  "mu_max": 209.28415955050036,
  "rho": 0.879428874082552,
  "arrival_scv": 4.0,
  "mean_jump_fraction": 0.05088852643899883,
  "tau": 0.5410212535154634,
  "qH": 0.3030702170977091,
  "beta": 0.6477792473407372,
  "jump_cv": 1.6351763381890645,
  "cloud_cost_multiplier": 1.9822252454315026,
  "deactivation_mean": 1.5684733196663132,
  "lambda_H": 13.663045660316069,
  "lambda_L": 42.50814942206639,
  "mean_H": 4.0825622865105595,
  "mean_L": 3.0175460378556314,
  "cv_H": 1.6351763381890645,
  "cv_L": 1.6351763381890645,
  "cW": 1.0,
  "cB": 10.0,
  "cL": 2.5,
  "cC": 0.25,
  "policy_count": 190,
  "diffusion_best_idx": 0,
  "exhaustive_train_idx": 4,
  "holdout_oracle_idx": 1,
  "single_train_idx": 0,
  "selection_idx": 3,
  "final_idx": 0,
  "selection_candidate_count": 34,
  "certified": 0,
  "fallback": 1,
  "certificate_stage_reps": 20,
  "certificate_ambiguous_count": 1,
  "certificate_simulation_count": 680,
  "algorithm_simulation_count": 982,
  "exhaustive_simulation_count": 3830,
  "work_reduction": 0.743603133159269,
  "holdout_regret_vs_exhaustive": 0.0,
  "holdout_regret_vs_oracle": 0.0006630309427435379,
  "hysteresis_gain_vs_best_single": -0.027809996592607276,
  "adaptive_gain_vs_best_single": -0.009284632983155705,
  "exhaustive_holdout_objective": 0.7015213179145707,
  "adaptive_holdout_objective": 0.6888770183482762,
  "single_holdout_objective": 0.6825398860103056,
  "selected_alpha_on": 3.488069325841673,
  "selected_alpha_off": 3.488069325841673,
  "exhaustive_alpha_on": 10.464207977525017,
  "exhaustive_alpha_off": 6.976138651683346,
  "pareto_count": 134,
  "distinct_weight_optima": 6,
  "robust_idx": 52,
  "robust_max_additive_regret": 0.46884071101498476,
  "equal_weight_idx": 0,
  "elapsed_seconds": 56.68731236457825
}