{
  "scenario_id": "C35",
  "design": "confirmatory_iid59_v9b",
  "K": 66.59465638320678,
  "mu_max": 199.78396914962036,
  "rho": 0.6456298668740139,
  "arrival_scv": 1.0,
  "mean_jump_fraction": 0.06189906949673169,
  "tau": 1.026606023023123,
  "qH": 0.23824742285933212,
  "beta": 0.8528362823878164,
  "jump_cv": 1.2268592310210482,
  "cloud_cost_multiplier": 0.4776071569008381,
  "deactivation_mean": 1.470739869961543,
  "lambda_H": 6.482628259240604,
  "lambda_L": 28.042437032276208,
  "mean_H": 4.7404693531113455,
  "mean_L": 3.503825174038821,
  "cv_H": 1.2268592310210482,
  "cv_L": 1.2268592310210482,
  "cW": 1.0,
  "cB": 10.0,
  "cL": 2.5,
  "cC": 0.25,
  "policy_count": 190,
  "diffusion_best_idx": 0,
  "exhaustive_train_idx": 0,
  "holdout_oracle_idx": 2,
  "single_train_idx": 0,
  "selection_idx": 0,
  "final_idx": 0,
  "selection_candidate_count": 32,
  "certified": 0,
  "fallback": 1,
  "certificate_stage_reps": 20,
  "certificate_ambiguous_count": 2,
  "certificate_simulation_count": 640,
  "algorithm_simulation_count": 926,
  "exhaustive_simulation_count": 3830,
  "work_reduction": 0.75822454308094,
  "holdout_regret_vs_exhaustive": 0.0,
  "holdout_regret_vs_oracle": 0.015874991254421548,
  "hysteresis_gain_vs_best_single": -0.04890458116199029,
  "adaptive_gain_vs_best_single": -0.04890458116199029,
  "exhaustive_holdout_objective": 0.29641806534061144,
  "adaptive_holdout_objective": 0.29641806534061144,
  "single_holdout_objective": 0.28259774117130426,
  "selected_alpha_on": 3.3297328191603395,
  "selected_alpha_off": 3.3297328191603395,
  "exhaustive_alpha_on": 3.3297328191603395,
  "exhaustive_alpha_off": 3.3297328191603395,
  "pareto_count": 84,
  "distinct_weight_optima": 6,
  "robust_idx": 51,
  "robust_max_additive_regret": 0.3739785944082563,
  "equal_weight_idx": 2,
  "elapsed_seconds": 23.600202560424805
}