{
  "scenario_id": "C36",
  "design": "confirmatory_iid59_v9b",
  "K": 79.25565729876227,
  "mu_max": 237.7669718962868,
  "rho": 0.7102306399720709,
  "arrival_scv": 1.0,
  "mean_jump_fraction": 0.08736510158893679,
  "tau": 0.6157297744059753,
  "qH": 0.7068017035829961,
  "beta": 0.9690263341714791,
  "jump_cv": 0.641224815312373,
  "cloud_cost_multiplier": 1.1090860638392823,
  "deactivation_mean": 0.46276880585812274,
  "lambda_H": 14.98933686650847,
  "lambda_L": 8.412502175582897,
  "mean_H": 7.962805334114973,
  "mean_L": 5.885551768693676,
  "cv_H": 0.641224815312373,
  "cv_L": 0.641224815312373,
  "cW": 1.0,
  "cB": 10.0,
  "cL": 2.5,
  "cC": 0.25,
  "policy_count": 190,
  "diffusion_best_idx": 0,
  "exhaustive_train_idx": 0,
  "holdout_oracle_idx": 0,
  "single_train_idx": 0,
  "selection_idx": 0,
  "final_idx": 0,
  "selection_candidate_count": 33,
  "certified": 1,
  "fallback": 0,
  "certificate_stage_reps": 15,
  "certificate_ambiguous_count": 0,
  "certificate_simulation_count": 220,
  "algorithm_simulation_count": 514,
  "exhaustive_simulation_count": 3830,
  "work_reduction": 0.8657963446475196,
  "holdout_regret_vs_exhaustive": 0.0,
  "holdout_regret_vs_oracle": 0.0,
  "hysteresis_gain_vs_best_single": -0.01804284530004653,
  "adaptive_gain_vs_best_single": -0.01804284530004653,
  "exhaustive_holdout_objective": 0.8797518434127846,
  "adaptive_holdout_objective": 0.8797518434127846,
  "single_holdout_objective": 0.8641599393132579,
  "selected_alpha_on": 3.962782864938114,
  "selected_alpha_off": 3.962782864938114,
  "exhaustive_alpha_on": 3.962782864938114,
  "exhaustive_alpha_off": 3.962782864938114,
  "pareto_count": 114,
  "distinct_weight_optima": 7,
  "robust_idx": 158,
  "robust_max_additive_regret": 0.44424954489685464,
  "equal_weight_idx": 2,
  "elapsed_seconds": 19.738486528396606
}