{
  "scenario_id": "C37",
  "design": "confirmatory_iid59_v9b",
  "K": 51.11684840287326,
  "mu_max": 153.3505452086198,
  "rho": 0.84523783853474,
  "arrival_scv": 4.0,
  "mean_jump_fraction": 0.07954925868822361,
  "tau": 3.66570894746725,
  "qH": 0.6040761605942813,
  "beta": 0.7366652406201625,
  "jump_cv": 1.5979031152657595,
  "cloud_cost_multiplier": 0.35832293333378107,
  "deactivation_mean": 0.9919327838722319,
  "lambda_H": 16.743949490156105,
  "lambda_L": 14.847617649835305,
  "mean_H": 4.676253506465906,
  "mean_L": 3.456361287387843,
  "cv_H": 1.5979031152657595,
  "cv_L": 1.5979031152657595,
  "cW": 1.0,
  "cB": 10.0,
  "cL": 2.5,
  "cC": 0.25,
  "policy_count": 190,
  "diffusion_best_idx": 0,
  "exhaustive_train_idx": 0,
  "holdout_oracle_idx": 0,
  "single_train_idx": 0,
  "selection_idx": 0,
  "final_idx": 0,
  "selection_candidate_count": 36,
  "certified": 1,
  "fallback": 0,
  "certificate_stage_reps": 15,
  "certificate_ambiguous_count": 0,
  "certificate_simulation_count": 288,
  "algorithm_simulation_count": 606,
  "exhaustive_simulation_count": 3830,
  "work_reduction": 0.8417754569190601,
  "holdout_regret_vs_exhaustive": 0.0,
  "holdout_regret_vs_oracle": 0.0,
  "hysteresis_gain_vs_best_single": 0.007832136512451553,
  "adaptive_gain_vs_best_single": 0.007832136512451553,
  "exhaustive_holdout_objective": 1.1828176536616684,
  "adaptive_holdout_objective": 1.1828176536616684,
  "single_holdout_objective": 1.192154772584521,
  "selected_alpha_on": 2.555842420143663,
  "selected_alpha_off": 2.555842420143663,
  "exhaustive_alpha_on": 2.555842420143663,
  "exhaustive_alpha_off": 2.555842420143663,
  "pareto_count": 142,
  "distinct_weight_optima": 4,
  "robust_idx": 140,
  "robust_max_additive_regret": 0.49305964301159677,
  "equal_weight_idx": 0,
  "elapsed_seconds": 24.576067447662354
}