{
  "scenario_id": "C38",
  "design": "confirmatory_iid59_v9b",
  "K": 59.084411278256596,
  "mu_max": 177.2532338347698,
  "rho": 0.8081493970390315,
  "arrival_scv": 1.0,
  "mean_jump_fraction": 0.07794771758028562,
  "tau": 0.3693163767932846,
  "qH": 0.7594645878137036,
  "beta": 1.0341100776900025,
  "jump_cv": 1.8250439599268837,
  "cloud_cost_multiplier": 1.132581999284478,
  "deactivation_mean": 1.3095444624287675,
  "lambda_H": 20.540886984484352,
  "lambda_L": 8.801761625352416,
  "mean_H": 5.296319254272236,
  "mean_L": 3.9146707531577394,
  "cv_H": 1.8250439599268837,
  "cv_L": 1.8250439599268837,
  "cW": 1.0,
  "cB": 10.0,
  "cL": 2.5,
  "cC": 0.25,
  "policy_count": 190,
  "diffusion_best_idx": 0,
  "exhaustive_train_idx": 0,
  "holdout_oracle_idx": 0,
  "single_train_idx": 0,
  "selection_idx": 2,
  "final_idx": 2,
  "selection_candidate_count": 35,
  "certified": 1,
  "fallback": 0,
  "certificate_stage_reps": 10,
  "certificate_ambiguous_count": 0,
  "certificate_simulation_count": 234,
  "algorithm_simulation_count": 544,
  "exhaustive_simulation_count": 3830,
  "work_reduction": 0.8579634464751958,
  "holdout_regret_vs_exhaustive": 0.006322552270202733,
  "holdout_regret_vs_oracle": 0.006322552270202733,
  "hysteresis_gain_vs_best_single": 0.0012959158871909374,
  "adaptive_gain_vs_best_single": -0.005018442887077245,
  "exhaustive_holdout_objective": 0.9505261320234858,
  "adaptive_holdout_objective": 0.9565358831773979,
  "single_holdout_objective": 0.9517595323222076,
  "selected_alpha_on": 5.908441127825659,
  "selected_alpha_off": 5.908441127825659,
  "exhaustive_alpha_on": 2.95422056391283,
  "exhaustive_alpha_off": 2.95422056391283,
  "pareto_count": 121,
  "distinct_weight_optima": 6,
  "robust_idx": 127,
  "robust_max_additive_regret": 0.4671902237824984,
  "equal_weight_idx": 0,
  "elapsed_seconds": 23.178327798843384
}