{
  "scenario_id": "C39",
  "design": "confirmatory_iid59_v9b",
  "K": 62.20289264784035,
  "mu_max": 186.60867794352106,
  "rho": 0.6728078881481907,
  "arrival_scv": 4.0,
  "mean_jump_fraction": 0.07053226808510674,
  "tau": 2.84016862798604,
  "qH": 0.24626090731551623,
  "beta": 0.7417741521796628,
  "jump_cv": 1.6015487525755194,
  "cloud_cost_multiplier": 2.542182399777622,
  "deactivation_mean": 0.35811453058451326,
  "lambda_H": 6.128047382615813,
  "lambda_L": 25.376200355569424,
  "mean_H": 5.045407764892579,
  "mean_L": 3.7292144349206016,
  "cv_H": 1.6015487525755194,
  "cv_L": 1.6015487525755194,
  "cW": 1.0,
  "cB": 10.0,
  "cL": 2.5,
  "cC": 0.25,
  "policy_count": 190,
  "diffusion_best_idx": 0,
  "exhaustive_train_idx": 12,
  "holdout_oracle_idx": 1,
  "single_train_idx": 2,
  "selection_idx": 22,
  "final_idx": 22,
  "selection_candidate_count": 50,
  "certified": 1,
  "fallback": 0,
  "certificate_stage_reps": 20,
  "certificate_ambiguous_count": 0,
  "certificate_simulation_count": 533,
  "algorithm_simulation_count": 963,
  "exhaustive_simulation_count": 3830,
  "work_reduction": 0.7485639686684074,
  "holdout_regret_vs_exhaustive": 0.0,
  "holdout_regret_vs_oracle": 0.003760532495111509,
  "hysteresis_gain_vs_best_single": -0.008015066155277924,
  "adaptive_gain_vs_best_single": 0.00257353120265372,
  "exhaustive_holdout_objective": 0.9747585704360618,
  "adaptive_holdout_objective": 0.9645193127403335,
  "single_holdout_objective": 0.9670079378415827,
  "selected_alpha_on": 21.77101242674412,
  "selected_alpha_off": 6.220289264784036,
  "exhaustive_alpha_on": 15.550723161960088,
  "exhaustive_alpha_off": 9.330433897176054,
  "pareto_count": 107,
  "distinct_weight_optima": 6,
  "robust_idx": 95,
  "robust_max_additive_regret": 0.4326763936025432,
  "equal_weight_idx": 0,
  "elapsed_seconds": 23.782074689865112
}