{
  "scenario_id": "C40",
  "design": "confirmatory_iid59_v9b",
  "K": 77.1507856003881,
  "mu_max": 231.4523568011643,
  "rho": 0.6356092549611156,
  "arrival_scv": 4.0,
  "mean_jump_fraction": 0.07260832195081898,
  "tau": 3.7235279218663915,
  "qH": 0.6634126464035994,
  "beta": 1.2014996369689988,
  "jump_cv": 0.9069380498250141,
  "cloud_cost_multiplier": 1.9005496141920648,
  "deactivation_mean": 1.1759114431116606,
  "lambda_H": 15.14994209010887,
  "lambda_L": 10.399295901499555,
  "mean_H": 6.442057441576327,
  "mean_L": 4.76152071768685,
  "cv_H": 0.9069380498250141,
  "cv_L": 0.9069380498250141,
  "cW": 1.0,
  "cB": 10.0,
  "cL": 2.5,
  "cC": 0.25,
  "policy_count": 190,
  "diffusion_best_idx": 0,
  "exhaustive_train_idx": 1,
  "holdout_oracle_idx": 1,
  "single_train_idx": 0,
  "selection_idx": 4,
  "final_idx": 1,
  "selection_candidate_count": 38,
  "certified": 0,
  "fallback": 1,
  "certificate_stage_reps": 20,
  "certificate_ambiguous_count": 5,
  "certificate_simulation_count": 760,
  "algorithm_simulation_count": 1094,
  "exhaustive_simulation_count": 3830,
  "work_reduction": 0.7143603133159269,
  "holdout_regret_vs_exhaustive": 0.0,
  "holdout_regret_vs_oracle": 0.0,
  "hysteresis_gain_vs_best_single": 0.017686974895119074,
  "adaptive_gain_vs_best_single": 0.017686974895119074,
  "exhaustive_holdout_objective": 2.1040195930023655,
  "adaptive_holdout_objective": 2.1040195930023655,
  "single_holdout_objective": 2.141903384389839,
  "selected_alpha_on": 7.71507856003881,
  "selected_alpha_off": 3.8575392800194055,
  "exhaustive_alpha_on": 7.71507856003881,
  "exhaustive_alpha_off": 3.8575392800194055,
  "pareto_count": 144,
  "distinct_weight_optima": 5,
  "robust_idx": 174,
  "robust_max_additive_regret": 0.4907987659663813,
  "equal_weight_idx": 1,
  "elapsed_seconds": 17.28296136856079
}