{
  "scenario_id": "C41",
  "design": "confirmatory_iid59_v9b",
  "K": 47.560660539604555,
  "mu_max": 142.68198161881367,
  "rho": 0.7748752322515178,
  "arrival_scv": 1.0,
  "mean_jump_fraction": 0.06766227835876772,
  "tau": 0.972251892628636,
  "qH": 0.45442778638574666,
  "beta": 1.1798257583169305,
  "jump_cv": 0.9973249599459295,
  "cloud_cost_multiplier": 1.2916010212448397,
  "deactivation_mean": 0.5761080611866846,
  "lambda_H": 13.576050826639582,
  "lambda_L": 22.051581123641427,
  "mean_H": 3.70077205021122,
  "mean_L": 2.7353532545039454,
  "cv_H": 0.9973249599459295,
  "cv_L": 0.9973249599459295,
  "cW": 1.0,
  "cB": 10.0,
  "cL": 2.5,
  "cC": 0.25,
  "policy_count": 190,
  "diffusion_best_idx": 0,
  "exhaustive_train_idx": 1,
  "holdout_oracle_idx": 1,
  "single_train_idx": 0,
  "selection_idx": 1,
  "final_idx": 0,
  "selection_candidate_count": 34,
  "certified": 0,
  "fallback": 1,
  "certificate_stage_reps": 20,
  "certificate_ambiguous_count": 2,
  "certificate_simulation_count": 680,
  "algorithm_simulation_count": 982,
  "exhaustive_simulation_count": 3830,
  "work_reduction": 0.743603133159269,
  "holdout_regret_vs_exhaustive": 0.004567099805890734,
  "holdout_regret_vs_oracle": 0.004567099805890734,
  "hysteresis_gain_vs_best_single": -0.0279658555474321,
  "adaptive_gain_vs_best_single": -0.03266067820676508,
  "exhaustive_holdout_objective": 1.178130179897485,
  "adaptive_holdout_objective": 1.1835108180134088,
  "single_holdout_objective": 1.1460790974132935,
  "selected_alpha_on": 2.3780330269802277,
  "selected_alpha_off": 2.3780330269802277,
  "exhaustive_alpha_on": 4.756066053960456,
  "exhaustive_alpha_off": 2.3780330269802277,
  "pareto_count": 104,
  "distinct_weight_optima": 9,
  "robust_idx": 179,
  "robust_max_additive_regret": 0.43756242815382435,
  "equal_weight_idx": 2,
  "elapsed_seconds": 29.862720489501953
}