{
  "scenario_id": "C42",
  "design": "confirmatory_iid59_v9b",
  "K": 68.1402335616928,
  "mu_max": 204.42070068507837,
  "rho": 0.601485712879365,
  "arrival_scv": 1.0,
  "mean_jump_fraction": 0.07518741444477663,
  "tau": 2.0368569212110814,
  "qH": 0.4311209787654635,
  "beta": 1.0688138054125764,
  "jump_cv": 1.7187738307596714,
  "cloud_cost_multiplier": 0.5063248323118617,
  "deactivation_mean": 0.40751488088476434,
  "lambda_H": 8.997103912237995,
  "lambda_L": 16.062103235329985,
  "mean_H": 5.891781178341905,
  "mean_L": 4.354794783991843,
  "cv_H": 1.7187738307596714,
  "cv_L": 1.7187738307596714,
  "cW": 1.0,
  "cB": 10.0,
  "cL": 2.5,
  "cC": 0.25,
  "policy_count": 190,
  "diffusion_best_idx": 0,
  "exhaustive_train_idx": 1,
  "holdout_oracle_idx": 1,
  "single_train_idx": 0,
  "selection_idx": 0,
  "final_idx": 1,
  "selection_candidate_count": 34,
  "certified": 0,
  "fallback": 1,
  "certificate_stage_reps": 20,
  "certificate_ambiguous_count": 1,
  "certificate_simulation_count": 680,
  "algorithm_simulation_count": 982,
  "exhaustive_simulation_count": 3830,
  "work_reduction": 0.743603133159269,
  "holdout_regret_vs_exhaustive": 0.0,
  "holdout_regret_vs_oracle": 0.0,
  "hysteresis_gain_vs_best_single": 0.011454264695914613,
  "adaptive_gain_vs_best_single": 0.011454264695914613,
  "exhaustive_holdout_objective": 0.6221872592316101,
  "adaptive_holdout_objective": 0.6221872592316101,
  "single_holdout_objective": 0.6293965337276174,
  "selected_alpha_on": 6.81402335616928,
  "selected_alpha_off": 3.40701167808464,
  "exhaustive_alpha_on": 6.81402335616928,
  "exhaustive_alpha_off": 3.40701167808464,
  "pareto_count": 120,
  "distinct_weight_optima": 7,
  "robust_idx": 53,
  "robust_max_additive_regret": 0.41705182031372035,
  "equal_weight_idx": 3,
  "elapsed_seconds": 21.18649411201477
}