{
  "scenario_id": "C43",
  "design": "confirmatory_iid59_v9b",
  "K": 57.30082464694216,
  "mu_max": 171.9024739408265,
  "rho": 0.5608722986365723,
  "arrival_scv": 4.0,
  "mean_jump_fraction": 0.06987622061038216,
  "tau": 2.314755629090839,
  "qH": 0.6014519519490401,
  "beta": 1.275185238065427,
  "jump_cv": 1.5843079164612945,
  "cloud_cost_multiplier": 0.456388765299144,
  "deactivation_mean": 0.8414860203359267,
  "lambda_H": 12.59386218742856,
  "lambda_L": 11.290615010110761,
  "mean_H": 4.604559823814537,
  "mean_L": 3.4033703045585706,
  "cv_H": 1.5843079164612945,
  "cv_L": 1.5843079164612945,
  "cW": 1.0,
  "cB": 10.0,
  "cL": 2.5,
  "cC": 0.25,
  "policy_count": 190,
  "diffusion_best_idx": 0,
  "exhaustive_train_idx": 0,
  "holdout_oracle_idx": 0,
  "single_train_idx": 1,
  "selection_idx": 0,
  "final_idx": 0,
  "selection_candidate_count": 34,
  "certified": 1,
  "fallback": 0,
  "certificate_stage_reps": 20,
  "certificate_ambiguous_count": 0,
  "certificate_simulation_count": 338,
  "algorithm_simulation_count": 640,
  "exhaustive_simulation_count": 3830,
  "work_reduction": 0.8328981723237598,
  "holdout_regret_vs_exhaustive": 0.0,
  "holdout_regret_vs_oracle": 0.0,
  "hysteresis_gain_vs_best_single": 0.013314982002890247,
  "adaptive_gain_vs_best_single": 0.013314982002890247,
  "exhaustive_holdout_objective": 1.053402201204845,
  "adaptive_holdout_objective": 1.053402201204845,
  "single_holdout_objective": 1.0676175091248123,
  "selected_alpha_on": 2.8650412323471084,
  "selected_alpha_off": 2.8650412323471084,
  "exhaustive_alpha_on": 2.8650412323471084,
  "exhaustive_alpha_off": 2.8650412323471084,
  "pareto_count": 123,
  "distinct_weight_optima": 4,
  "robust_idx": 54,
  "robust_max_additive_regret": 0.4750952031732887,
  "equal_weight_idx": 1,
  "elapsed_seconds": 37.79669761657715
}