{
  "scenario_id": "C44",
  "design": "confirmatory_iid59_v9b",
  "K": 63.6871594707079,
  "mu_max": 191.06147841212368,
  "rho": 0.8611758422385666,
  "arrival_scv": 4.0,
  "mean_jump_fraction": 0.09188852858947992,
  "tau": 1.3837315130373464,
  "qH": 0.5980146991995972,
  "beta": 0.7518716640240105,
  "jump_cv": 0.9085269472067232,
  "cloud_cost_multiplier": 0.3206163684904312,
  "deactivation_mean": 0.46649633549895336,
  "lambda_H": 14.620620842863957,
  "lambda_L": 13.296674669712171,
  "mean_H": 6.729937279877945,
  "mean_L": 4.974301467735873,
  "cv_H": 0.9085269472067232,
  "cv_L": 0.9085269472067232,
  "cW": 1.0,
  "cB": 10.0,
  "cL": 2.5,
  "cC": 0.25,
  "policy_count": 190,
  "diffusion_best_idx": 0,
  "exhaustive_train_idx": 0,
  "holdout_oracle_idx": 0,
  "single_train_idx": 0,
  "selection_idx": 0,
  "final_idx": 0,
  "selection_candidate_count": 35,
  "certified": 1,
  "fallback": 0,
  "certificate_stage_reps": 20,
  "certificate_ambiguous_count": 0,
  "certificate_simulation_count": 310,
  "algorithm_simulation_count": 620,
  "exhaustive_simulation_count": 3830,
  "work_reduction": 0.8381201044386423,
  "holdout_regret_vs_exhaustive": 0.0,
  "holdout_regret_vs_oracle": 0.0,
  "hysteresis_gain_vs_best_single": 0.0016191089235542346,
  "adaptive_gain_vs_best_single": 0.0016191089235542346,
  "exhaustive_holdout_objective": 1.7394223404629998,
  "adaptive_holdout_objective": 1.7394223404629998,
  "single_holdout_objective": 1.7422432220107593,
  "selected_alpha_on": 3.184357973535395,
  "selected_alpha_off": 3.184357973535395,
  "exhaustive_alpha_on": 3.184357973535395,
  "exhaustive_alpha_off": 3.184357973535395,
  "pareto_count": 153,
  "distinct_weight_optima": 3,
  "robust_idx": 157,
  "robust_max_additive_regret": 0.49684375632242406,
  "equal_weight_idx": 0,
  "elapsed_seconds": 38.136995792388916
}