{
  "scenario_id": "C45",
  "design": "confirmatory_iid59_v9b",
  "K": 61.06010660414083,
  "mu_max": 183.18031981242248,
  "rho": 0.5721029494451622,
  "arrival_scv": 4.0,
  "mean_jump_fraction": 0.08023824469588733,
  "tau": 0.4851972095041015,
  "qH": 0.7083059979904438,
  "beta": 0.9856701736638385,
  "jump_cv": 0.6088403077037796,
  "cloud_cost_multiplier": 1.0919274609643703,
  "deactivation_mean": 1.2721107815717951,
  "lambda_H": 13.174589773109469,
  "lambda_L": 7.340448487873104,
  "mean_H": 5.63425914108902,
  "mean_L": 4.164452408631015,
  "cv_H": 0.6088403077037796,
  "cv_L": 0.6088403077037796,
  "cW": 1.0,
  "cB": 10.0,
  "cL": 2.5,
  "cC": 0.25,
  "policy_count": 190,
  "diffusion_best_idx": 2,
  "exhaustive_train_idx": 0,
  "holdout_oracle_idx": 0,
  "single_train_idx": 0,
  "selection_idx": 0,
  "final_idx": 0,
  "selection_candidate_count": 32,
  "certified": 1,
  "fallback": 0,
  "certificate_stage_reps": 10,
  "certificate_ambiguous_count": 0,
  "certificate_simulation_count": 221,
  "algorithm_simulation_count": 507,
  "exhaustive_simulation_count": 3830,
  "work_reduction": 0.8676240208877285,
  "holdout_regret_vs_exhaustive": 0.0,
  "holdout_regret_vs_oracle": 0.0,
  "hysteresis_gain_vs_best_single": -0.016663068206159686,
  "adaptive_gain_vs_best_single": -0.016663068206159686,
  "exhaustive_holdout_objective": 0.8882547085138496,
  "adaptive_holdout_objective": 0.8882547085138496,
  "single_holdout_objective": 0.8736962483363551,
  "selected_alpha_on": 3.0530053302070415,
  "selected_alpha_off": 3.0530053302070415,
  "exhaustive_alpha_on": 3.0530053302070415,
  "exhaustive_alpha_off": 3.0530053302070415,
  "pareto_count": 135,
  "distinct_weight_optima": 4,
  "robust_idx": 51,
  "robust_max_additive_regret": 0.4965910238800728,
  "equal_weight_idx": 0,
  "elapsed_seconds": 18.086636304855347
}