{
  "scenario_id": "C46",
  "design": "confirmatory_iid59_v9b",
  "K": 39.108923628994106,
  "mu_max": 117.32677088698232,
  "rho": 0.7595347188179746,
  "arrival_scv": 1.0,
  "mean_jump_fraction": 0.08438095575344275,
  "tau": 0.9544136507311697,
  "qH": 0.2844828875198621,
  "beta": 1.0898371496452206,
  "jump_cv": 0.822547386019373,
  "cloud_cost_multiplier": 2.7341345114443985,
  "deactivation_mean": 1.6560734201113199,
  "lambda_H": 6.680096743906881,
  "lambda_L": 22.731366504003272,
  "mean_H": 3.7950556074483615,
  "mean_L": 2.8050411011574847,
  "cv_H": 0.822547386019373,
  "cv_L": 0.822547386019373,
  "cW": 1.0,
  "cB": 10.0,
  "cL": 2.5,
  "cC": 0.25,
  "policy_count": 190,
  "diffusion_best_idx": 0,
  "exhaustive_train_idx": 0,
  "holdout_oracle_idx": 0,
  "single_train_idx": 0,
  "selection_idx": 0,
  "final_idx": 0,
  "selection_candidate_count": 32,
  "certified": 1,
  "fallback": 0,
  "certificate_stage_reps": 20,
  "certificate_ambiguous_count": 0,
  "certificate_simulation_count": 301,
  "algorithm_simulation_count": 587,
  "exhaustive_simulation_count": 3830,
  "work_reduction": 0.8467362924281985,
  "holdout_regret_vs_exhaustive": 0.0,
  "holdout_regret_vs_oracle": 0.0,
  "hysteresis_gain_vs_best_single": 0.0029908101015487195,
  "adaptive_gain_vs_best_single": 0.0029908101015487195,
  "exhaustive_holdout_objective": 1.09487461093735,
  "adaptive_holdout_objective": 1.09487461093735,
  "single_holdout_objective": 1.0981589959555604,
  "selected_alpha_on": 1.9554461814497053,
  "selected_alpha_off": 1.9554461814497053,
  "exhaustive_alpha_on": 1.9554461814497053,
  "exhaustive_alpha_off": 1.9554461814497053,
  "pareto_count": 89,
  "distinct_weight_optima": 6,
  "robust_idx": 42,
  "robust_max_additive_regret": 0.3785334163781078,
  "equal_weight_idx": 3,
  "elapsed_seconds": 19.598302841186523
}