{
  "scenario_id": "C47",
  "design": "confirmatory_iid59_v9b",
  "K": 62.738065160359284,
  "mu_max": 188.21419548107787,
  "rho": 0.8769959068590524,
  "arrival_scv": 4.0,
  "mean_jump_fraction": 0.0889547986072163,
  "tau": 0.6243856618206398,
  "qH": 0.4677383269180981,
  "beta": 1.1240395735352076,
  "jump_cv": 0.970283635802113,
  "cloud_cost_multiplier": 2.4120790585228025,
  "deactivation_mean": 0.6015873130005035,
  "lambda_H": 12.029693378550192,
  "lambda_L": 18.520628029969505,
  "mean_H": 6.4179797440481,
  "mean_L": 4.743724158644248,
  "cv_H": 0.970283635802113,
  "cv_L": 0.970283635802113,
  "cW": 1.0,
  "cB": 10.0,
  "cL": 2.5,
  "cC": 0.25,
  "policy_count": 190,
  "diffusion_best_idx": 0,
  "exhaustive_train_idx": 0,
  "holdout_oracle_idx": 0,
  "single_train_idx": 0,
  "selection_idx": 0,
  "final_idx": 0,
  "selection_candidate_count": 33,
  "certified": 1,
  "fallback": 0,
  "certificate_stage_reps": 15,
  "certificate_ambiguous_count": 0,
  "certificate_simulation_count": 249,
  "algorithm_simulation_count": 543,
  "exhaustive_simulation_count": 3830,
  "work_reduction": 0.85822454308094,
  "holdout_regret_vs_exhaustive": 0.0,
  "holdout_regret_vs_oracle": 0.0,
  "hysteresis_gain_vs_best_single": 0.0069083960206118775,
  "adaptive_gain_vs_best_single": 0.0069083960206118775,
  "exhaustive_holdout_objective": 1.9179785338292097,
  "adaptive_holdout_objective": 1.9179785338292097,
  "single_holdout_objective": 1.931320863195031,
  "selected_alpha_on": 3.1369032580179645,
  "selected_alpha_off": 3.1369032580179645,
  "exhaustive_alpha_on": 3.1369032580179645,
  "exhaustive_alpha_off": 3.1369032580179645,
  "pareto_count": 161,
  "distinct_weight_optima": 4,
  "robust_idx": 159,
  "robust_max_additive_regret": 0.5008703061247939,
  "equal_weight_idx": 0,
  "elapsed_seconds": 25.048272609710693
}