{
  "scenario_id": "C48",
  "design": "confirmatory_iid59_v9b",
  "K": 31.750288023564128,
  "mu_max": 95.25086407069239,
  "rho": 0.8865040124236963,
  "arrival_scv": 4.0,
  "mean_jump_fraction": 0.06099431881252123,
  "tau": 1.785247166999978,
  "qH": 0.30925048800748883,
  "beta": 0.8364250908769252,
  "jump_cv": 1.1978238124953553,
  "cloud_cost_multiplier": 0.4310433854523986,
  "deactivation_mean": 1.6386442783762087,
  "lambda_H": 11.725331450677555,
  "lambda_L": 35.43351495966256,
  "mean_H": 2.2270752686134414,
  "mean_L": 1.6460991115838481,
  "cv_H": 1.1978238124953553,
  "cv_L": 1.1978238124953553,
  "cW": 1.0,
  "cB": 10.0,
  "cL": 2.5,
  "cC": 0.25,
  "policy_count": 190,
  "diffusion_best_idx": 0,
  "exhaustive_train_idx": 1,
  "holdout_oracle_idx": 1,
  "single_train_idx": 0,
  "selection_idx": 1,
  "final_idx": 0,
  "selection_candidate_count": 34,
  "certified": 0,
  "fallback": 1,
  "certificate_stage_reps": 20,
  "certificate_ambiguous_count": 8,
  "certificate_simulation_count": 680,
  "algorithm_simulation_count": 982,
  "exhaustive_simulation_count": 3830,
  "work_reduction": 0.743603133159269,
  "holdout_regret_vs_exhaustive": 0.02356190440568444,
  "holdout_regret_vs_oracle": 0.02356190440568444,
  "hysteresis_gain_vs_best_single": 0.017623917099476465,
  "adaptive_gain_vs_best_single": -0.005522734256256404,
  "exhaustive_holdout_objective": 1.143866331072381,
  "adaptive_holdout_objective": 1.1708180002179893,
  "single_holdout_objective": 1.1643873980472406,
  "selected_alpha_on": 1.5875144011782065,
  "selected_alpha_off": 1.5875144011782065,
  "exhaustive_alpha_on": 3.1750288023564126,
  "exhaustive_alpha_off": 1.5875144011782065,
  "pareto_count": 129,
  "distinct_weight_optima": 5,
  "robust_idx": 61,
  "robust_max_additive_regret": 0.47934220112332543,
  "equal_weight_idx": 1,
  "elapsed_seconds": 34.25858235359192
}