{
  "scenario_id": "C49",
  "design": "confirmatory_iid59_v9b",
  "K": 64.89842094759248,
  "mu_max": 194.69526284277745,
  "rho": 0.5594691476054939,
  "arrival_scv": 4.0,
  "mean_jump_fraction": 0.054928142446534906,
  "tau": 1.998369784285286,
  "qH": 0.45030364569387327,
  "beta": 0.8786937679770608,
  "jump_cv": 1.0553112915384169,
  "cloud_cost_multiplier": 0.4127263390118664,
  "deactivation_mean": 0.33827437524378934,
  "lambda_H": 11.964928482551068,
  "lambda_L": 19.76088611652469,
  "mean_H": 4.099462166919226,
  "mean_L": 3.030037253809863,
  "cv_H": 1.0553112915384169,
  "cv_L": 1.0553112915384169,
  "cW": 1.0,
  "cB": 10.0,
  "cL": 2.5,
  "cC": 0.25,
  "policy_count": 190,
  "diffusion_best_idx": 0,
  "exhaustive_train_idx": 0,
  "holdout_oracle_idx": 3,
  "single_train_idx": 0,
  "selection_idx": 4,
  "final_idx": 1,
  "selection_candidate_count": 34,
  "certified": 0,
  "fallback": 1,
  "certificate_stage_reps": 20,
  "certificate_ambiguous_count": 11,
  "certificate_simulation_count": 680,
  "algorithm_simulation_count": 982,
  "exhaustive_simulation_count": 3830,
  "work_reduction": 0.743603133159269,
  "holdout_regret_vs_exhaustive": 0.005291451916014071,
  "holdout_regret_vs_oracle": 0.0128055355751789,
  "hysteresis_gain_vs_best_single": -0.013349912547343077,
  "adaptive_gain_vs_best_single": -0.018712004883684408,
  "exhaustive_holdout_objective": 0.6167482980015933,
  "adaptive_holdout_objective": 0.6200117919647522,
  "single_holdout_objective": 0.6086232310922306,
  "selected_alpha_on": 6.489842094759249,
  "selected_alpha_off": 3.2449210473796244,
  "exhaustive_alpha_on": 3.2449210473796244,
  "exhaustive_alpha_off": 3.2449210473796244,
  "pareto_count": 115,
  "distinct_weight_optima": 5,
  "robust_idx": 44,
  "robust_max_additive_regret": 0.41252470834275706,
  "equal_weight_idx": 5,
  "elapsed_seconds": 26.634817838668823
}