{
  "scenario_id": "C50",
  "design": "confirmatory_iid59_v9b",
  "K": 54.6942876239555,
  "mu_max": 164.0828628718665,
  "rho": 0.7223095911001398,
  "arrival_scv": 4.0,
  "mean_jump_fraction": 0.09695345172239334,
  "tau": 0.4271024101392572,
  "qH": 0.26831589597184197,
  "beta": 1.2495074715530972,
  "jump_cv": 0.6168967387290588,
  "cloud_cost_multiplier": 3.2039430886183395,
  "deactivation_mean": 0.38073640381280016,
  "lambda_H": 5.2147071384680705,
  "lambda_L": 19.23915773428765,
  "mean_H": 6.098219970835844,
  "mean_L": 4.507379978443885,
  "cv_H": 0.6168967387290588,
  "cv_L": 0.6168967387290588,
  "cW": 1.0,
  "cB": 10.0,
  "cL": 2.5,
  "cC": 0.25,
  "policy_count": 190,
  "diffusion_best_idx": 0,
  "exhaustive_train_idx": 0,
  "holdout_oracle_idx": 0,
  "single_train_idx": 0,
  "selection_idx": 0,
  "final_idx": 0,
  "selection_candidate_count": 32,
  "certified": 1,
  "fallback": 0,
  "certificate_stage_reps": 15,
  "certificate_ambiguous_count": 0,
  "certificate_simulation_count": 226,
  "algorithm_simulation_count": 512,
  "exhaustive_simulation_count": 3830,
  "work_reduction": 0.8663185378590078,
  "holdout_regret_vs_exhaustive": 0.0,
  "holdout_regret_vs_oracle": 0.0,
  "hysteresis_gain_vs_best_single": 0.0011703781283412247,
  "adaptive_gain_vs_best_single": 0.0011703781283412247,
  "exhaustive_holdout_objective": 1.6712614661508056,
  "adaptive_holdout_objective": 1.6712614661508056,
  "single_holdout_objective": 1.6732197659688037,
  "selected_alpha_on": 2.7347143811977754,
  "selected_alpha_off": 2.7347143811977754,
  "exhaustive_alpha_on": 2.7347143811977754,
  "exhaustive_alpha_off": 2.7347143811977754,
  "pareto_count": 122,
  "distinct_weight_optima": 7,
  "robust_idx": 86,
  "robust_max_additive_regret": 0.46294645036644133,
  "equal_weight_idx": 0,
  "elapsed_seconds": 16.01523184776306
}