{
  "scenario_id": "C51",
  "design": "confirmatory_iid59_v9b",
  "K": 56.30508086656982,
  "mu_max": 168.91524259970944,
  "rho": 0.674043999466213,
  "arrival_scv": 1.0,
  "mean_jump_fraction": 0.09241744985655612,
  "tau": 0.4243728691647255,
  "qH": 0.6443600184134606,
  "beta": 1.0274148236320426,
  "jump_cv": 1.1135340609626958,
  "cloud_cost_multiplier": 1.2490762176034778,
  "deactivation_mean": 1.281178925092005,
  "lambda_H": 12.259881315421545,
  "lambda_L": 9.154764448033923,
  "mean_H": 5.984107785803886,
  "mean_L": 4.42303618950722,
  "cv_H": 1.1135340609626958,
  "cv_L": 1.1135340609626958,
  "cW": 1.0,
  "cB": 10.0,
  "cL": 2.5,
  "cC": 0.25,
  "policy_count": 190,
  "diffusion_best_idx": 0,
  "exhaustive_train_idx": 0,
  "holdout_oracle_idx": 0,
  "single_train_idx": 0,
  "selection_idx": 0,
  "final_idx": 0,
  "selection_candidate_count": 33,
  "certified": 1,
  "fallback": 0,
  "certificate_stage_reps": 15,
  "certificate_ambiguous_count": 0,
  "certificate_simulation_count": 253,
  "algorithm_simulation_count": 547,
  "exhaustive_simulation_count": 3830,
  "work_reduction": 0.8571801566579634,
  "holdout_regret_vs_exhaustive": 0.0,
  "holdout_regret_vs_oracle": 0.0,
  "hysteresis_gain_vs_best_single": 0.003564954706998754,
  "adaptive_gain_vs_best_single": 0.003564954706998754,
  "exhaustive_holdout_objective": 0.6841474701315985,
  "adaptive_holdout_objective": 0.6841474701315985,
  "single_holdout_objective": 0.6865951507460532,
  "selected_alpha_on": 2.815254043328491,
  "selected_alpha_off": 2.815254043328491,
  "exhaustive_alpha_on": 2.815254043328491,
  "exhaustive_alpha_off": 2.815254043328491,
  "pareto_count": 111,
  "distinct_weight_optima": 8,
  "robust_idx": 73,
  "robust_max_additive_regret": 0.42037976723703113,
  "equal_weight_idx": 0,
  "elapsed_seconds": 18.344147205352783
}