{
  "scenario_id": "C52",
  "design": "confirmatory_iid59_v9b",
  "K": 54.186947504148286,
  "mu_max": 162.56084251244485,
  "rho": 0.7389960802602822,
  "arrival_scv": 1.0,
  "mean_jump_fraction": 0.09012886614612223,
  "tau": 2.3037254782179546,
  "qH": 0.572362540383822,
  "beta": 0.8003938793555784,
  "jump_cv": 1.5651112374822698,
  "cloud_cost_multiplier": 2.0430351074874773,
  "deactivation_mean": 1.1572706210856973,
  "lambda_H": 12.24257700212548,
  "lambda_L": 12.375315998674981,
  "mean_H": 5.616379359238582,
  "mean_L": 4.151236917698083,
  "cv_H": 1.5651112374822698,
  "cv_L": 1.5651112374822698,
  "cW": 1.0,
  "cB": 10.0,
  "cL": 2.5,
  "cC": 0.25,
  "policy_count": 190,
  "diffusion_best_idx": 0,
  "exhaustive_train_idx": 28,
  "holdout_oracle_idx": 1,
  "single_train_idx": 0,
  "selection_idx": 28,
  "final_idx": 28,
  "selection_candidate_count": 46,
  "certified": 1,
  "fallback": 0,
  "certificate_stage_reps": 15,
  "certificate_ambiguous_count": 0,
  "certificate_simulation_count": 426,
  "algorithm_simulation_count": 824,
  "exhaustive_simulation_count": 3830,
  "work_reduction": 0.7848563968668407,
  "holdout_regret_vs_exhaustive": 0.0,
  "holdout_regret_vs_oracle": 0.009847191878597339,
  "hysteresis_gain_vs_best_single": -0.009258323941971146,
  "adaptive_gain_vs_best_single": -0.009258323941971146,
  "exhaustive_holdout_objective": 0.8607182585113616,
  "adaptive_holdout_objective": 0.8607182585113616,
  "single_holdout_objective": 0.8528225510685508,
  "selected_alpha_on": 21.674779001659314,
  "selected_alpha_off": 2.7093473752074146,
  "exhaustive_alpha_on": 21.674779001659314,
  "exhaustive_alpha_off": 2.7093473752074146,
  "pareto_count": 122,
  "distinct_weight_optima": 4,
  "robust_idx": 61,
  "robust_max_additive_regret": 0.4634480340357214,
  "equal_weight_idx": 1,
  "elapsed_seconds": 20.50366449356079
}