{
  "scenario_id": "C53",
  "design": "confirmatory_iid59_v9b",
  "K": 73.06739459325155,
  "mu_max": 219.20218377975465,
  "rho": 0.7860764475252828,
  "arrival_scv": 4.0,
  "mean_jump_fraction": 0.05122755522315004,
  "tau": 0.5317568498700559,
  "qH": 0.3386480254633111,
  "beta": 1.304818986738025,
  "jump_cv": 0.7155966638296214,
  "cloud_cost_multiplier": 2.1875260258780433,
  "deactivation_mean": 1.833338937004763,
  "lambda_H": 13.556048565187158,
  "lambda_L": 35.81757157908948,
  "mean_H": 4.304523590268111,
  "mean_L": 3.181604392806865,
  "cv_H": 0.7155966638296214,
  "cv_L": 0.7155966638296214,
  "cW": 1.0,
  "cB": 10.0,
  "cL": 2.5,
  "cC": 0.25,
  "policy_count": 190,
  "diffusion_best_idx": 0,
  "exhaustive_train_idx": 0,
  "holdout_oracle_idx": 0,
  "single_train_idx": 0,
  "selection_idx": 0,
  "final_idx": 0,
  "selection_candidate_count": 32,
  "certified": 1,
  "fallback": 0,
  "certificate_stage_reps": 20,
  "certificate_ambiguous_count": 0,
  "certificate_simulation_count": 271,
  "algorithm_simulation_count": 557,
  "exhaustive_simulation_count": 3830,
  "work_reduction": 0.8545691906005222,
  "holdout_regret_vs_exhaustive": 0.0,
  "holdout_regret_vs_oracle": 0.0,
  "hysteresis_gain_vs_best_single": -0.0024713523393001926,
  "adaptive_gain_vs_best_single": -0.0024713523393001926,
  "exhaustive_holdout_objective": 1.0478220497088686,
  "adaptive_holdout_objective": 1.0478220497088686,
  "single_holdout_objective": 1.0452388961178203,
  "selected_alpha_on": 3.6533697296625776,
  "selected_alpha_off": 3.6533697296625776,
  "exhaustive_alpha_on": 3.6533697296625776,
  "exhaustive_alpha_off": 3.6533697296625776,
  "pareto_count": 118,
  "distinct_weight_optima": 6,
  "robust_idx": 51,
  "robust_max_additive_regret": 0.4553986824061904,
  "equal_weight_idx": 0,
  "elapsed_seconds": 58.158445835113525
}