{
  "scenario_id": "C54",
  "design": "confirmatory_iid59_v9b",
  "K": 70.20555106047749,
  "mu_max": 210.61665318143247,
  "rho": 0.8067881362352474,
  "arrival_scv": 4.0,
  "mean_jump_fraction": 0.07991058193547151,
  "tau": 0.3139000567442704,
  "qH": 0.26511573748839595,
  "beta": 0.6463529383394009,
  "jump_cv": 0.5396662947883462,
  "cloud_cost_multiplier": 3.3557824021336784,
  "deactivation_mean": 0.8008511174292536,
  "lambda_H": 6.982551264752044,
  "lambda_L": 26.186441518837224,
  "mean_H": 6.451691406394698,
  "mean_L": 4.768641474291734,
  "cv_H": 0.5396662947883462,
  "cv_L": 0.5396662947883462,
  "cW": 1.0,
  "cB": 10.0,
  "cL": 2.5,
  "cC": 0.25,
  "policy_count": 190,
  "diffusion_best_idx": 26,
  "exhaustive_train_idx": 0,
  "holdout_oracle_idx": 0,
  "single_train_idx": 0,
  "selection_idx": 0,
  "final_idx": 0,
  "selection_candidate_count": 38,
  "certified": 1,
  "fallback": 0,
  "certificate_stage_reps": 15,
  "certificate_ambiguous_count": 0,
  "certificate_simulation_count": 325,
  "algorithm_simulation_count": 659,
  "exhaustive_simulation_count": 3830,
  "work_reduction": 0.8279373368146214,
  "holdout_regret_vs_exhaustive": 0.0,
  "holdout_regret_vs_oracle": 0.0,
  "hysteresis_gain_vs_best_single": 0.0005496654384633973,
  "adaptive_gain_vs_best_single": 0.0005496654384633973,
  "exhaustive_holdout_objective": 0.9849357746367798,
  "adaptive_holdout_objective": 0.9849357746367798,
  "single_holdout_objective": 0.9854774575355719,
  "selected_alpha_on": 3.5102775530238746,
  "selected_alpha_off": 3.5102775530238746,
  "exhaustive_alpha_on": 3.5102775530238746,
  "exhaustive_alpha_off": 3.5102775530238746,
  "pareto_count": 123,
  "distinct_weight_optima": 8,
  "robust_idx": 43,
  "robust_max_additive_regret": 0.4582093457052414,
  "equal_weight_idx": 0,
  "elapsed_seconds": 34.788843631744385
}