{
  "scenario_id": "C55",
  "design": "confirmatory_iid59_v9b",
  "K": 68.73032738507933,
  "mu_max": 206.190982155238,
  "rho": 0.6236412889733296,
  "arrival_scv": 1.0,
  "mean_jump_fraction": 0.09265161423399682,
  "tau": 0.6708613771579947,
  "qH": 0.3951661978656573,
  "beta": 1.1561195455327569,
  "jump_cv": 1.2728175074935142,
  "cloud_cost_multiplier": 1.689703243377881,
  "deactivation_mean": 0.6724289449448444,
  "lambda_H": 6.938811234352231,
  "lambda_L": 14.36879185460328,
  "mean_H": 7.323172145917479,
  "mean_L": 5.412779412199876,
  "cv_H": 1.2728175074935142,
  "cv_L": 1.2728175074935142,
  "cW": 1.0,
  "cB": 10.0,
  "cL": 2.5,
  "cC": 0.25,
  "policy_count": 190,
  "diffusion_best_idx": 0,
  "exhaustive_train_idx": 0,
  "holdout_oracle_idx": 0,
  "single_train_idx": 0,
  "selection_idx": 0,
  "final_idx": 0,
  "selection_candidate_count": 33,
  "certified": 1,
  "fallback": 0,
  "certificate_stage_reps": 20,
  "certificate_ambiguous_count": 0,
  "certificate_simulation_count": 319,
  "algorithm_simulation_count": 613,
  "exhaustive_simulation_count": 3830,
  "work_reduction": 0.8399477806788511,
  "holdout_regret_vs_exhaustive": 0.0,
  "holdout_regret_vs_oracle": 0.0,
  "hysteresis_gain_vs_best_single": 0.008793295305645538,
  "adaptive_gain_vs_best_single": 0.008793295305645538,
  "exhaustive_holdout_objective": 0.7111564579759383,
  "adaptive_holdout_objective": 0.7111564579759383,
  "single_holdout_objective": 0.7174653426050305,
  "selected_alpha_on": 3.436516369253967,
  "selected_alpha_off": 3.436516369253967,
  "exhaustive_alpha_on": 3.436516369253967,
  "exhaustive_alpha_off": 3.436516369253967,
  "pareto_count": 101,
  "distinct_weight_optima": 7,
  "robust_idx": 53,
  "robust_max_additive_regret": 0.3761824163473128,
  "equal_weight_idx": 0,
  "elapsed_seconds": 17.58513331413269
}