{
  "scenario_id": "C56",
  "design": "confirmatory_iid59_v9b",
  "K": 39.41521215975707,
  "mu_max": 118.24563647927121,
  "rho": 0.6827532562114733,
  "arrival_scv": 1.0,
  "mean_jump_fraction": 0.08983875095903612,
  "tau": 1.2091777393000138,
  "qH": 0.4385591866770776,
  "beta": 1.3305155333835246,
  "jump_cv": 0.5169960524458226,
  "cloud_cost_multiplier": 2.505457830368718,
  "deactivation_mean": 0.9260852947210447,
  "lambda_H": 8.694641945044712,
  "lambda_L": 15.05935543826655,
  "mean_H": 4.072165443600686,
  "mean_L": 3.0098614148352896,
  "cv_H": 0.5169960524458226,
  "cv_L": 0.5169960524458226,
  "cW": 1.0,
  "cB": 10.0,
  "cL": 2.5,
  "cC": 0.25,
  "policy_count": 190,
  "diffusion_best_idx": 0,
  "exhaustive_train_idx": 0,
  "holdout_oracle_idx": 0,
  "single_train_idx": 0,
  "selection_idx": 1,
  "final_idx": 0,
  "selection_candidate_count": 32,
  "certified": 0,
  "fallback": 1,
  "certificate_stage_reps": 20,
  "certificate_ambiguous_count": 1,
  "certificate_simulation_count": 640,
  "algorithm_simulation_count": 926,
  "exhaustive_simulation_count": 3830,
  "work_reduction": 0.75822454308094,
  "holdout_regret_vs_exhaustive": 0.0,
  "holdout_regret_vs_oracle": 0.0,
  "hysteresis_gain_vs_best_single": 0.01579671202688225,
  "adaptive_gain_vs_best_single": 0.01579671202688225,
  "exhaustive_holdout_objective": 1.5298696588366574,
  "adaptive_holdout_objective": 1.5298696588366574,
  "single_holdout_objective": 1.554424454308919,
  "selected_alpha_on": 1.9707606079878535,
  "selected_alpha_off": 1.9707606079878535,
  "exhaustive_alpha_on": 1.9707606079878535,
  "exhaustive_alpha_off": 1.9707606079878535,
  "pareto_count": 89,
  "distinct_weight_optima": 9,
  "robust_idx": 64,
  "robust_max_additive_regret": 0.3693742873638465,
  "equal_weight_idx": 4,
  "elapsed_seconds": 19.517451286315918
}