{
  "scenario_id": "C57",
  "design": "confirmatory_iid59_v9b",
  "K": 76.00912244246328,
  "mu_max": 228.02736732738984,
  "rho": 0.8130821022111545,
  "arrival_scv": 4.0,
  "mean_jump_fraction": 0.079788505481499,
  "tau": 0.6028735654010499,
  "qH": 0.37392768731162773,
  "beta": 1.3815075621666089,
  "jump_cv": 1.880701090936293,
  "cloud_cost_multiplier": 0.39512359976407846,
  "deactivation_mean": 1.5276169435374676,
  "lambda_H": 9.94042856847534,
  "lambda_L": 22.51753767397855,
  "mean_H": 6.974352425041071,
  "mean_L": 5.154956140247749,
  "cv_H": 1.880701090936293,
  "cv_L": 1.880701090936293,
  "cW": 1.0,
  "cB": 10.0,
  "cL": 2.5,
  "cC": 0.25,
  "policy_count": 190,
  "diffusion_best_idx": 0,
  "exhaustive_train_idx": 0,
  "holdout_oracle_idx": 0,
  "single_train_idx": 0,
  "selection_idx": 0,
  "final_idx": 0,
  "selection_candidate_count": 35,
  "certified": 1,
  "fallback": 0,
  "certificate_stage_reps": 15,
  "certificate_ambiguous_count": 0,
  "certificate_simulation_count": 268,
  "algorithm_simulation_count": 578,
  "exhaustive_simulation_count": 3830,
  "work_reduction": 0.8490861618798955,
  "holdout_regret_vs_exhaustive": 0.0,
  "holdout_regret_vs_oracle": 0.0,
  "hysteresis_gain_vs_best_single": 0.012428058203403067,
  "adaptive_gain_vs_best_single": 0.012428058203403067,
  "exhaustive_holdout_objective": 0.87063767345929,
  "adaptive_holdout_objective": 0.87063767345929,
  "single_holdout_objective": 0.8815941772053797,
  "selected_alpha_on": 3.800456122123164,
  "selected_alpha_off": 3.800456122123164,
  "exhaustive_alpha_on": 3.800456122123164,
  "exhaustive_alpha_off": 3.800456122123164,
  "pareto_count": 134,
  "distinct_weight_optima": 4,
  "robust_idx": 63,
  "robust_max_additive_regret": 0.46942569897140146,
  "equal_weight_idx": 0,
  "elapsed_seconds": 22.725908517837524
}