{
  "scenario_id": "C58",
  "design": "confirmatory_iid59_v9b",
  "K": 49.833599595783554,
  "mu_max": 149.50079878735067,
  "rho": 0.695070326911257,
  "arrival_scv": 1.0,
  "mean_jump_fraction": 0.05698665758139516,
  "tau": 1.3210100969943295,
  "qH": 0.31509805088590526,
  "beta": 0.9873627888621126,
  "jump_cv": 1.4436416147611575,
  "cloud_cost_multiplier": 1.387729138573212,
  "deactivation_mean": 1.1104698032458886,
  "lambda_H": 10.025930608736019,
  "lambda_L": 29.48399266512098,
  "mean_H": 3.2658278176452593,
  "mean_L": 2.413872734781279,
  "cv_H": 1.4436416147611575,
  "cv_L": 1.4436416147611575,
  "cW": 1.0,
  "cB": 10.0,
  "cL": 2.5,
  "cC": 0.25,
  "policy_count": 190,
  "diffusion_best_idx": 0,
  "exhaustive_train_idx": 0,
  "holdout_oracle_idx": 1,
  "single_train_idx": 0,
  "selection_idx": 7,
  "final_idx": 0,
  "selection_candidate_count": 38,
  "certified": 0,
  "fallback": 1,
  "certificate_stage_reps": 20,
  "certificate_ambiguous_count": 11,
  "certificate_simulation_count": 760,
  "algorithm_simulation_count": 1094,
  "exhaustive_simulation_count": 3830,
  "work_reduction": 0.7143603133159269,
  "holdout_regret_vs_exhaustive": 0.0,
  "holdout_regret_vs_oracle": 0.008107332136370464,
  "hysteresis_gain_vs_best_single": -0.015617943264401907,
  "adaptive_gain_vs_best_single": -0.015617943264401907,
  "exhaustive_holdout_objective": 0.6479512758198084,
  "adaptive_holdout_objective": 0.6479512758198084,
  "single_holdout_objective": 0.6379872274973418,
  "selected_alpha_on": 2.4916799797891778,
  "selected_alpha_off": 2.4916799797891778,
  "exhaustive_alpha_on": 2.4916799797891778,
  "exhaustive_alpha_off": 2.4916799797891778,
  "pareto_count": 90,
  "distinct_weight_optima": 8,
  "robust_idx": 61,
  "robust_max_additive_regret": 0.37799660283051806,
  "equal_weight_idx": 1,
  "elapsed_seconds": 28.185416221618652
}