{
  "scenario_id": "C59",
  "design": "confirmatory_iid59_v9b",
  "K": 36.32323520116945,
  "mu_max": 108.96970560350836,
  "rho": 0.8932927682241569,
  "arrival_scv": 1.0,
  "mean_jump_fraction": 0.07297423223096972,
  "tau": 1.7704621146453376,
  "qH": 0.5716164266741763,
  "beta": 0.9456902402905101,
  "jump_cv": 1.717603686807875,
  "cloud_cost_multiplier": 2.044412876516261,
  "deactivation_mean": 0.4776216098035825,
  "lambda_H": 18.253762632387005,
  "lambda_L": 18.507997059764307,
  "mean_H": 3.0482592310928145,
  "mean_L": 2.2530611708077326,
  "cv_H": 1.717603686807875,
  "cv_L": 1.717603686807875,
  "cW": 1.0,
  "cB": 10.0,
  "cL": 2.5,
  "cC": 0.25,
  "policy_count": 190,
  "diffusion_best_idx": 0,
  "exhaustive_train_idx": 1,
  "holdout_oracle_idx": 0,
  "single_train_idx": 0,
  "selection_idx": 3,
  "final_idx": 3,
  "selection_candidate_count": 39,
  "certified": 1,
  "fallback": 0,
  "certificate_stage_reps": 10,
  "certificate_ambiguous_count": 0,
  "certificate_simulation_count": 314,
  "algorithm_simulation_count": 656,
  "exhaustive_simulation_count": 3830,
  "work_reduction": 0.8287206266318538,
  "holdout_regret_vs_exhaustive": 0.0032589251449702075,
  "holdout_regret_vs_oracle": 0.009971720061408725,
  "hysteresis_gain_vs_best_single": -0.0021763580218538314,
  "adaptive_gain_vs_best_single": -0.005442375754705916,
  "exhaustive_holdout_objective": 1.24739951308853,
  "adaptive_holdout_objective": 1.2514646947275578,
  "single_holdout_objective": 1.2446906206715054,
  "selected_alpha_on": 5.448485280175418,
  "selected_alpha_off": 1.8161617600584727,
  "exhaustive_alpha_on": 3.6323235201169455,
  "exhaustive_alpha_off": 1.8161617600584727,
  "pareto_count": 136,
  "distinct_weight_optima": 7,
  "robust_idx": 112,
  "robust_max_additive_regret": 0.45343810648348987,
  "equal_weight_idx": 0,
  "elapsed_seconds": 28.9816312789917
}