{
  "method": "breadth_first_two_stage_RS",
  "runs": 180,
  "scenarios": 36,
  "training_replications_per_run": 400,
  "median_regret": 0.0,
  "p90_regret": 0.0277669661984004,
  "maximum_regret": 0.1167003338007302,
  "within_1pct": 0.7055555555555556,
  "within_5pct": 0.9611111111111111,
  "exact": 0.22777777777777777
}