baseline,median_improvement,p10,p90,better_fraction,scenarios
local_only,0.31994206137615067,0.14890631320162107,0.6240529453842031,1.0,36
static_half,0.13253059849571314,0.03709747766267401,0.3214367514301245,1.0,36
fixed_deadband_05_04,0.11652666950402835,0.03656607652456394,0.2969362986596601,1.0,36
diffusion_only,0.0,-0.016243919708270643,0.06748689903398522,0.2777777777777778,36
best_single_training,-0.0038060195843192092,-0.021736965722765712,0.01156670542260907,0.4166666666666667,36
