{
  "scenario_id": "T01",
  "design": "frozen_fresh59",
  "K": 58.386369966852314,
  "mu_max": 175.15910990055693,
  "rho": 0.723056816829059,
  "arrival_scv": 4.0,
  "mean_jump_fraction": 0.050883682829679804,
  "tau": 0.8575745899614112,
  "qH": 0.6418918147675285,
  "beta": 0.9026830827758137,
  "jump_cv": 1.6348230990153154,
  "cloud_cost_multiplier": 1.6858684345612738,
  "deactivation_mean": 1.9919541626433923,
  "lambda_H": 23.79464008503516,
  "lambda_L": 17.960170895093476,
  "mean_H": 3.4165505606151036,
  "mean_L": 2.5252765013242073,
  "cv_H": 1.6348230990153154,
  "cv_L": 1.6348230990153154,
  "cW": 1.0,
  "cB": 10.0,
  "cL": 2.5,
  "cC": 0.25,
  "policy_count": 190,
  "diffusion_best_idx": 0,
  "exhaustive_train_idx": 0,
  "holdout_oracle_idx": 1,
  "single_train_idx": 0,
  "selection_idx": 10,
  "final_idx": 10,
  "selection_candidate_count": 41,
  "certified": 1,
  "fallback": 0,
  "certificate_stage_reps": 20,
  "certificate_ambiguous_count": 0,
  "certificate_simulation_count": 361,
  "algorithm_simulation_count": 719,
  "exhaustive_simulation_count": 3830,
  "work_reduction": 0.8122715404699739,
  "holdout_regret_vs_exhaustive": 0.001701056628562059,
  "holdout_regret_vs_oracle": 0.009427789741785928,
  "hysteresis_gain_vs_best_single": -0.00992267904509823,
  "adaptive_gain_vs_best_single": -0.011640614712623046,
  "exhaustive_holdout_objective": 0.8453247263935215,
  "adaptive_holdout_objective": 0.8467626716226406,
  "single_holdout_objective": 0.8370192529915188,
  "selected_alpha_on": 14.596592491713077,
  "selected_alpha_off": 2.9193184983426157,
  "exhaustive_alpha_on": 2.9193184983426157,
  "exhaustive_alpha_off": 2.9193184983426157,
  "pareto_count": 123,
  "distinct_weight_optima": 4,
  "robust_idx": 73,
  "robust_max_additive_regret": 0.4821727099763491,
  "equal_weight_idx": 1,
  "elapsed_seconds": 31.715631008148193
}