{
  "scenario_id": "T02",
  "design": "frozen_fresh59",
  "K": 59.36796394739973,
  "mu_max": 178.10389184219918,
  "rho": 0.6076705118108594,
  "arrival_scv": 4.0,
  "mean_jump_fraction": 0.08994480318539369,
  "tau": 0.8204688329985662,
  "qH": 0.5248102832322675,
  "beta": 1.0947780587092415,
  "jump_cv": 1.340543816833105,
  "cloud_cost_multiplier": 3.452225523462066,
  "deactivation_mean": 0.7592852510694417,
  "lambda_H": 9.249491053675252,
  "lambda_L": 11.330822832871533,
  "mean_H": 6.1408158076813795,
  "mean_L": 4.538863857851455,
  "cv_H": 1.340543816833105,
  "cv_L": 1.340543816833105,
  "cW": 1.0,
  "cB": 10.0,
  "cL": 2.5,
  "cC": 0.25,
  "policy_count": 190,
  "diffusion_best_idx": 0,
  "exhaustive_train_idx": 2,
  "holdout_oracle_idx": 1,
  "single_train_idx": 0,
  "selection_idx": 6,
  "final_idx": 6,
  "selection_candidate_count": 37,
  "certified": 1,
  "fallback": 0,
  "certificate_stage_reps": 20,
  "certificate_ambiguous_count": 0,
  "certificate_simulation_count": 381,
  "algorithm_simulation_count": 707,
  "exhaustive_simulation_count": 3830,
  "work_reduction": 0.8154046997389034,
  "holdout_regret_vs_exhaustive": 0.004554033666636438,
  "holdout_regret_vs_oracle": 0.008970314620631092,
  "hysteresis_gain_vs_best_single": -0.003622896950987403,
  "adaptive_gain_vs_best_single": -0.008193429412309392,
  "exhaustive_holdout_objective": 1.3495845804462687,
  "adaptive_holdout_objective": 1.3557306340615944,
  "single_holdout_objective": 1.3447128244545985,
  "selected_alpha_on": 11.873592789479947,
  "selected_alpha_off": 2.9683981973699867,
  "exhaustive_alpha_on": 5.936796394739973,
  "exhaustive_alpha_off": 5.936796394739973,
  "pareto_count": 129,
  "distinct_weight_optima": 5,
  "robust_idx": 53,
  "robust_max_additive_regret": 0.4655021757762212,
  "equal_weight_idx": 0,
  "elapsed_seconds": 16.908109664916992
}