{
  "scenario_id": "T03",
  "design": "frozen_fresh59",
  "K": 48.51576079863004,
  "mu_max": 145.54728239589014,
  "rho": 0.7419379387570887,
  "arrival_scv": 4.0,
  "mean_jump_fraction": 0.06612478719940768,
  "tau": 2.722219792967412,
  "qH": 0.34844782147286946,
  "beta": 0.8617085411408452,
  "jump_cv": 1.3328614948697133,
  "cloud_cost_multiplier": 0.4381071414855048,
  "deactivation_mean": 1.9357367248825685,
  "lambda_H": 10.199161288464001,
  "lambda_L": 25.802086210727005,
  "mean_H": 3.6893085124207925,
  "mean_L": 2.7268802048327596,
  "cv_H": 1.3328614948697133,
  "cv_L": 1.3328614948697133,
  "cW": 1.0,
  "cB": 10.0,
  "cL": 2.5,
  "cC": 0.25,
  "policy_count": 190,
  "diffusion_best_idx": 0,
  "exhaustive_train_idx": 0,
  "holdout_oracle_idx": 0,
  "single_train_idx": 0,
  "selection_idx": 10,
  "final_idx": 1,
  "selection_candidate_count": 41,
  "certified": 0,
  "fallback": 1,
  "certificate_stage_reps": 20,
  "certificate_ambiguous_count": 8,
  "certificate_simulation_count": 820,
  "algorithm_simulation_count": 1178,
  "exhaustive_simulation_count": 3830,
  "work_reduction": 0.6924281984334204,
  "holdout_regret_vs_exhaustive": 0.015665412638494882,
  "holdout_regret_vs_oracle": 0.015665412638494882,
  "hysteresis_gain_vs_best_single": -0.005807439315391178,
  "adaptive_gain_vs_best_single": -0.021563827887134682,
  "exhaustive_holdout_objective": 0.9836619890639412,
  "adaptive_holdout_objective": 0.9990714600194305,
  "single_holdout_objective": 0.9779824155342066,
  "selected_alpha_on": 4.851576079863005,
  "selected_alpha_off": 2.4257880399315024,
  "exhaustive_alpha_on": 2.4257880399315024,
  "exhaustive_alpha_off": 2.4257880399315024,
  "pareto_count": 114,
  "distinct_weight_optima": 7,
  "robust_idx": 70,
  "robust_max_additive_regret": 0.48062093430250047,
  "equal_weight_idx": 0,
  "elapsed_seconds": 27.197686433792114
}