{
  "scenario_id": "T04",
  "design": "frozen_fresh59",
  "K": 65.45098926596444,
  "mu_max": 196.3529677978933,
  "rho": 0.684326775369464,
  "arrival_scv": 4.0,
  "mean_jump_fraction": 0.06555949038837376,
  "tau": 0.5225690116143484,
  "qH": 0.5094864790094831,
  "beta": 1.2054029184483572,
  "jump_cv": 1.045167016161353,
  "cloud_cost_multiplier": 0.47422167541831783,
  "deactivation_mean": 1.315184110045151,
  "lambda_H": 13.873436193844901,
  "lambda_L": 18.070962137605953,
  "mean_H": 4.9345735269452815,
  "mean_L": 3.647293476437817,
  "cv_H": 1.045167016161353,
  "cv_L": 1.045167016161353,
  "cW": 1.0,
  "cB": 10.0,
  "cL": 2.5,
  "cC": 0.25,
  "policy_count": 190,
  "diffusion_best_idx": 0,
  "exhaustive_train_idx": 0,
  "holdout_oracle_idx": 0,
  "single_train_idx": 0,
  "selection_idx": 0,
  "final_idx": 0,
  "selection_candidate_count": 32,
  "certified": 1,
  "fallback": 0,
  "certificate_stage_reps": 10,
  "certificate_ambiguous_count": 0,
  "certificate_simulation_count": 204,
  "algorithm_simulation_count": 490,
  "exhaustive_simulation_count": 3830,
  "work_reduction": 0.8720626631853786,
  "holdout_regret_vs_exhaustive": 0.0,
  "holdout_regret_vs_oracle": 0.0,
  "hysteresis_gain_vs_best_single": 0.012016009794470804,
  "adaptive_gain_vs_best_single": 0.012016009794470804,
  "exhaustive_holdout_objective": 0.7509137039122291,
  "adaptive_holdout_objective": 0.7509137039122291,
  "single_holdout_objective": 0.7600464292503539,
  "selected_alpha_on": 3.272549463298222,
  "selected_alpha_off": 3.272549463298222,
  "exhaustive_alpha_on": 3.272549463298222,
  "exhaustive_alpha_off": 3.272549463298222,
  "pareto_count": 125,
  "distinct_weight_optima": 7,
  "robust_idx": 62,
  "robust_max_additive_regret": 0.4753083451033008,
  "equal_weight_idx": 0,
  "elapsed_seconds": 24.585806608200073
}