{
  "scenario_id": "T05",
  "design": "frozen_fresh59",
  "K": 30.678255415336757,
  "mu_max": 92.03476624601026,
  "rho": 0.8584093730563868,
  "arrival_scv": 4.0,
  "mean_jump_fraction": 0.08817945354144956,
  "tau": 1.3660729653343777,
  "qH": 0.7565639742295771,
  "beta": 1.018690255860326,
  "jump_cv": 1.535737603210558,
  "cloud_cost_multiplier": 1.7466526789643635,
  "deactivation_mean": 0.470486071325139,
  "lambda_H": 19.213041450657023,
  "lambda_L": 8.364003892799595,
  "mean_H": 3.110970567848822,
  "mean_L": 2.299413028409999,
  "cv_H": 1.535737603210558,
  "cv_L": 1.535737603210558,
  "cW": 1.0,
  "cB": 10.0,
  "cL": 2.5,
  "cC": 0.25,
  "policy_count": 190,
  "diffusion_best_idx": 0,
  "exhaustive_train_idx": 0,
  "holdout_oracle_idx": 0,
  "single_train_idx": 0,
  "selection_idx": 0,
  "final_idx": 0,
  "selection_candidate_count": 36,
  "certified": 1,
  "fallback": 0,
  "certificate_stage_reps": 10,
  "certificate_ambiguous_count": 0,
  "certificate_simulation_count": 266,
  "algorithm_simulation_count": 584,
  "exhaustive_simulation_count": 3830,
  "work_reduction": 0.8475195822454308,
  "holdout_regret_vs_exhaustive": 0.0,
  "holdout_regret_vs_oracle": 0.0,
  "hysteresis_gain_vs_best_single": -0.0006412085010064568,
  "adaptive_gain_vs_best_single": -0.0006412085010064568,
  "exhaustive_holdout_objective": 1.8766560750825454,
  "adaptive_holdout_objective": 1.8766560750825454,
  "single_holdout_objective": 1.8754535183433412,
  "selected_alpha_on": 1.5339127707668379,
  "selected_alpha_off": 1.5339127707668379,
  "exhaustive_alpha_on": 1.5339127707668379,
  "exhaustive_alpha_off": 1.5339127707668379,
  "pareto_count": 152,
  "distinct_weight_optima": 6,
  "robust_idx": 99,
  "robust_max_additive_regret": 0.5019550078210568,
  "equal_weight_idx": 0,
  "elapsed_seconds": 23.115222454071045
}