{
  "scenario_id": "T06",
  "design": "frozen_fresh59",
  "K": 51.20114365310611,
  "mu_max": 153.60343095931833,
  "rho": 0.7171163295268146,
  "arrival_scv": 4.0,
  "mean_jump_fraction": 0.05766231532186349,
  "tau": 1.461811755127252,
  "qH": 0.42696993738185396,
  "beta": 1.3435667286552824,
  "jump_cv": 1.2115612658996173,
  "cloud_cost_multiplier": 0.25716703669648466,
  "deactivation_mean": 0.3198923952500031,
  "lambda_H": 13.852183863984163,
  "lambda_L": 25.1522749050118,
  "mean_H": 3.395232963690249,
  "mean_L": 2.509520016640619,
  "cv_H": 1.2115612658996173,
  "cv_L": 1.2115612658996173,
  "cW": 1.0,
  "cB": 10.0,
  "cL": 2.5,
  "cC": 0.25,
  "policy_count": 190,
  "diffusion_best_idx": 0,
  "exhaustive_train_idx": 0,
  "holdout_oracle_idx": 0,
  "single_train_idx": 0,
  "selection_idx": 0,
  "final_idx": 0,
  "selection_candidate_count": 33,
  "certified": 1,
  "fallback": 0,
  "certificate_stage_reps": 15,
  "certificate_ambiguous_count": 0,
  "certificate_simulation_count": 281,
  "algorithm_simulation_count": 575,
  "exhaustive_simulation_count": 3830,
  "work_reduction": 0.8498694516971279,
  "holdout_regret_vs_exhaustive": 0.0,
  "holdout_regret_vs_oracle": 0.0,
  "hysteresis_gain_vs_best_single": 0.0031913200504443866,
  "adaptive_gain_vs_best_single": 0.0031913200504443866,
  "exhaustive_holdout_objective": 1.7961462988160775,
  "adaptive_holdout_objective": 1.7961462988160775,
  "single_holdout_objective": 1.8018967279728875,
  "selected_alpha_on": 2.5600571826553056,
  "selected_alpha_off": 2.5600571826553056,
  "exhaustive_alpha_on": 2.5600571826553056,
  "exhaustive_alpha_off": 2.5600571826553056,
  "pareto_count": 139,
  "distinct_weight_optima": 5,
  "robust_idx": 181,
  "robust_max_additive_regret": 0.48944487750821736,
  "equal_weight_idx": 0,
  "elapsed_seconds": 30.56380009651184
}