{
  "scenario_id": "T07",
  "design": "frozen_fresh59",
  "K": 54.15967458044368,
  "mu_max": 162.47902374133105,
  "rho": 0.7718582315209837,
  "arrival_scv": 4.0,
  "mean_jump_fraction": 0.0925363018661251,
  "tau": 2.0311216654649487,
  "qH": 0.6703352735835204,
  "beta": 1.2824996407964626,
  "jump_cv": 1.1438187543317517,
  "cloud_cost_multiplier": 1.5351421660374138,
  "deactivation_mean": 1.6362569723942695,
  "lambda_H": 14.586157141720502,
  "lambda_L": 9.705104378888521,
  "mean_H": 5.763496395339094,
  "mean_L": 4.259975596554982,
  "cv_H": 1.1438187543317517,
  "cv_L": 1.1438187543317517,
  "cW": 1.0,
  "cB": 10.0,
  "cL": 2.5,
  "cC": 0.25,
  "policy_count": 190,
  "diffusion_best_idx": 0,
  "exhaustive_train_idx": 1,
  "holdout_oracle_idx": 1,
  "single_train_idx": 0,
  "selection_idx": 1,
  "final_idx": 1,
  "selection_candidate_count": 37,
  "certified": 1,
  "fallback": 0,
  "certificate_stage_reps": 10,
  "certificate_ambiguous_count": 0,
  "certificate_simulation_count": 287,
  "algorithm_simulation_count": 613,
  "exhaustive_simulation_count": 3830,
  "work_reduction": 0.8399477806788511,
  "holdout_regret_vs_exhaustive": 0.0,
  "holdout_regret_vs_oracle": 0.0,
  "hysteresis_gain_vs_best_single": -0.004755412569165171,
  "adaptive_gain_vs_best_single": -0.004755412569165171,
  "exhaustive_holdout_objective": 2.2885724260737836,
  "adaptive_holdout_objective": 2.2885724260737836,
  "single_holdout_objective": 2.2777408287076466,
  "selected_alpha_on": 5.415967458044367,
  "selected_alpha_off": 2.707983729022184,
  "exhaustive_alpha_on": 5.415967458044367,
  "exhaustive_alpha_off": 2.707983729022184,
  "pareto_count": 155,
  "distinct_weight_optima": 3,
  "robust_idx": 160,
  "robust_max_additive_regret": 0.4980641774599339,
  "equal_weight_idx": 1,
  "elapsed_seconds": 19.91780161857605
}