{
  "scenario_id": "T08",
  "design": "frozen_fresh59",
  "K": 61.21441215608584,
  "mu_max": 183.64323646825753,
  "rho": 0.8669102814911953,
  "arrival_scv": 1.0,
  "mean_jump_fraction": 0.0877689414022286,
  "tau": 0.3448651650160748,
  "qH": 0.5952888780706871,
  "beta": 0.9851495617349616,
  "jump_cv": 1.505101701971388,
  "cloud_cost_multiplier": 0.37153390184273066,
  "deactivation_mean": 1.9467582443207165,
  "lambda_H": 15.338556003942065,
  "lambda_L": 14.108497380766265,
  "mean_H": 6.178632776524274,
  "mean_L": 4.5668155304744635,
  "cv_H": 1.505101701971388,
  "cv_L": 1.505101701971388,
  "cW": 1.0,
  "cB": 10.0,
  "cL": 2.5,
  "cC": 0.25,
  "policy_count": 190,
  "diffusion_best_idx": 0,
  "exhaustive_train_idx": 0,
  "holdout_oracle_idx": 0,
  "single_train_idx": 0,
  "selection_idx": 0,
  "final_idx": 0,
  "selection_candidate_count": 34,
  "certified": 1,
  "fallback": 0,
  "certificate_stage_reps": 10,
  "certificate_ambiguous_count": 0,
  "certificate_simulation_count": 236,
  "algorithm_simulation_count": 538,
  "exhaustive_simulation_count": 3830,
  "work_reduction": 0.8595300261096606,
  "holdout_regret_vs_exhaustive": 0.0,
  "holdout_regret_vs_oracle": 0.0,
  "hysteresis_gain_vs_best_single": -0.0023742774755974075,
  "adaptive_gain_vs_best_single": -0.0023742774755974075,
  "exhaustive_holdout_objective": 0.6514332367369173,
  "adaptive_holdout_objective": 0.6514332367369173,
  "single_holdout_objective": 0.6498902170330048,
  "selected_alpha_on": 3.060720607804292,
  "selected_alpha_off": 3.060720607804292,
  "exhaustive_alpha_on": 3.060720607804292,
  "exhaustive_alpha_off": 3.060720607804292,
  "pareto_count": 117,
  "distinct_weight_optima": 8,
  "robust_idx": 76,
  "robust_max_additive_regret": 0.4637032970218756,
  "equal_weight_idx": 0,
  "elapsed_seconds": 21.903825759887695
}