{
  "scenario_id": "T09",
  "design": "frozen_fresh59",
  "K": 72.05795391947419,
  "mu_max": 216.17386175842256,
  "rho": 0.860134745157282,
  "arrival_scv": 4.0,
  "mean_jump_fraction": 0.0838808550123383,
  "tau": 1.1842408762264098,
  "qH": 0.35280909456957893,
  "beta": 1.15606018045395,
  "jump_cv": 0.6055195844247434,
  "cloud_cost_multiplier": 2.232304323200383,
  "deactivation_mean": 0.5524208075350151,
  "lambda_H": 9.437714355640319,
  "lambda_L": 23.422776666707723,
  "mean_H": 6.950925202985943,
  "mean_L": 5.137640367424393,
  "cv_H": 0.6055195844247434,
  "cv_L": 0.6055195844247434,
  "cW": 1.0,
  "cB": 10.0,
  "cL": 2.5,
  "cC": 0.25,
  "policy_count": 190,
  "diffusion_best_idx": 0,
  "exhaustive_train_idx": 0,
  "holdout_oracle_idx": 0,
  "single_train_idx": 0,
  "selection_idx": 0,
  "final_idx": 0,
  "selection_candidate_count": 33,
  "certified": 1,
  "fallback": 0,
  "certificate_stage_reps": 20,
  "certificate_ambiguous_count": 0,
  "certificate_simulation_count": 280,
  "algorithm_simulation_count": 574,
  "exhaustive_simulation_count": 3830,
  "work_reduction": 0.850130548302872,
  "holdout_regret_vs_exhaustive": 0.0,
  "holdout_regret_vs_oracle": 0.0,
  "hysteresis_gain_vs_best_single": -0.019259812243987307,
  "adaptive_gain_vs_best_single": -0.019259812243987307,
  "exhaustive_holdout_objective": 2.723827882000393,
  "adaptive_holdout_objective": 2.723827882000393,
  "single_holdout_objective": 2.672358754146947,
  "selected_alpha_on": 3.6028976959737093,
  "selected_alpha_off": 3.6028976959737093,
  "exhaustive_alpha_on": 3.6028976959737093,
  "exhaustive_alpha_off": 3.6028976959737093,
  "pareto_count": 156,
  "distinct_weight_optima": 9,
  "robust_idx": 144,
  "robust_max_additive_regret": 0.4986731134329525,
  "equal_weight_idx": 0,
  "elapsed_seconds": 21.358571529388428
}