{
  "scenario_id": "T10",
  "design": "frozen_fresh59",
  "K": 77.75522254316398,
  "mu_max": 233.26566762949193,
  "rho": 0.7995172494248314,
  "arrival_scv": 4.0,
  "mean_jump_fraction": 0.05591819597120458,
  "tau": 0.5470505364816342,
  "qH": 0.59992389824295,
  "beta": 1.238859819158979,
  "jump_cv": 1.664124612249128,
  "cloud_cost_multiplier": 2.1222968545440075,
  "deactivation_mean": 1.025168228304622,
  "lambda_H": 22.3766084812967,
  "lambda_L": 20.189223932558033,
  "mean_H": 5.000121537746257,
  "mean_L": 3.6957420061602773,
  "cv_H": 1.664124612249128,
  "cv_L": 1.664124612249128,
  "cW": 1.0,
  "cB": 10.0,
  "cL": 2.5,
  "cC": 0.25,
  "policy_count": 190,
  "diffusion_best_idx": 0,
  "exhaustive_train_idx": 0,
  "holdout_oracle_idx": 0,
  "single_train_idx": 0,
  "selection_idx": 0,
  "final_idx": 0,
  "selection_candidate_count": 34,
  "certified": 1,
  "fallback": 0,
  "certificate_stage_reps": 10,
  "certificate_ambiguous_count": 0,
  "certificate_simulation_count": 222,
  "algorithm_simulation_count": 524,
  "exhaustive_simulation_count": 3830,
  "work_reduction": 0.8631853785900783,
  "holdout_regret_vs_exhaustive": 0.0,
  "holdout_regret_vs_oracle": 0.0,
  "hysteresis_gain_vs_best_single": -0.003274925480623427,
  "adaptive_gain_vs_best_single": -0.003274925480623427,
  "exhaustive_holdout_objective": 1.3764991137805276,
  "adaptive_holdout_objective": 1.3764991137805276,
  "single_holdout_objective": 1.372005896709827,
  "selected_alpha_on": 3.8877611271581993,
  "selected_alpha_off": 3.8877611271581993,
  "exhaustive_alpha_on": 3.8877611271581993,
  "exhaustive_alpha_off": 3.8877611271581993,
  "pareto_count": 136,
  "distinct_weight_optima": 5,
  "robust_idx": 160,
  "robust_max_additive_regret": 0.48123717587874587,
  "equal_weight_idx": 0,
  "elapsed_seconds": 53.458085775375366
}