{
  "scenario_id": "T11",
  "design": "frozen_fresh59",
  "K": 40.6512209261016,
  "mu_max": 121.9536627783048,
  "rho": 0.634001344079558,
  "arrival_scv": 1.0,
  "mean_jump_fraction": 0.0536034883371757,
  "tau": 0.7587932414032781,
  "qH": 0.22291050458836903,
  "beta": 1.121151080471702,
  "jump_cv": 0.7746285492837187,
  "cloud_cost_multiplier": 0.27191746761916624,
  "deactivation_mean": 1.4672509610502413,
  "lambda_H": 6.877824262814112,
  "lambda_L": 32.439226702520855,
  "mean_H": 2.505904333824876,
  "mean_L": 1.852190159783604,
  "cv_H": 0.7746285492837187,
  "cv_L": 0.7746285492837187,
  "cW": 1.0,
  "cB": 10.0,
  "cL": 2.5,
  "cC": 0.25,
  "policy_count": 190,
  "diffusion_best_idx": 0,
  "exhaustive_train_idx": 0,
  "holdout_oracle_idx": 0,
  "single_train_idx": 0,
  "selection_idx": 0,
  "final_idx": 0,
  "selection_candidate_count": 32,
  "certified": 0,
  "fallback": 1,
  "certificate_stage_reps": 20,
  "certificate_ambiguous_count": 6,
  "certificate_simulation_count": 640,
  "algorithm_simulation_count": 926,
  "exhaustive_simulation_count": 3830,
  "work_reduction": 0.75822454308094,
  "holdout_regret_vs_exhaustive": 0.0,
  "holdout_regret_vs_oracle": 0.0,
  "hysteresis_gain_vs_best_single": -0.02076938059301374,
  "adaptive_gain_vs_best_single": -0.02076938059301374,
  "exhaustive_holdout_objective": 0.19648333405379578,
  "adaptive_holdout_objective": 0.19648333405379578,
  "single_holdout_objective": 0.19248552884653458,
  "selected_alpha_on": 2.03256104630508,
  "selected_alpha_off": 2.03256104630508,
  "exhaustive_alpha_on": 2.03256104630508,
  "exhaustive_alpha_off": 2.03256104630508,
  "pareto_count": 74,
  "distinct_weight_optima": 10,
  "robust_idx": 29,
  "robust_max_additive_regret": 0.25883965257186037,
  "equal_weight_idx": 16,
  "elapsed_seconds": 27.50626564025879
}