{
  "scenario_id": "T12",
  "design": "frozen_fresh59",
  "K": 69.80065290456307,
  "mu_max": 209.4019587136892,
  "rho": 0.7365446743512907,
  "arrival_scv": 1.0,
  "mean_jump_fraction": 0.07227197781607561,
  "tau": 1.4915037024261881,
  "qH": 0.5024837048229327,
  "beta": 0.6718683798033364,
  "jump_cv": 1.5933591050332223,
  "cloud_cost_multiplier": 1.326395554004567,
  "deactivation_mean": 1.1190051809701291,
  "lambda_H": 13.35901847869023,
  "lambda_L": 17.89529213635087,
  "mean_H": 5.801325924006101,
  "mean_L": 4.287936552526249,
  "cv_H": 1.5933591050332223,
  "cv_L": 1.5933591050332223,
  "cW": 1.0,
  "cB": 10.0,
  "cL": 2.5,
  "cC": 0.25,
  "policy_count": 190,
  "diffusion_best_idx": 0,
  "exhaustive_train_idx": 6,
  "holdout_oracle_idx": 0,
  "single_train_idx": 0,
  "selection_idx": 4,
  "final_idx": 4,
  "selection_candidate_count": 38,
  "certified": 1,
  "fallback": 0,
  "certificate_stage_reps": 20,
  "certificate_ambiguous_count": 0,
  "certificate_simulation_count": 446,
  "algorithm_simulation_count": 780,
  "exhaustive_simulation_count": 3830,
  "work_reduction": 0.7963446475195822,
  "holdout_regret_vs_exhaustive": 0.004385965174892,
  "holdout_regret_vs_oracle": 0.014492878460851927,
  "hysteresis_gain_vs_best_single": -0.011653071906843398,
  "adaptive_gain_vs_best_single": -0.016090147049299324,
  "exhaustive_holdout_objective": 0.5651324283787369,
  "adaptive_holdout_objective": 0.5676110795288082,
  "single_holdout_objective": 0.5586227572200525,
  "selected_alpha_on": 10.470097935684459,
  "selected_alpha_off": 6.980065290456306,
  "exhaustive_alpha_on": 13.960130580912612,
  "exhaustive_alpha_off": 3.4900326452281534,
  "pareto_count": 121,
  "distinct_weight_optima": 8,
  "robust_idx": 60,
  "robust_max_additive_regret": 0.4673180580568971,
  "equal_weight_idx": 0,
  "elapsed_seconds": 23.127752780914307
}