{
  "scenario_id": "T13",
  "design": "frozen_fresh59",
  "K": 41.559338055581485,
  "mu_max": 124.67801416674445,
  "rho": 0.5553257772297812,
  "arrival_scv": 4.0,
  "mean_jump_fraction": 0.08707766060229602,
  "tau": 0.32207105902737043,
  "qH": 0.6807652622839042,
  "beta": 0.6517014466868243,
  "jump_cv": 1.911351353578782,
  "cloud_cost_multiplier": 0.35187361821143776,
  "deactivation_mean": 1.6018694554525572,
  "lambda_H": 11.325617269058192,
  "lambda_L": 7.185443063720489,
  "mean_H": 4.16172342416901,
  "mean_L": 3.076056443951008,
  "cv_H": 1.911351353578782,
  "cv_L": 1.911351353578782,
  "cW": 1.0,
  "cB": 10.0,
  "cL": 2.5,
  "cC": 0.25,
  "policy_count": 190,
  "diffusion_best_idx": 0,
  "exhaustive_train_idx": 0,
  "holdout_oracle_idx": 1,
  "single_train_idx": 0,
  "selection_idx": 0,
  "final_idx": 0,
  "selection_candidate_count": 33,
  "certified": 1,
  "fallback": 0,
  "certificate_stage_reps": 10,
  "certificate_ambiguous_count": 0,
  "certificate_simulation_count": 218,
  "algorithm_simulation_count": 512,
  "exhaustive_simulation_count": 3830,
  "work_reduction": 0.8663185378590078,
  "holdout_regret_vs_exhaustive": 0.0,
  "holdout_regret_vs_oracle": 0.0034567445887648983,
  "hysteresis_gain_vs_best_single": -0.00460847771597504,
  "adaptive_gain_vs_best_single": -0.00460847771597504,
  "exhaustive_holdout_objective": 0.5259061210610897,
  "adaptive_holdout_objective": 0.5259061210610897,
  "single_holdout_objective": 0.5234936124138253,
  "selected_alpha_on": 2.077966902779074,
  "selected_alpha_off": 2.077966902779074,
  "exhaustive_alpha_on": 2.077966902779074,
  "exhaustive_alpha_off": 2.077966902779074,
  "pareto_count": 142,
  "distinct_weight_optima": 5,
  "robust_idx": 72,
  "robust_max_additive_regret": 0.48090097538531895,
  "equal_weight_idx": 1,
  "elapsed_seconds": 14.918869018554688
}