{
  "scenario_id": "T14",
  "design": "frozen_fresh59",
  "K": 66.07871467197451,
  "mu_max": 198.23614401592351,
  "rho": 0.7619938879037165,
  "arrival_scv": 4.0,
  "mean_jump_fraction": 0.08478867844244103,
  "tau": 1.2742279577228168,
  "qH": 0.46536855325591514,
  "beta": 1.3072429318632595,
  "jump_cv": 1.8329703261228631,
  "cloud_cost_multiplier": 2.5526555200870265,
  "deactivation_mean": 1.778951170415902,
  "lambda_H": 10.910234091268872,
  "lambda_L": 16.95783677659146,
  "mean_H": 6.443135923743635,
  "mean_L": 4.762317856680078,
  "cv_H": 1.8329703261228631,
  "cv_L": 1.8329703261228631,
  "cW": 1.0,
  "cB": 10.0,
  "cL": 2.5,
  "cC": 0.25,
  "policy_count": 190,
  "diffusion_best_idx": 0,
  "exhaustive_train_idx": 0,
  "holdout_oracle_idx": 1,
  "single_train_idx": 0,
  "selection_idx": 0,
  "final_idx": 0,
  "selection_candidate_count": 36,
  "certified": 1,
  "fallback": 0,
  "certificate_stage_reps": 10,
  "certificate_ambiguous_count": 0,
  "certificate_simulation_count": 264,
  "algorithm_simulation_count": 582,
  "exhaustive_simulation_count": 3830,
  "work_reduction": 0.8480417754569191,
  "holdout_regret_vs_exhaustive": 0.0,
  "holdout_regret_vs_oracle": 0.004501219950802965,
  "hysteresis_gain_vs_best_single": -0.004258592245089461,
  "adaptive_gain_vs_best_single": -0.004258592245089461,
  "exhaustive_holdout_objective": 1.4285751506596769,
  "adaptive_holdout_objective": 1.4285751506596769,
  "single_holdout_objective": 1.4225172298162752,
  "selected_alpha_on": 3.303935733598726,
  "selected_alpha_off": 3.303935733598726,
  "exhaustive_alpha_on": 3.303935733598726,
  "exhaustive_alpha_off": 3.303935733598726,
  "pareto_count": 127,
  "distinct_weight_optima": 6,
  "robust_idx": 111,
  "robust_max_additive_regret": 0.486891739300407,
  "equal_weight_idx": 1,
  "elapsed_seconds": 20.39031720161438
}