{
  "scenario_id": "T15",
  "design": "frozen_fresh59",
  "K": 56.17373730132511,
  "mu_max": 168.52121190397534,
  "rho": 0.7876337657024293,
  "arrival_scv": 4.0,
  "mean_jump_fraction": 0.08391287671827882,
  "tau": 1.0290388571560403,
  "qH": 0.5686801344415406,
  "beta": 0.7765327922198435,
  "jump_cv": 0.5911438486282602,
  "cloud_cost_multiplier": 3.0719816010397407,
  "deactivation_mean": 1.6741279683861001,
  "lambda_H": 13.924742981496749,
  "lambda_L": 14.288857536873735,
  "mean_H": 5.420754876916736,
  "mean_L": 4.006644909025414,
  "cv_H": 0.5911438486282602,
  "cv_L": 0.5911438486282602,
  "cW": 1.0,
  "cB": 10.0,
  "cL": 2.5,
  "cC": 0.25,
  "policy_count": 190,
  "diffusion_best_idx": 0,
  "exhaustive_train_idx": 0,
  "holdout_oracle_idx": 0,
  "single_train_idx": 0,
  "selection_idx": 0,
  "final_idx": 0,
  "selection_candidate_count": 33,
  "certified": 1,
  "fallback": 0,
  "certificate_stage_reps": 15,
  "certificate_ambiguous_count": 0,
  "certificate_simulation_count": 250,
  "algorithm_simulation_count": 544,
  "exhaustive_simulation_count": 3830,
  "work_reduction": 0.8579634464751958,
  "holdout_regret_vs_exhaustive": 0.0,
  "holdout_regret_vs_oracle": 0.0,
  "hysteresis_gain_vs_best_single": -0.001765127318916842,
  "adaptive_gain_vs_best_single": -0.001765127318916842,
  "exhaustive_holdout_objective": 1.5362842620546848,
  "adaptive_holdout_objective": 1.5362842620546848,
  "single_holdout_objective": 1.5335773028617328,
  "selected_alpha_on": 2.8086868650662558,
  "selected_alpha_off": 2.8086868650662558,
  "exhaustive_alpha_on": 2.8086868650662558,
  "exhaustive_alpha_off": 2.8086868650662558,
  "pareto_count": 147,
  "distinct_weight_optima": 4,
  "robust_idx": 122,
  "robust_max_additive_regret": 0.4869342782581258,
  "equal_weight_idx": 0,
  "elapsed_seconds": 22.290816068649292
}