{
  "scenario_id": "T16",
  "design": "frozen_fresh59",
  "K": 35.509945583814634,
  "mu_max": 106.5298367514439,
  "rho": 0.687426433579476,
  "arrival_scv": 1.0,
  "mean_jump_fraction": 0.0978696390423575,
  "tau": 3.5957373514157323,
  "qH": 0.45920598215496167,
  "beta": 1.154034873224662,
  "jump_cv": 0.5112246264359793,
  "cloud_cost_multiplier": 1.047504538224345,
  "deactivation_mean": 1.561084141786558,
  "lambda_H": 8.414129519544076,
  "lambda_L": 13.406408527984478,
  "mean_H": 3.996647390206949,
  "mean_L": 2.9540437231964405,
  "cv_H": 0.5112246264359793,
  "cv_L": 0.5112246264359793,
  "cW": 1.0,
  "cB": 10.0,
  "cL": 2.5,
  "cC": 0.25,
  "policy_count": 190,
  "diffusion_best_idx": 0,
  "exhaustive_train_idx": 0,
  "holdout_oracle_idx": 0,
  "single_train_idx": 0,
  "selection_idx": 0,
  "final_idx": 1,
  "selection_candidate_count": 33,
  "certified": 0,
  "fallback": 1,
  "certificate_stage_reps": 20,
  "certificate_ambiguous_count": 3,
  "certificate_simulation_count": 660,
  "algorithm_simulation_count": 954,
  "exhaustive_simulation_count": 3830,
  "work_reduction": 0.7509138381201044,
  "holdout_regret_vs_exhaustive": 0.025568806514571954,
  "holdout_regret_vs_oracle": 0.025568806514571954,
  "hysteresis_gain_vs_best_single": -0.010534275009138163,
  "adaptive_gain_vs_best_single": -0.036372430363190066,
  "exhaustive_holdout_objective": 2.139196168728178,
  "adaptive_holdout_objective": 2.1938928616631026,
  "single_holdout_objective": 2.1168962019708175,
  "selected_alpha_on": 3.5509945583814635,
  "selected_alpha_off": 1.7754972791907317,
  "exhaustive_alpha_on": 1.7754972791907317,
  "exhaustive_alpha_off": 1.7754972791907317,
  "pareto_count": 96,
  "distinct_weight_optima": 8,
  "robust_idx": 60,
  "robust_max_additive_regret": 0.390366793505833,
  "equal_weight_idx": 0,
  "elapsed_seconds": 18.118332386016846
}