{
  "scenario_id": "T17",
  "design": "frozen_fresh59",
  "K": 64.73170518561366,
  "mu_max": 194.195115556841,
  "rho": 0.7131185547621649,
  "arrival_scv": 4.0,
  "mean_jump_fraction": 0.07009622646407815,
  "tau": 2.3347701249426014,
  "qH": 0.6102968961781158,
  "beta": 1.0045659761982033,
  "jump_cv": 1.675699329857872,
  "cloud_cost_multiplier": 0.4093658439721674,
  "deactivation_mean": 0.3586153508675574,
  "lambda_H": 16.19689151175156,
  "lambda_L": 13.992756975695315,
  "mean_H": 5.218065506011225,
  "mean_L": 3.85683102618221,
  "cv_H": 1.675699329857872,
  "cv_L": 1.675699329857872,
  "cW": 1.0,
  "cB": 10.0,
  "cL": 2.5,
  "cC": 0.25,
  "policy_count": 190,
  "diffusion_best_idx": 0,
  "exhaustive_train_idx": 0,
  "holdout_oracle_idx": 0,
  "single_train_idx": 0,
  "selection_idx": 1,
  "final_idx": 1,
  "selection_candidate_count": 37,
  "certified": 1,
  "fallback": 0,
  "certificate_stage_reps": 15,
  "certificate_ambiguous_count": 0,
  "certificate_simulation_count": 302,
  "algorithm_simulation_count": 628,
  "exhaustive_simulation_count": 3830,
  "work_reduction": 0.8360313315926893,
  "holdout_regret_vs_exhaustive": 0.006311087564317664,
  "holdout_regret_vs_oracle": 0.006311087564317664,
  "hysteresis_gain_vs_best_single": -0.0020392360004264296,
  "adaptive_gain_vs_best_single": -0.008363193361707093,
  "exhaustive_holdout_objective": 1.1780063322894951,
  "adaptive_holdout_objective": 1.1854408334038948,
  "single_holdout_objective": 1.175608988118499,
  "selected_alpha_on": 6.473170518561366,
  "selected_alpha_off": 3.2365852592806834,
  "exhaustive_alpha_on": 3.2365852592806834,
  "exhaustive_alpha_off": 3.2365852592806834,
  "pareto_count": 136,
  "distinct_weight_optima": 8,
  "robust_idx": 85,
  "robust_max_additive_regret": 0.46266457521200843,
  "equal_weight_idx": 6,
  "elapsed_seconds": 23.360146522521973
}