{
  "scenario_id": "T18",
  "design": "frozen_fresh59",
  "K": 53.64199193635406,
  "mu_max": 160.92597580906218,
  "rho": 0.881717292066368,
  "arrival_scv": 1.0,
  "mean_jump_fraction": 0.06893761677185424,
  "tau": 1.7793929536669606,
  "qH": 0.7853229532090276,
  "beta": 0.7023280956495794,
  "jump_cv": 1.0004266953211962,
  "cloud_cost_multiplier": 0.30572794186184354,
  "deactivation_mean": 1.7419261049212098,
  "lambda_H": 26.202624802423536,
  "lambda_L": 9.690831315187593,
  "mean_H": 4.252643745435362,
  "mean_L": 3.1432584205391807,
  "cv_H": 1.0004266953211962,
  "cv_L": 1.0004266953211962,
  "cW": 1.0,
  "cB": 10.0,
  "cL": 2.5,
  "cC": 0.25,
  "policy_count": 190,
  "diffusion_best_idx": 0,
  "exhaustive_train_idx": 0,
  "holdout_oracle_idx": 0,
  "single_train_idx": 0,
  "selection_idx": 0,
  "final_idx": 0,
  "selection_candidate_count": 36,
  "certified": 1,
  "fallback": 0,
  "certificate_stage_reps": 15,
  "certificate_ambiguous_count": 0,
  "certificate_simulation_count": 297,
  "algorithm_simulation_count": 615,
  "exhaustive_simulation_count": 3830,
  "work_reduction": 0.839425587467363,
  "holdout_regret_vs_exhaustive": 0.0,
  "holdout_regret_vs_oracle": 0.0,
  "hysteresis_gain_vs_best_single": 0.01278337246597633,
  "adaptive_gain_vs_best_single": 0.01278337246597633,
  "exhaustive_holdout_objective": 0.9468652460050572,
  "adaptive_holdout_objective": 0.9468652460050572,
  "single_holdout_objective": 0.9591261123409555,
  "selected_alpha_on": 2.6820995968177033,
  "selected_alpha_off": 2.6820995968177033,
  "exhaustive_alpha_on": 2.6820995968177033,
  "exhaustive_alpha_off": 2.6820995968177033,
  "pareto_count": 155,
  "distinct_weight_optima": 4,
  "robust_idx": 143,
  "robust_max_additive_regret": 0.4959635700113285,
  "equal_weight_idx": 3,
  "elapsed_seconds": 28.92137312889099
}