{
  "scenario_id": "T19",
  "design": "frozen_fresh59",
  "K": 70.52081702526408,
  "mu_max": 211.56245107579224,
  "rho": 0.7328558305633035,
  "arrival_scv": 4.0,
  "mean_jump_fraction": 0.05267204514918825,
  "tau": 0.7950626556917533,
  "qH": 0.762396092331981,
  "beta": 1.1699900209440666,
  "jump_cv": 0.8422691610708881,
  "cloud_cost_multiplier": 1.8896506972017064,
  "deactivation_mean": 1.3251766159102998,
  "lambda_H": 27.67212061540266,
  "lambda_L": 11.667942327187825,
  "mean_H": 4.271647007059206,
  "mean_L": 3.1573043095655002,
  "cv_H": 0.8422691610708881,
  "cv_L": 0.8422691610708881,
  "cW": 1.0,
  "cB": 10.0,
  "cL": 2.5,
  "cC": 0.25,
  "policy_count": 190,
  "diffusion_best_idx": 0,
  "exhaustive_train_idx": 0,
  "holdout_oracle_idx": 0,
  "single_train_idx": 0,
  "selection_idx": 0,
  "final_idx": 0,
  "selection_candidate_count": 33,
  "certified": 1,
  "fallback": 0,
  "certificate_stage_reps": 10,
  "certificate_ambiguous_count": 0,
  "certificate_simulation_count": 197,
  "algorithm_simulation_count": 491,
  "exhaustive_simulation_count": 3830,
  "work_reduction": 0.8718015665796345,
  "holdout_regret_vs_exhaustive": 0.0,
  "holdout_regret_vs_oracle": 0.0,
  "hysteresis_gain_vs_best_single": -0.0008339562729347741,
  "adaptive_gain_vs_best_single": -0.0008339562729347741,
  "exhaustive_holdout_objective": 2.2911533809758926,
  "adaptive_holdout_objective": 2.2911533809758926,
  "single_holdout_objective": 2.289244251372181,
  "selected_alpha_on": 3.526040851263204,
  "selected_alpha_off": 3.526040851263204,
  "exhaustive_alpha_on": 3.526040851263204,
  "exhaustive_alpha_off": 3.526040851263204,
  "pareto_count": 175,
  "distinct_weight_optima": 4,
  "robust_idx": 77,
  "robust_max_additive_regret": 0.5424079779014908,
  "equal_weight_idx": 1,
  "elapsed_seconds": 28.867680311203003
}