{
  "scenario_id": "T20",
  "design": "frozen_fresh59",
  "K": 75.30076042667358,
  "mu_max": 225.90228128002073,
  "rho": 0.8752452071528425,
  "arrival_scv": 1.0,
  "mean_jump_fraction": 0.06522230446196828,
  "tau": 0.9429225496602643,
  "qH": 0.693650993301435,
  "beta": 1.2168182515081876,
  "jump_cv": 1.4658314049976053,
  "cloud_cost_multiplier": 1.8762382609960193,
  "deactivation_mean": 0.5309308388823608,
  "lambda_H": 24.282758949282194,
  "lambda_L": 14.50949868115434,
  "mean_H": 5.647982491181171,
  "mean_L": 4.174595754351301,
  "cv_H": 1.4658314049976053,
  "cv_L": 1.4658314049976053,
  "cW": 1.0,
  "cB": 10.0,
  "cL": 2.5,
  "cC": 0.25,
  "policy_count": 190,
  "diffusion_best_idx": 0,
  "exhaustive_train_idx": 3,
  "holdout_oracle_idx": 1,
  "single_train_idx": 0,
  "selection_idx": 3,
  "final_idx": 3,
  "selection_candidate_count": 39,
  "certified": 1,
  "fallback": 0,
  "certificate_stage_reps": 10,
  "certificate_ambiguous_count": 0,
  "certificate_simulation_count": 248,
  "algorithm_simulation_count": 590,
  "exhaustive_simulation_count": 3830,
  "work_reduction": 0.8459530026109661,
  "holdout_regret_vs_exhaustive": 0.0,
  "holdout_regret_vs_oracle": 0.004039653340971983,
  "hysteresis_gain_vs_best_single": 0.004270212278825332,
  "adaptive_gain_vs_best_single": 0.004270212278825332,
  "exhaustive_holdout_objective": 1.809992234761703,
  "adaptive_holdout_objective": 1.809992234761703,
  "single_holdout_objective": 1.8177544320573635,
  "selected_alpha_on": 11.295114064001035,
  "selected_alpha_off": 3.765038021333679,
  "exhaustive_alpha_on": 11.295114064001035,
  "exhaustive_alpha_off": 3.765038021333679,
  "pareto_count": 153,
  "distinct_weight_optima": 5,
  "robust_idx": 182,
  "robust_max_additive_regret": 0.5280486500968269,
  "equal_weight_idx": 1,
  "elapsed_seconds": 54.5821053981781
}