{
  "scenario_id": "T21",
  "design": "frozen_fresh59",
  "K": 50.951869757687575,
  "mu_max": 152.85560927306273,
  "rho": 0.5560602935196416,
  "arrival_scv": 1.0,
  "mean_jump_fraction": 0.061423166900905844,
  "tau": 0.262511616987804,
  "qH": 0.7419101340607568,
  "beta": 0.9460504532479695,
  "jump_cv": 0.6281158898923553,
  "cloud_cost_multiplier": 2.94122891619692,
  "deactivation_mean": 0.8447838652820493,
  "lambda_H": 17.521222227037498,
  "lambda_L": 8.24637274115259,
  "mean_H": 3.59906898004561,
  "mean_L": 2.660181420033712,
  "cv_H": 0.6281158898923553,
  "cv_L": 0.6281158898923553,
  "cW": 1.0,
  "cB": 10.0,
  "cL": 2.5,
  "cC": 0.25,
  "policy_count": 190,
  "diffusion_best_idx": 43,
  "exhaustive_train_idx": 63,
  "holdout_oracle_idx": 64,
  "single_train_idx": 10,
  "selection_idx": 74,
  "final_idx": 64,
  "selection_candidate_count": 55,
  "certified": 0,
  "fallback": 1,
  "certificate_stage_reps": 20,
  "certificate_ambiguous_count": 15,
  "certificate_simulation_count": 1100,
  "algorithm_simulation_count": 1570,
  "exhaustive_simulation_count": 3830,
  "work_reduction": 0.5900783289817233,
  "holdout_regret_vs_exhaustive": 0.0,
  "holdout_regret_vs_oracle": 0.0,
  "hysteresis_gain_vs_best_single": 0.004473331109033794,
  "adaptive_gain_vs_best_single": 0.01738604485582808,
  "exhaustive_holdout_objective": 0.19352125446127968,
  "adaptive_holdout_objective": 0.19101114133134933,
  "single_holdout_objective": 0.19439082900397403,
  "selected_alpha_on": 28.023528366728165,
  "selected_alpha_off": 25.475934878843788,
  "exhaustive_alpha_on": 28.023528366728165,
  "exhaustive_alpha_off": 22.92834139095941,
  "pareto_count": 93,
  "distinct_weight_optima": 9,
  "robust_idx": 19,
  "robust_max_additive_regret": 0.2753556092046692,
  "equal_weight_idx": 26,
  "elapsed_seconds": 21.819007873535156
}