{
  "scenario_id": "T22",
  "design": "frozen_fresh59",
  "K": 43.456927889827256,
  "mu_max": 130.37078366948177,
  "rho": 0.6117443509835256,
  "arrival_scv": 4.0,
  "mean_jump_fraction": 0.07956636213336281,
  "tau": 0.2912092448510331,
  "qH": 0.30300524115419336,
  "beta": 0.7246968179259422,
  "jump_cv": 1.9270995444100476,
  "cloud_cost_multiplier": 2.852084073879659,
  "deactivation_mean": 0.9704522668582622,
  "lambda_H": 6.077346811363524,
  "lambda_L": 18.91351755825031,
  "mean_H": 3.9763661109382435,
  "mean_L": 2.939053212432615,
  "cv_H": 1.9270995444100476,
  "cv_L": 1.9270995444100476,
  "cW": 1.0,
  "cB": 10.0,
  "cL": 2.5,
  "cC": 0.25,
  "policy_count": 190,
  "diffusion_best_idx": 9,
  "exhaustive_train_idx": 89,
  "holdout_oracle_idx": 86,
  "single_train_idx": 9,
  "selection_idx": 64,
  "final_idx": 64,
  "selection_candidate_count": 52,
  "certified": 1,
  "fallback": 0,
  "certificate_stage_reps": 15,
  "certificate_ambiguous_count": 0,
  "certificate_simulation_count": 536,
  "algorithm_simulation_count": 982,
  "exhaustive_simulation_count": 3830,
  "work_reduction": 0.743603133159269,
  "holdout_regret_vs_exhaustive": 0.0,
  "holdout_regret_vs_oracle": 0.004844527815648552,
  "hysteresis_gain_vs_best_single": 0.00450404287716376,
  "adaptive_gain_vs_best_single": 0.0057795911351614295,
  "exhaustive_holdout_objective": 0.7914206731129549,
  "adaptive_holdout_objective": 0.7904066104704002,
  "single_holdout_objective": 0.7950013934765784,
  "selected_alpha_on": 23.901310339404986,
  "selected_alpha_off": 21.728463944913624,
  "exhaustive_alpha_on": 28.247003128387714,
  "exhaustive_alpha_off": 26.07415673389635,
  "pareto_count": 128,
  "distinct_weight_optima": 7,
  "robust_idx": 52,
  "robust_max_additive_regret": 0.4615923531418503,
  "equal_weight_idx": 0,
  "elapsed_seconds": 17.630642652511597
}