{
  "scenario_id": "T24",
  "design": "frozen_fresh59",
  "K": 33.23365350666074,
  "mu_max": 99.7009605199822,
  "rho": 0.8851803189580914,
  "arrival_scv": 4.0,
  "mean_jump_fraction": 0.07705216250479927,
  "tau": 1.8601723673589972,
  "qH": 0.7284045801435768,
  "beta": 0.8035837057765183,
  "jump_cv": 0.9384261171574846,
  "cloud_cost_multiplier": 0.8924218138475751,
  "deactivation_mean": 0.6071363136804674,
  "lambda_H": 21.829460355910896,
  "lambda_L": 11.01213909066088,
  "mean_H": 2.9448336012169274,
  "mean_L": 2.176616140029903,
  "cv_H": 0.9384261171574846,
  "cv_L": 0.9384261171574846,
  "cW": 1.0,
  "cB": 10.0,
  "cL": 2.5,
  "cC": 0.25,
  "policy_count": 190,
  "diffusion_best_idx": 0,
  "exhaustive_train_idx": 0,
  "holdout_oracle_idx": 0,
  "single_train_idx": 0,
  "selection_idx": 1,
  "final_idx": 1,
  "selection_candidate_count": 37,
  "certified": 1,
  "fallback": 0,
  "certificate_stage_reps": 15,
  "certificate_ambiguous_count": 0,
  "certificate_simulation_count": 251,
  "algorithm_simulation_count": 577,
  "exhaustive_simulation_count": 3830,
  "work_reduction": 0.8493472584856396,
  "holdout_regret_vs_exhaustive": 0.0037434775709341687,
  "holdout_regret_vs_oracle": 0.0037434775709341687,
  "hysteresis_gain_vs_best_single": -0.012947326790936804,
  "adaptive_gain_vs_best_single": -0.0167392723893164,
  "exhaustive_holdout_objective": 2.0622702528503285,
  "adaptive_holdout_objective": 2.0699903152870784,
  "single_holdout_objective": 2.035910652317623,
  "selected_alpha_on": 3.323365350666074,
  "selected_alpha_off": 1.661682675333037,
  "exhaustive_alpha_on": 1.661682675333037,
  "exhaustive_alpha_off": 1.661682675333037,
  "pareto_count": 168,
  "distinct_weight_optima": 5,
  "robust_idx": 159,
  "robust_max_additive_regret": 0.5083526095842926,
  "equal_weight_idx": 0,
  "elapsed_seconds": 26.91719889640808
}