{
  "scenario_id": "T25",
  "design": "frozen_fresh59",
  "K": 32.07534066771152,
  "mu_max": 96.22602200313457,
  "rho": 0.6633567677058262,
  "arrival_scv": 1.0,
  "mean_jump_fraction": 0.0970579589447235,
  "tau": 2.9555504645447894,
  "qH": 0.7338734255433383,
  "beta": 0.9126222298826389,
  "jump_cv": 0.7174943233210497,
  "cloud_cost_multiplier": 1.423239863334558,
  "deactivation_mean": 1.0831779263815653,
  "lambda_H": 13.084604079781412,
  "lambda_L": 6.419579520317812,
  "mean_H": 3.5801421623144796,
  "mean_L": 2.6461920330150503,
  "cv_H": 0.7174943233210497,
  "cv_L": 0.7174943233210497,
  "cW": 1.0,
  "cB": 10.0,
  "cL": 2.5,
  "cC": 0.25,
  "policy_count": 190,
  "diffusion_best_idx": 0,
  "exhaustive_train_idx": 0,
  "holdout_oracle_idx": 3,
  "single_train_idx": 1,
  "selection_idx": 0,
  "final_idx": 0,
  "selection_candidate_count": 34,
  "certified": 1,
  "fallback": 0,
  "certificate_stage_reps": 20,
  "certificate_ambiguous_count": 0,
  "certificate_simulation_count": 363,
  "algorithm_simulation_count": 665,
  "exhaustive_simulation_count": 3830,
  "work_reduction": 0.8263707571801566,
  "holdout_regret_vs_exhaustive": 0.0,
  "holdout_regret_vs_oracle": 0.003738959543795145,
  "hysteresis_gain_vs_best_single": 0.005804069222194963,
  "adaptive_gain_vs_best_single": 0.005804069222194963,
  "exhaustive_holdout_objective": 1.0374169893019618,
  "adaptive_holdout_objective": 1.0374169893019618,
  "single_holdout_objective": 1.0434733810370185,
  "selected_alpha_on": 1.6037670333855762,
  "selected_alpha_off": 1.6037670333855762,
  "exhaustive_alpha_on": 1.6037670333855762,
  "exhaustive_alpha_off": 1.6037670333855762,
  "pareto_count": 109,
  "distinct_weight_optima": 6,
  "robust_idx": 44,
  "robust_max_additive_regret": 0.43005848013351883,
  "equal_weight_idx": 2,
  "elapsed_seconds": 16.49151039123535
}