{
  "scenario_id": "T26",
  "design": "frozen_fresh59",
  "K": 36.298531455885644,
  "mu_max": 108.89559436765694,
  "rho": 0.8428396498284627,
  "arrival_scv": 1.0,
  "mean_jump_fraction": 0.09349880805015665,
  "tau": 1.0775319566366617,
  "qH": 0.6988315147059594,
  "beta": 0.6845356835368681,
  "jump_cv": 1.0878761196870081,
  "cloud_cost_multiplier": 0.48324513043089,
  "deactivation_mean": 0.803480026486016,
  "lambda_H": 16.4336782494289,
  "lambda_L": 9.58188021398327,
  "mean_H": 3.9029498388608883,
  "mean_L": 2.8847890113319608,
  "cv_H": 1.0878761196870081,
  "cv_L": 1.0878761196870081,
  "cW": 1.0,
  "cB": 10.0,
  "cL": 2.5,
  "cC": 0.25,
  "policy_count": 190,
  "diffusion_best_idx": 0,
  "exhaustive_train_idx": 0,
  "holdout_oracle_idx": 0,
  "single_train_idx": 0,
  "selection_idx": 0,
  "final_idx": 0,
  "selection_candidate_count": 35,
  "certified": 1,
  "fallback": 0,
  "certificate_stage_reps": 10,
  "certificate_ambiguous_count": 0,
  "certificate_simulation_count": 225,
  "algorithm_simulation_count": 535,
  "exhaustive_simulation_count": 3830,
  "work_reduction": 0.860313315926893,
  "holdout_regret_vs_exhaustive": 0.0,
  "holdout_regret_vs_oracle": 0.0,
  "hysteresis_gain_vs_best_single": -0.010289930226348375,
  "adaptive_gain_vs_best_single": -0.010289930226348375,
  "exhaustive_holdout_objective": 0.7849414383311336,
  "adaptive_holdout_objective": 0.7849414383311336,
  "single_holdout_objective": 0.7769467108865205,
  "selected_alpha_on": 1.8149265727942823,
  "selected_alpha_off": 1.8149265727942823,
  "exhaustive_alpha_on": 1.8149265727942823,
  "exhaustive_alpha_off": 1.8149265727942823,
  "pareto_count": 125,
  "distinct_weight_optima": 7,
  "robust_idx": 73,
  "robust_max_additive_regret": 0.46061708586576433,
  "equal_weight_idx": 0,
  "elapsed_seconds": 21.82742166519165
}