{
  "scenario_id": "T27",
  "design": "frozen_fresh59",
  "K": 56.76359333717045,
  "mu_max": 170.29078001151134,
  "rho": 0.848479973272114,
  "arrival_scv": 1.0,
  "mean_jump_fraction": 0.05886382649630491,
  "tau": 0.4488022335139388,
  "qH": 0.5626763742053245,
  "beta": 1.0851590716442665,
  "jump_cv": 1.736947155400866,
  "cloud_cost_multiplier": 0.5984233640154566,
  "deactivation_mean": 0.4093586814228546,
  "lambda_H": 21.158028624350315,
  "lambda_L": 22.24837903774539,
  "mean_H": 3.842520655931912,
  "mean_L": 2.8401239630801087,
  "cv_H": 1.736947155400866,
  "cv_L": 1.736947155400866,
  "cW": 1.0,
  "cB": 10.0,
  "cL": 2.5,
  "cC": 0.25,
  "policy_count": 190,
  "diffusion_best_idx": 0,
  "exhaustive_train_idx": 0,
  "holdout_oracle_idx": 0,
  "single_train_idx": 0,
  "selection_idx": 0,
  "final_idx": 0,
  "selection_candidate_count": 34,
  "certified": 1,
  "fallback": 0,
  "certificate_stage_reps": 15,
  "certificate_ambiguous_count": 0,
  "certificate_simulation_count": 255,
  "algorithm_simulation_count": 557,
  "exhaustive_simulation_count": 3830,
  "work_reduction": 0.8545691906005222,
  "holdout_regret_vs_exhaustive": 0.0,
  "holdout_regret_vs_oracle": 0.0,
  "hysteresis_gain_vs_best_single": -0.0023178417502810657,
  "adaptive_gain_vs_best_single": -0.0023178417502810657,
  "exhaustive_holdout_objective": 0.724817874311405,
  "adaptive_holdout_objective": 0.724817874311405,
  "single_holdout_objective": 0.7231417461807361,
  "selected_alpha_on": 2.8381796668585224,
  "selected_alpha_off": 2.8381796668585224,
  "exhaustive_alpha_on": 2.8381796668585224,
  "exhaustive_alpha_off": 2.8381796668585224,
  "pareto_count": 126,
  "distinct_weight_optima": 6,
  "robust_idx": 160,
  "robust_max_additive_regret": 0.4513063533826975,
  "equal_weight_idx": 0,
  "elapsed_seconds": 32.89704704284668
}