{
  "scenario_id": "T28",
  "design": "frozen_fresh59",
  "K": 46.57203488414383,
  "mu_max": 139.7161046524315,
  "rho": 0.6408457473840506,
  "arrival_scv": 4.0,
  "mean_jump_fraction": 0.07509528391873196,
  "tau": 1.017408203032131,
  "qH": 0.24638691040465718,
  "beta": 1.1922662652943232,
  "jump_cv": 1.999031010692513,
  "cloud_cost_multiplier": 2.0153304545767785,
  "deactivation_mean": 0.42922356365617265,
  "lambda_H": 5.4850663978867145,
  "lambda_L": 22.698209767870477,
  "mean_H": 4.02194120964255,
  "mean_L": 2.9727391549531896,
  "cv_H": 1.999031010692513,
  "cv_L": 1.999031010692513,
  "cW": 1.0,
  "cB": 10.0,
  "cL": 2.5,
  "cC": 0.25,
  "policy_count": 190,
  "diffusion_best_idx": 0,
  "exhaustive_train_idx": 2,
  "holdout_oracle_idx": 1,
  "single_train_idx": 0,
  "selection_idx": 5,
  "final_idx": 0,
  "selection_candidate_count": 37,
  "certified": 0,
  "fallback": 1,
  "certificate_stage_reps": 20,
  "certificate_ambiguous_count": 1,
  "certificate_simulation_count": 740,
  "algorithm_simulation_count": 1066,
  "exhaustive_simulation_count": 3830,
  "work_reduction": 0.7216710182767624,
  "holdout_regret_vs_exhaustive": 0.00011095328171446716,
  "holdout_regret_vs_oracle": 0.0014948264756243057,
  "hysteresis_gain_vs_best_single": -0.0038241378015384814,
  "adaptive_gain_vs_best_single": -0.0039355153838917575,
  "exhaustive_holdout_objective": 1.0171619826060352,
  "adaptive_holdout_objective": 1.0172748400660405,
  "single_holdout_objective": 1.0132870333579622,
  "selected_alpha_on": 2.328601744207192,
  "selected_alpha_off": 2.328601744207192,
  "exhaustive_alpha_on": 4.657203488414384,
  "exhaustive_alpha_off": 4.657203488414384,
  "pareto_count": 119,
  "distinct_weight_optima": 8,
  "robust_idx": 73,
  "robust_max_additive_regret": 0.42837664535373604,
  "equal_weight_idx": 6,
  "elapsed_seconds": 21.665541172027588
}