{
  "scenario_id": "T29",
  "design": "frozen_fresh59",
  "K": 33.99948534400623,
  "mu_max": 101.9984560320187,
  "rho": 0.7784932562069404,
  "arrival_scv": 1.0,
  "mean_jump_fraction": 0.0729898167469062,
  "tau": 2.0859069799402423,
  "qH": 0.3403838595500705,
  "beta": 1.3237045716927127,
  "jump_cv": 0.7985605994958475,
  "cloud_cost_multiplier": 1.125429077049616,
  "deactivation_mean": 1.8543210543539865,
  "lambda_H": 9.470762682473566,
  "lambda_L": 24.83054115082685,
  "mean_H": 2.8538586354603583,
  "mean_L": 2.1093737740359173,
  "cv_H": 0.7985605994958475,
  "cv_L": 0.7985605994958475,
  "cW": 1.0,
  "cB": 10.0,
  "cL": 2.5,
  "cC": 0.25,
  "policy_count": 190,
  "diffusion_best_idx": 0,
  "exhaustive_train_idx": 0,
  "holdout_oracle_idx": 0,
  "single_train_idx": 0,
  "selection_idx": 0,
  "final_idx": 0,
  "selection_candidate_count": 33,
  "certified": 0,
  "fallback": 1,
  "certificate_stage_reps": 20,
  "certificate_ambiguous_count": 1,
  "certificate_simulation_count": 660,
  "algorithm_simulation_count": 954,
  "exhaustive_simulation_count": 3830,
  "work_reduction": 0.7509138381201044,
  "holdout_regret_vs_exhaustive": 0.0,
  "holdout_regret_vs_oracle": 0.0,
  "hysteresis_gain_vs_best_single": -0.004074376372115542,
  "adaptive_gain_vs_best_single": -0.004074376372115542,
  "exhaustive_holdout_objective": 1.9157073368358306,
  "adaptive_holdout_objective": 1.9157073368358306,
  "single_holdout_objective": 1.907933696861774,
  "selected_alpha_on": 1.6999742672003118,
  "selected_alpha_off": 1.6999742672003118,
  "exhaustive_alpha_on": 1.6999742672003118,
  "exhaustive_alpha_off": 1.6999742672003118,
  "pareto_count": 94,
  "distinct_weight_optima": 8,
  "robust_idx": 63,
  "robust_max_additive_regret": 0.42241933567659595,
  "equal_weight_idx": 0,
  "elapsed_seconds": 21.278996467590332
}