{
  "scenario_id": "T30",
  "design": "frozen_fresh59",
  "K": 49.11490359271341,
  "mu_max": 147.34471077814024,
  "rho": 0.7650760931883922,
  "arrival_scv": 1.0,
  "mean_jump_fraction": 0.07805239636198257,
  "tau": 0.6548257689400032,
  "qH": 0.7990206203104353,
  "beta": 1.067233250115724,
  "jump_cv": 1.179530941945557,
  "cloud_cost_multiplier": 0.5067002526972817,
  "deactivation_mean": 1.2224069441091745,
  "lambda_H": 20.43147835324682,
  "lambda_L": 6.952999860633904,
  "mean_H": 4.408566310873883,
  "mean_L": 3.258505534124174,
  "cv_H": 1.179530941945557,
  "cv_L": 1.179530941945557,
  "cW": 1.0,
  "cB": 10.0,
  "cL": 2.5,
  "cC": 0.25,
  "policy_count": 190,
  "diffusion_best_idx": 0,
  "exhaustive_train_idx": 0,
  "holdout_oracle_idx": 0,
  "single_train_idx": 0,
  "selection_idx": 0,
  "final_idx": 0,
  "selection_candidate_count": 34,
  "certified": 1,
  "fallback": 0,
  "certificate_stage_reps": 6,
  "certificate_ambiguous_count": 0,
  "certificate_simulation_count": 198,
  "algorithm_simulation_count": 500,
  "exhaustive_simulation_count": 3830,
  "work_reduction": 0.8694516971279374,
  "holdout_regret_vs_exhaustive": 0.0,
  "holdout_regret_vs_oracle": 0.0,
  "hysteresis_gain_vs_best_single": -0.008234270619118847,
  "adaptive_gain_vs_best_single": -0.008234270619118847,
  "exhaustive_holdout_objective": 1.2084186454995813,
  "adaptive_holdout_objective": 1.2084186454995813,
  "single_holdout_objective": 1.1985494648555606,
  "selected_alpha_on": 2.4557451796356706,
  "selected_alpha_off": 2.4557451796356706,
  "exhaustive_alpha_on": 2.4557451796356706,
  "exhaustive_alpha_off": 2.4557451796356706,
  "pareto_count": 139,
  "distinct_weight_optima": 5,
  "robust_idx": 177,
  "robust_max_additive_regret": 0.47815701485042034,
  "equal_weight_idx": 0,
  "elapsed_seconds": 32.79832124710083
}