{
  "scenario_id": "T31",
  "design": "frozen_fresh59",
  "K": 62.490399830478694,
  "mu_max": 187.4711994914361,
  "rho": 0.5623031944896167,
  "arrival_scv": 4.0,
  "mean_jump_fraction": 0.085902146717538,
  "tau": 0.5623780840116573,
  "qH": 0.6526395625196152,
  "beta": 0.6588034417479354,
  "jump_cv": 0.6956181822194953,
  "cloud_cost_multiplier": 0.7353781232811274,
  "deactivation_mean": 1.8497457363876155,
  "lambda_H": 11.144570731214236,
  "lambda_L": 8.02507714121519,
  "mean_H": 6.1732684188767015,
  "mean_L": 4.562850570474084,
  "cv_H": 0.6956181822194953,
  "cv_L": 0.6956181822194953,
  "cW": 1.0,
  "cB": 10.0,
  "cL": 2.5,
  "cC": 0.25,
  "policy_count": 190,
  "diffusion_best_idx": 51,
  "exhaustive_train_idx": 0,
  "holdout_oracle_idx": 0,
  "single_train_idx": 0,
  "selection_idx": 0,
  "final_idx": 0,
  "selection_candidate_count": 42,
  "certified": 0,
  "fallback": 1,
  "certificate_stage_reps": 20,
  "certificate_ambiguous_count": 1,
  "certificate_simulation_count": 840,
  "algorithm_simulation_count": 1206,
  "exhaustive_simulation_count": 3830,
  "work_reduction": 0.6851174934725849,
  "holdout_regret_vs_exhaustive": 0.0,
  "holdout_regret_vs_oracle": 0.0,
  "hysteresis_gain_vs_best_single": 0.005949548881050596,
  "adaptive_gain_vs_best_single": 0.005949548881050596,
  "exhaustive_holdout_objective": 0.45476039739110263,
  "adaptive_holdout_objective": 0.45476039739110263,
  "single_holdout_objective": 0.45748221016267654,
  "selected_alpha_on": 3.124519991523935,
  "selected_alpha_off": 3.124519991523935,
  "exhaustive_alpha_on": 3.124519991523935,
  "exhaustive_alpha_off": 3.124519991523935,
  "pareto_count": 133,
  "distinct_weight_optima": 6,
  "robust_idx": 44,
  "robust_max_additive_regret": 0.4999167156893277,
  "equal_weight_idx": 0,
  "elapsed_seconds": 17.004475831985474
}