{
  "scenario_id": "T32",
  "design": "frozen_fresh59",
  "K": 39.9113952296489,
  "mu_max": 119.73418568894671,
  "rho": 0.576882402892618,
  "arrival_scv": 1.0,
  "mean_jump_fraction": 0.08910932116995415,
  "tau": 2.859510599694822,
  "qH": 0.6255376390999418,
  "beta": 0.9713188480577195,
  "jump_cv": 1.0831791338956336,
  "cloud_cost_multiplier": 3.2798675719804784,
  "deactivation_mean": 0.6473151742568616,
  "lambda_H": 10.564307095828603,
  "lambda_L": 8.556076449465738,
  "mean_H": 4.089948936238724,
  "mean_L": 3.023005735480796,
  "cv_H": 1.0831791338956336,
  "cv_L": 1.0831791338956336,
  "cW": 1.0,
  "cB": 10.0,
  "cL": 2.5,
  "cC": 0.25,
  "policy_count": 190,
  "diffusion_best_idx": 0,
  "exhaustive_train_idx": 44,
  "holdout_oracle_idx": 83,
  "single_train_idx": 5,
  "selection_idx": 52,
  "final_idx": 52,
  "selection_candidate_count": 52,
  "certified": 1,
  "fallback": 0,
  "certificate_stage_reps": 15,
  "certificate_ambiguous_count": 0,
  "certificate_simulation_count": 556,
  "algorithm_simulation_count": 1002,
  "exhaustive_simulation_count": 3830,
  "work_reduction": 0.7383812010443864,
  "holdout_regret_vs_exhaustive": 0.0004337137077567925,
  "holdout_regret_vs_oracle": 0.004198428282034703,
  "hysteresis_gain_vs_best_single": 0.01176618633134635,
  "adaptive_gain_vs_best_single": 0.011337575779889482,
  "exhaustive_holdout_objective": 0.7442920285643436,
  "adaptive_holdout_objective": 0.7446148382197061,
  "single_holdout_objective": 0.7531537762316423,
  "selected_alpha_on": 19.95569761482445,
  "selected_alpha_off": 15.96455809185956,
  "exhaustive_alpha_on": 17.960127853342005,
  "exhaustive_alpha_off": 17.960127853342005,
  "pareto_count": 93,
  "distinct_weight_optima": 9,
  "robust_idx": 93,
  "robust_max_additive_regret": 0.41150424991375,
  "equal_weight_idx": 3,
  "elapsed_seconds": 15.712060451507568
}