{
  "scenario_id": "T33",
  "design": "frozen_fresh59",
  "K": 47.472018440366654,
  "mu_max": 142.41605532109998,
  "rho": 0.8300958580067883,
  "arrival_scv": 1.0,
  "mean_jump_fraction": 0.06434106126473949,
  "tau": 0.30525319525690975,
  "qH": 0.5321388910547109,
  "beta": 0.8896879531340458,
  "jump_cv": 0.5334284721768029,
  "cloud_cost_multiplier": 0.5466351864177489,
  "deactivation_mean": 1.1511319813429821,
  "lambda_H": 17.90970537047612,
  "lambda_L": 21.303909163622937,
  "mean_H": 3.512560053857344,
  "mean_L": 2.596240039807602,
  "cv_H": 0.5334284721768029,
  "cv_L": 0.5334284721768029,
  "cW": 1.0,
  "cB": 10.0,
  "cL": 2.5,
  "cC": 0.25,
  "policy_count": 190,
  "diffusion_best_idx": 0,
  "exhaustive_train_idx": 0,
  "holdout_oracle_idx": 0,
  "single_train_idx": 0,
  "selection_idx": 0,
  "final_idx": 0,
  "selection_candidate_count": 32,
  "certified": 1,
  "fallback": 0,
  "certificate_stage_reps": 15,
  "certificate_ambiguous_count": 0,
  "certificate_simulation_count": 245,
  "algorithm_simulation_count": 531,
  "exhaustive_simulation_count": 3830,
  "work_reduction": 0.8613577023498694,
  "holdout_regret_vs_exhaustive": 0.0,
  "holdout_regret_vs_oracle": 0.0,
  "hysteresis_gain_vs_best_single": -0.04173757479165796,
  "adaptive_gain_vs_best_single": -0.04173757479165796,
  "exhaustive_holdout_objective": 0.2962323924166027,
  "adaptive_holdout_objective": 0.2962323924166027,
  "single_holdout_objective": 0.28436373956833383,
  "selected_alpha_on": 2.373600922018333,
  "selected_alpha_off": 2.373600922018333,
  "exhaustive_alpha_on": 2.373600922018333,
  "exhaustive_alpha_off": 2.373600922018333,
  "pareto_count": 86,
  "distinct_weight_optima": 8,
  "robust_idx": 34,
  "robust_max_additive_regret": 0.33411762598563083,
  "equal_weight_idx": 14,
  "elapsed_seconds": 30.237453937530518
}