{
  "scenario_id": "T34",
  "design": "frozen_fresh59",
  "K": 67.6874875722859,
  "mu_max": 203.0624627168577,
  "rho": 0.5983765199971779,
  "arrival_scv": 4.0,
  "mean_jump_fraction": 0.09852543076610391,
  "tau": 0.27617897423694915,
  "qH": 0.6339417120969189,
  "beta": 1.3929698488696447,
  "jump_cv": 1.1333118709155123,
  "cloud_cost_multiplier": 0.5749077438370769,
  "deactivation_mean": 0.8359196621325009,
  "lambda_H": 10.043820537085173,
  "lambda_L": 7.84655050549631,
  "mean_H": 7.66927970111499,
  "mean_L": 5.668598039954557,
  "cv_H": 1.1333118709155123,
  "cv_L": 1.1333118709155123,
  "cW": 1.0,
  "cB": 10.0,
  "cL": 2.5,
  "cC": 0.25,
  "policy_count": 190,
  "diffusion_best_idx": 0,
  "exhaustive_train_idx": 1,
  "holdout_oracle_idx": 0,
  "single_train_idx": 0,
  "selection_idx": 0,
  "final_idx": 0,
  "selection_candidate_count": 33,
  "certified": 1,
  "fallback": 0,
  "certificate_stage_reps": 10,
  "certificate_ambiguous_count": 0,
  "certificate_simulation_count": 203,
  "algorithm_simulation_count": 497,
  "exhaustive_simulation_count": 3830,
  "work_reduction": 0.8702349869451698,
  "holdout_regret_vs_exhaustive": 0.0,
  "holdout_regret_vs_oracle": 0.0,
  "hysteresis_gain_vs_best_single": -0.010007046402346415,
  "adaptive_gain_vs_best_single": 0.002980079330421597,
  "exhaustive_holdout_objective": 1.3113071370179001,
  "adaptive_holdout_objective": 1.2944457589479264,
  "single_holdout_objective": 1.298314840167489,
  "selected_alpha_on": 3.3843743786142952,
  "selected_alpha_off": 3.3843743786142952,
  "exhaustive_alpha_on": 6.76874875722859,
  "exhaustive_alpha_off": 3.3843743786142952,
  "pareto_count": 137,
  "distinct_weight_optima": 5,
  "robust_idx": 86,
  "robust_max_additive_regret": 0.49362736665639395,
  "equal_weight_idx": 0,
  "elapsed_seconds": 15.355042934417725
}