{
  "scenario_id": "T35",
  "design": "frozen_fresh59",
  "K": 37.22710906529927,
  "mu_max": 111.68132719589781,
  "rho": 0.6550917557561502,
  "arrival_scv": 1.0,
  "mean_jump_fraction": 0.08164999617057042,
  "tau": 3.3328432561218677,
  "qH": 0.3730965521814088,
  "beta": 1.0555938533521934,
  "jump_cv": 1.2683893043280654,
  "cloud_cost_multiplier": 0.44336180689284566,
  "deactivation_mean": 1.1831798817654107,
  "lambda_H": 7.808913556745312,
  "lambda_L": 17.752067991015384,
  "mean_H": 3.4955323095165562,
  "mean_L": 2.583654315729629,
  "cv_H": 1.2683893043280654,
  "cv_L": 1.2683893043280654,
  "cW": 1.0,
  "cB": 10.0,
  "cL": 2.5,
  "cC": 0.25,
  "policy_count": 190,
  "diffusion_best_idx": 0,
  "exhaustive_train_idx": 0,
  "holdout_oracle_idx": 3,
  "single_train_idx": 0,
  "selection_idx": 4,
  "final_idx": 0,
  "selection_candidate_count": 38,
  "certified": 0,
  "fallback": 1,
  "certificate_stage_reps": 20,
  "certificate_ambiguous_count": 7,
  "certificate_simulation_count": 760,
  "algorithm_simulation_count": 1094,
  "exhaustive_simulation_count": 3830,
  "work_reduction": 0.7143603133159269,
  "holdout_regret_vs_exhaustive": 0.0,
  "holdout_regret_vs_oracle": 0.012550708802520797,
  "hysteresis_gain_vs_best_single": -0.034612674899578526,
  "adaptive_gain_vs_best_single": -0.034612674899578526,
  "exhaustive_holdout_objective": 0.9506525760935524,
  "adaptive_holdout_objective": 0.9506525760935524,
  "single_holdout_objective": 0.9188487625920729,
  "selected_alpha_on": 1.8613554532649634,
  "selected_alpha_off": 1.8613554532649634,
  "exhaustive_alpha_on": 1.8613554532649634,
  "exhaustive_alpha_off": 1.8613554532649634,
  "pareto_count": 85,
  "distinct_weight_optima": 7,
  "robust_idx": 62,
  "robust_max_additive_regret": 0.4181247163332881,
  "equal_weight_idx": 3,
  "elapsed_seconds": 19.480016469955444
}