{
  "scenario_id": "T36",
  "design": "frozen_fresh59",
  "K": 45.66435086630192,
  "mu_max": 136.99305259890576,
  "rho": 0.6455063372263692,
  "arrival_scv": 4.0,
  "mean_jump_fraction": 0.09593143976045927,
  "tau": 0.3836285607103466,
  "qH": 0.4152652219722993,
  "beta": 0.7751922257707589,
  "jump_cv": 0.6526827434498348,
  "cloud_cost_multiplier": 1.6150029270213644,
  "deactivation_mean": 1.4006826972907112,
  "lambda_H": 7.289345293358888,
  "lambda_L": 13.886755905088323,
  "mean_H": 5.0377439629807865,
  "mean_L": 3.723549885681451,
  "cv_H": 0.6526827434498348,
  "cv_L": 0.6526827434498348,
  "cW": 1.0,
  "cB": 10.0,
  "cL": 2.5,
  "cC": 0.25,
  "policy_count": 190,
  "diffusion_best_idx": 19,
  "exhaustive_train_idx": 0,
  "holdout_oracle_idx": 0,
  "single_train_idx": 0,
  "selection_idx": 0,
  "final_idx": 0,
  "selection_candidate_count": 37,
  "certified": 1,
  "fallback": 0,
  "certificate_stage_reps": 20,
  "certificate_ambiguous_count": 0,
  "certificate_simulation_count": 333,
  "algorithm_simulation_count": 659,
  "exhaustive_simulation_count": 3830,
  "work_reduction": 0.8279373368146214,
  "holdout_regret_vs_exhaustive": 0.0,
  "holdout_regret_vs_oracle": 0.0,
  "hysteresis_gain_vs_best_single": -0.0017244619016653223,
  "adaptive_gain_vs_best_single": -0.0017244619016653223,
  "exhaustive_holdout_objective": 0.6629794449713813,
  "adaptive_holdout_objective": 0.6629794449713813,
  "single_holdout_objective": 0.6618381303305568,
  "selected_alpha_on": 2.283217543315096,
  "selected_alpha_off": 2.283217543315096,
  "exhaustive_alpha_on": 2.283217543315096,
  "exhaustive_alpha_off": 2.283217543315096,
  "pareto_count": 115,
  "distinct_weight_optima": 5,
  "robust_idx": 42,
  "robust_max_additive_regret": 0.48796584774474266,
  "equal_weight_idx": 0,
  "elapsed_seconds": 16.427284955978394
}