{
  "scenario_id": "T37",
  "design": "frozen_fresh59",
  "K": 57.65363494786308,
  "mu_max": 172.96090484358925,
  "rho": 0.5834935783999835,
  "arrival_scv": 1.0,
  "mean_jump_fraction": 0.09220913201254441,
  "tau": 0.356427795939468,
  "qH": 0.2077142758168761,
  "beta": 1.2973598239052004,
  "jump_cv": 0.9733533465011069,
  "cloud_cost_multiplier": 3.90680550407312,
  "deactivation_mean": 1.8961909301808206,
  "lambda_H": 3.4288770047482497,
  "lambda_L": 17.69482641299275,
  "mean_H": 6.113620381297133,
  "mean_L": 4.518762890523968,
  "cv_H": 0.9733533465011069,
  "cv_L": 0.9733533465011069,
  "cW": 1.0,
  "cB": 10.0,
  "cL": 2.5,
  "cC": 0.25,
  "policy_count": 190,
  "diffusion_best_idx": 26,
  "exhaustive_train_idx": 53,
  "holdout_oracle_idx": 42,
  "single_train_idx": 8,
  "selection_idx": 22,
  "final_idx": 53,
  "selection_candidate_count": 58,
  "certified": 0,
  "fallback": 1,
  "certificate_stage_reps": 20,
  "certificate_ambiguous_count": 26,
  "certificate_simulation_count": 1160,
  "algorithm_simulation_count": 1654,
  "exhaustive_simulation_count": 3830,
  "work_reduction": 0.5681462140992167,
  "holdout_regret_vs_exhaustive": 0.0,
  "holdout_regret_vs_oracle": 0.015855375090183945,
  "hysteresis_gain_vs_best_single": -0.006627369648316227,
  "adaptive_gain_vs_best_single": -0.006627369648316227,
  "exhaustive_holdout_objective": 0.8301055047050031,
  "adaptive_holdout_objective": 0.8301055047050031,
  "single_holdout_objective": 0.8246403085533187,
  "selected_alpha_on": 28.826817473931538,
  "selected_alpha_off": 25.944135726538384,
  "exhaustive_alpha_on": 28.826817473931538,
  "exhaustive_alpha_off": 25.944135726538384,
  "pareto_count": 91,
  "distinct_weight_optima": 7,
  "robust_idx": 39,
  "robust_max_additive_regret": 0.3533470373395523,
  "equal_weight_idx": 2,
  "elapsed_seconds": 15.512603759765625
}