{
  "scenario_id": "T38",
  "design": "frozen_fresh59",
  "K": 73.84497491957215,
  "mu_max": 221.53492475871644,
  "rho": 0.6248119174191487,
  "arrival_scv": 4.0,
  "mean_jump_fraction": 0.07383654977059123,
  "tau": 1.9613285056012297,
  "qH": 0.3930963485401222,
  "beta": 0.633274677234044,
  "jump_cv": 0.5663827966858834,
  "cloud_cost_multiplier": 1.1939167880575614,
  "deactivation_mean": 0.37564923062149286,
  "lambda_H": 8.67761411876212,
  "lambda_L": 18.125917090344174,
  "mean_H": 6.270326890850608,
  "mean_L": 4.634589441063493,
  "cv_H": 0.5663827966858834,
  "cv_L": 0.5663827966858834,
  "cW": 1.0,
  "cB": 10.0,
  "cL": 2.5,
  "cC": 0.25,
  "policy_count": 190,
  "diffusion_best_idx": 24,
  "exhaustive_train_idx": 1,
  "holdout_oracle_idx": 3,
  "single_train_idx": 0,
  "selection_idx": 1,
  "final_idx": 3,
  "selection_candidate_count": 46,
  "certified": 0,
  "fallback": 1,
  "certificate_stage_reps": 20,
  "certificate_ambiguous_count": 5,
  "certificate_simulation_count": 920,
  "algorithm_simulation_count": 1318,
  "exhaustive_simulation_count": 3830,
  "work_reduction": 0.6558746736292429,
  "holdout_regret_vs_exhaustive": 0.0,
  "holdout_regret_vs_oracle": 0.0,
  "hysteresis_gain_vs_best_single": -0.010614318196471146,
  "adaptive_gain_vs_best_single": 0.0044706685867214,
  "exhaustive_holdout_objective": 0.8965091047134525,
  "adaptive_holdout_objective": 0.8831273152888294,
  "single_holdout_objective": 0.8870932150588868,
  "selected_alpha_on": 11.076746237935822,
  "selected_alpha_off": 3.692248745978608,
  "exhaustive_alpha_on": 7.384497491957216,
  "exhaustive_alpha_off": 3.692248745978608,
  "pareto_count": 112,
  "distinct_weight_optima": 7,
  "robust_idx": 80,
  "robust_max_additive_regret": 0.4270661032148112,
  "equal_weight_idx": 3,
  "elapsed_seconds": 22.308207750320435
}