{
  "scenario_id": "T39",
  "design": "frozen_fresh59",
  "K": 31.29894998292312,
  "mu_max": 93.89684994876936,
  "rho": 0.5972624312413871,
  "arrival_scv": 1.0,
  "mean_jump_fraction": 0.0779299169684346,
  "tau": 0.6278798905656956,
  "qH": 0.4003424721323615,
  "beta": 1.1021089362596683,
  "jump_cv": 1.8053861416892825,
  "cloud_cost_multiplier": 0.7449786150209062,
  "deactivation_mean": 0.7433659384425138,
  "lambda_H": 8.004165600042892,
  "lambda_L": 16.22058836839991,
  "mean_H": 2.804993259373644,
  "mean_L": 2.0732558873631284,
  "cv_H": 1.8053861416892825,
  "cv_L": 1.8053861416892825,
  "cW": 1.0,
  "cB": 10.0,
  "cL": 2.5,
  "cC": 0.25,
  "policy_count": 190,
  "diffusion_best_idx": 0,
  "exhaustive_train_idx": 0,
  "holdout_oracle_idx": 0,
  "single_train_idx": 0,
  "selection_idx": 5,
  "final_idx": 5,
  "selection_candidate_count": 36,
  "certified": 1,
  "fallback": 0,
  "certificate_stage_reps": 20,
  "certificate_ambiguous_count": 0,
  "certificate_simulation_count": 347,
  "algorithm_simulation_count": 665,
  "exhaustive_simulation_count": 3830,
  "work_reduction": 0.8263707571801566,
  "holdout_regret_vs_exhaustive": 0.014744337347537391,
  "holdout_regret_vs_oracle": 0.014744337347537391,
  "hysteresis_gain_vs_best_single": -0.006438927502047262,
  "adaptive_gain_vs_best_single": -0.021278202568831173,
  "exhaustive_holdout_objective": 0.51639988571063,
  "adaptive_holdout_objective": 0.5240138598317773,
  "single_holdout_objective": 0.5130960971395649,
  "selected_alpha_on": 4.694842497438468,
  "selected_alpha_off": 4.694842497438468,
  "exhaustive_alpha_on": 1.564947499146156,
  "exhaustive_alpha_off": 1.564947499146156,
  "pareto_count": 121,
  "distinct_weight_optima": 7,
  "robust_idx": 61,
  "robust_max_additive_regret": 0.4110465974187136,
  "equal_weight_idx": 0,
  "elapsed_seconds": 17.350692987442017
}