{
  "scenario_id": "T40",
  "design": "frozen_fresh59",
  "K": 78.8730417531103,
  "mu_max": 236.6191252593309,
  "rho": 0.7010291781942712,
  "arrival_scv": 4.0,
  "mean_jump_fraction": 0.09971369229210326,
  "tau": 3.154963321281509,
  "qH": 0.4088873364599243,
  "beta": 0.8417397524993334,
  "jump_cv": 1.0210208950782524,
  "cloud_cost_multiplier": 0.8314986255420076,
  "deactivation_mean": 0.7220702512019321,
  "lambda_H": 7.499086640095367,
  "lambda_L": 14.667425431031731,
  "mean_H": 9.04443054783863,
  "mean_L": 6.685013883185075,
  "cv_H": 1.0210208950782524,
  "cv_L": 1.0210208950782524,
  "cW": 1.0,
  "cB": 10.0,
  "cL": 2.5,
  "cC": 0.25,
  "policy_count": 190,
  "diffusion_best_idx": 0,
  "exhaustive_train_idx": 1,
  "holdout_oracle_idx": 0,
  "single_train_idx": 0,
  "selection_idx": 4,
  "final_idx": 0,
  "selection_candidate_count": 38,
  "certified": 0,
  "fallback": 1,
  "certificate_stage_reps": 20,
  "certificate_ambiguous_count": 3,
  "certificate_simulation_count": 760,
  "algorithm_simulation_count": 1094,
  "exhaustive_simulation_count": 3830,
  "work_reduction": 0.7143603133159269,
  "holdout_regret_vs_exhaustive": 0.0,
  "holdout_regret_vs_oracle": 0.0,
  "hysteresis_gain_vs_best_single": -0.025268545702495027,
  "adaptive_gain_vs_best_single": -0.0011260688432762215,
  "exhaustive_holdout_objective": 1.6847350918895816,
  "adaptive_holdout_objective": 1.6450638485452447,
  "single_holdout_objective": 1.6432134770458917,
  "selected_alpha_on": 3.943652087655515,
  "selected_alpha_off": 3.943652087655515,
  "exhaustive_alpha_on": 7.887304175311029,
  "exhaustive_alpha_off": 3.943652087655515,
  "pareto_count": 132,
  "distinct_weight_optima": 5,
  "robust_idx": 60,
  "robust_max_additive_regret": 0.4652160290787888,
  "equal_weight_idx": 0,
  "elapsed_seconds": 18.70052719116211
}