{
  "scenario_id": "T41",
  "design": "frozen_fresh59",
  "K": 63.81267954815053,
  "mu_max": 191.43803864445158,
  "rho": 0.7494595048804701,
  "arrival_scv": 1.0,
  "mean_jump_fraction": 0.080747851969091,
  "tau": 0.9287415421473694,
  "qH": 0.4900687552183319,
  "beta": 1.020526109445209,
  "jump_cv": 0.8694476482664522,
  "cloud_cost_multiplier": 0.27791425645056894,
  "deactivation_mean": 0.5080897212553196,
  "lambda_H": 11.865816355270356,
  "lambda_L": 16.704410184847017,
  "mean_H": 5.925647322190864,
  "mean_L": 4.3798262816193345,
  "cv_H": 0.8694476482664522,
  "cv_L": 0.8694476482664522,
  "cW": 1.0,
  "cB": 10.0,
  "cL": 2.5,
  "cC": 0.25,
  "policy_count": 190,
  "diffusion_best_idx": 0,
  "exhaustive_train_idx": 0,
  "holdout_oracle_idx": 0,
  "single_train_idx": 0,
  "selection_idx": 0,
  "final_idx": 0,
  "selection_candidate_count": 33,
  "certified": 0,
  "fallback": 1,
  "certificate_stage_reps": 20,
  "certificate_ambiguous_count": 2,
  "certificate_simulation_count": 660,
  "algorithm_simulation_count": 954,
  "exhaustive_simulation_count": 3830,
  "work_reduction": 0.7509138381201044,
  "holdout_regret_vs_exhaustive": 0.0,
  "holdout_regret_vs_oracle": 0.0,
  "hysteresis_gain_vs_best_single": -0.005812790356370358,
  "adaptive_gain_vs_best_single": -0.005812790356370358,
  "exhaustive_holdout_objective": 0.8187531565602311,
  "adaptive_holdout_objective": 0.8187531565602311,
  "single_holdout_objective": 0.8140214206961297,
  "selected_alpha_on": 3.1906339774075265,
  "selected_alpha_off": 3.1906339774075265,
  "exhaustive_alpha_on": 3.1906339774075265,
  "exhaustive_alpha_off": 3.1906339774075265,
  "pareto_count": 118,
  "distinct_weight_optima": 9,
  "robust_idx": 112,
  "robust_max_additive_regret": 0.39639975843864855,
  "equal_weight_idx": 2,
  "elapsed_seconds": 23.603449821472168
}