{
  "scenario_id": "T42",
  "design": "frozen_fresh59",
  "K": 74.36458651517587,
  "mu_max": 223.09375954552763,
  "rho": 0.5717500676265876,
  "arrival_scv": 1.0,
  "mean_jump_fraction": 0.07578942692632717,
  "tau": 3.9728271619553865,
  "qH": 0.25250217983704776,
  "beta": 0.6196848769107488,
  "jump_cv": 1.2235107101161586,
  "cloud_cost_multiplier": 1.247795277758535,
  "deactivation_mean": 0.256903435108784,
  "lambda_H": 4.96919623520307,
  "lambda_L": 19.90260212033849,
  "mean_H": 6.481456804938225,
  "mean_L": 4.790641986258688,
  "cv_H": 1.2235107101161586,
  "cv_L": 1.2235107101161586,
  "cW": 1.0,
  "cB": 10.0,
  "cL": 2.5,
  "cC": 0.25,
  "policy_count": 190,
  "diffusion_best_idx": 8,
  "exhaustive_train_idx": 8,
  "holdout_oracle_idx": 39,
  "single_train_idx": 10,
  "selection_idx": 41,
  "final_idx": 41,
  "selection_candidate_count": 54,
  "certified": 1,
  "fallback": 0,
  "certificate_stage_reps": 20,
  "certificate_ambiguous_count": 0,
  "certificate_simulation_count": 851,
  "algorithm_simulation_count": 1313,
  "exhaustive_simulation_count": 3830,
  "work_reduction": 0.6571801566579634,
  "holdout_regret_vs_exhaustive": 0.0,
  "holdout_regret_vs_oracle": 0.019171270298692356,
  "hysteresis_gain_vs_best_single": -0.0058813842592970265,
  "adaptive_gain_vs_best_single": -0.0034477304088142654,
  "exhaustive_holdout_objective": 0.25299176738506934,
  "adaptive_holdout_objective": 0.25237967295875635,
  "single_holdout_objective": 0.25151252557612985,
  "selected_alpha_on": 33.46406393182914,
  "selected_alpha_off": 22.30937595455276,
  "exhaustive_alpha_on": 14.872917303035173,
  "exhaustive_alpha_off": 11.15468797727638,
  "pareto_count": 82,
  "distinct_weight_optima": 6,
  "robust_idx": 68,
  "robust_max_additive_regret": 0.40071105575083016,
  "equal_weight_idx": 0,
  "elapsed_seconds": 19.82883358001709
}