{
  "scenario_id": "T43",
  "design": "frozen_fresh59",
  "K": 67.17548719558053,
  "mu_max": 201.5264615867416,
  "rho": 0.6316132878827899,
  "arrival_scv": 4.0,
  "mean_jump_fraction": 0.07153591989271976,
  "tau": 0.25178063735311507,
  "qH": 0.21448056016853834,
  "beta": 1.1368425854086626,
  "jump_cv": 1.3791861311079596,
  "cloud_cost_multiplier": 0.9630128518769755,
  "deactivation_mean": 1.6721232632028509,
  "lambda_H": 4.940130727568987,
  "lambda_L": 24.47858774585755,
  "mean_H": 5.526279311394091,
  "mean_L": 4.08464123016085,
  "cv_H": 1.3791861311079596,
  "cv_L": 1.3791861311079596,
  "cW": 1.0,
  "cB": 10.0,
  "cL": 2.5,
  "cC": 0.25,
  "policy_count": 190,
  "diffusion_best_idx": 0,
  "exhaustive_train_idx": 0,
  "holdout_oracle_idx": 0,
  "single_train_idx": 0,
  "selection_idx": 0,
  "final_idx": 0,
  "selection_candidate_count": 32,
  "certified": 0,
  "fallback": 1,
  "certificate_stage_reps": 20,
  "certificate_ambiguous_count": 1,
  "certificate_simulation_count": 640,
  "algorithm_simulation_count": 926,
  "exhaustive_simulation_count": 3830,
  "work_reduction": 0.75822454308094,
  "holdout_regret_vs_exhaustive": 0.0,
  "holdout_regret_vs_oracle": 0.0,
  "hysteresis_gain_vs_best_single": 0.020426047834975716,
  "adaptive_gain_vs_best_single": 0.020426047834975716,
  "exhaustive_holdout_objective": 0.4438692010629495,
  "adaptive_holdout_objective": 0.4438692010629495,
  "single_holdout_objective": 0.45312474885834136,
  "selected_alpha_on": 3.3587743597790265,
  "selected_alpha_off": 3.3587743597790265,
  "exhaustive_alpha_on": 3.3587743597790265,
  "exhaustive_alpha_off": 3.3587743597790265,
  "pareto_count": 114,
  "distinct_weight_optima": 10,
  "robust_idx": 52,
  "robust_max_additive_regret": 0.4413460179796787,
  "equal_weight_idx": 0,
  "elapsed_seconds": 19.480422258377075
}