{
  "scenario_id": "T44",
  "design": "frozen_fresh59",
  "K": 54.735516181540845,
  "mu_max": 164.20654854462254,
  "rho": 0.7084067591590707,
  "arrival_scv": 4.0,
  "mean_jump_fraction": 0.08274117922965887,
  "tau": 0.4639524676575966,
  "qH": 0.5837683170153105,
  "beta": 0.8304326286650413,
  "jump_cv": 0.9177606066287118,
  "cloud_cost_multiplier": 3.526272387811147,
  "deactivation_mean": 0.9328167046683274,
  "lambda_H": 13.038418756356378,
  "lambda_L": 12.577619555102645,
  "mean_H": 5.208213327795479,
  "mean_L": 3.84954898141405,
  "cv_H": 0.9177606066287118,
  "cv_L": 0.9177606066287118,
  "cW": 1.0,
  "cB": 10.0,
  "cL": 2.5,
  "cC": 0.25,
  "policy_count": 190,
  "diffusion_best_idx": 0,
  "exhaustive_train_idx": 0,
  "holdout_oracle_idx": 1,
  "single_train_idx": 0,
  "selection_idx": 0,
  "final_idx": 0,
  "selection_candidate_count": 32,
  "certified": 1,
  "fallback": 0,
  "certificate_stage_reps": 15,
  "certificate_ambiguous_count": 0,
  "certificate_simulation_count": 259,
  "algorithm_simulation_count": 545,
  "exhaustive_simulation_count": 3830,
  "work_reduction": 0.8577023498694517,
  "holdout_regret_vs_exhaustive": 0.0,
  "holdout_regret_vs_oracle": 0.00470840522547196,
  "hysteresis_gain_vs_best_single": -0.0020787925241242938,
  "adaptive_gain_vs_best_single": -0.0020787925241242938,
  "exhaustive_holdout_objective": 1.317367804468513,
  "adaptive_holdout_objective": 1.317367804468513,
  "single_holdout_objective": 1.314634951160089,
  "selected_alpha_on": 2.7367758090770424,
  "selected_alpha_off": 2.7367758090770424,
  "exhaustive_alpha_on": 2.7367758090770424,
  "exhaustive_alpha_off": 2.7367758090770424,
  "pareto_count": 139,
  "distinct_weight_optima": 5,
  "robust_idx": 71,
  "robust_max_additive_regret": 0.4921063409183115,
  "equal_weight_idx": 0,
  "elapsed_seconds": 20.91905450820923
}