{
  "scenario_id": "T45",
  "design": "frozen_fresh59",
  "K": 77.31265606379219,
  "mu_max": 231.93796819137657,
  "rho": 0.5857743169842726,
  "arrival_scv": 1.0,
  "mean_jump_fraction": 0.06307377131027041,
  "tau": 0.3695891132223296,
  "qH": 0.3709425440111024,
  "beta": 1.363847836332543,
  "jump_cv": 0.826361610951541,
  "cloud_cost_multiplier": 1.0175793209211959,
  "deactivation_mean": 1.5069300211481633,
  "lambda_H": 8.986934733365795,
  "lambda_L": 20.619312012378312,
  "mean_H": 5.607860906150801,
  "mean_L": 4.144940669763636,
  "cv_H": 0.826361610951541,
  "cv_L": 0.826361610951541,
  "cW": 1.0,
  "cB": 10.0,
  "cL": 2.5,
  "cC": 0.25,
  "policy_count": 190,
  "diffusion_best_idx": 0,
  "exhaustive_train_idx": 5,
  "holdout_oracle_idx": 5,
  "single_train_idx": 2,
  "selection_idx": 5,
  "final_idx": 6,
  "selection_candidate_count": 34,
  "certified": 0,
  "fallback": 1,
  "certificate_stage_reps": 20,
  "certificate_ambiguous_count": 13,
  "certificate_simulation_count": 680,
  "algorithm_simulation_count": 982,
  "exhaustive_simulation_count": 3830,
  "work_reduction": 0.743603133159269,
  "holdout_regret_vs_exhaustive": 0.03202245717028111,
  "holdout_regret_vs_oracle": 0.03202245717028111,
  "hysteresis_gain_vs_best_single": 0.026460525059040185,
  "adaptive_gain_vs_best_single": -0.0047146010808346685,
  "exhaustive_holdout_objective": 0.2965739696171603,
  "adaptive_holdout_objective": 0.3060709968570461,
  "single_holdout_objective": 0.3046347654625366,
  "selected_alpha_on": 15.462531212758439,
  "selected_alpha_off": 3.8656328031896097,
  "exhaustive_alpha_on": 11.596898409568828,
  "exhaustive_alpha_off": 11.596898409568828,
  "pareto_count": 76,
  "distinct_weight_optima": 9,
  "robust_idx": 27,
  "robust_max_additive_regret": 0.26928990531372277,
  "equal_weight_idx": 18,
  "elapsed_seconds": 21.486103057861328
}