{
  "scenario_id": "T46",
  "design": "frozen_fresh59",
  "K": 60.35229917292766,
  "mu_max": 181.056897518783,
  "rho": 0.6589630158094343,
  "arrival_scv": 1.0,
  "mean_jump_fraction": 0.05648660399699686,
  "tau": 1.6014576355035552,
  "qH": 0.5505228276814484,
  "beta": 0.6018322698647305,
  "jump_cv": 1.4221149055313158,
  "cloud_cost_multiplier": 2.3231619475566094,
  "deactivation_mean": 1.2830152386898295,
  "lambda_H": 16.753838369252623,
  "lambda_L": 18.506553374148456,
  "mean_H": 3.9204608872428626,
  "mean_L": 2.897731960136029,
  "cv_H": 1.4221149055313158,
  "cv_L": 1.4221149055313158,
  "cW": 1.0,
  "cB": 10.0,
  "cL": 2.5,
  "cC": 0.25,
  "policy_count": 190,
  "diffusion_best_idx": 32,
  "exhaustive_train_idx": 184,
  "holdout_oracle_idx": 186,
  "single_train_idx": 18,
  "selection_idx": 183,
  "final_idx": 183,
  "selection_candidate_count": 56,
  "certified": 1,
  "fallback": 0,
  "certificate_stage_reps": 15,
  "certificate_ambiguous_count": 0,
  "certificate_simulation_count": 449,
  "algorithm_simulation_count": 927,
  "exhaustive_simulation_count": 3830,
  "work_reduction": 0.7579634464751959,
  "holdout_regret_vs_exhaustive": 0.0030005583085630032,
  "holdout_regret_vs_oracle": 0.012258735713811808,
  "hysteresis_gain_vs_best_single": 0.0007981858615052311,
  "adaptive_gain_vs_best_single": -0.0021999774438392554,
  "exhaustive_holdout_objective": 0.3787422300520756,
  "adaptive_holdout_objective": 0.379878668197262,
  "single_holdout_objective": 0.3790447782349401,
  "selected_alpha_on": 57.334684214281275,
  "selected_alpha_off": 39.22899446240297,
  "exhaustive_alpha_on": 57.334684214281275,
  "exhaustive_alpha_off": 42.24660942104936,
  "pareto_count": 111,
  "distinct_weight_optima": 6,
  "robust_idx": 50,
  "robust_max_additive_regret": 0.4497453361640584,
  "equal_weight_idx": 1,
  "elapsed_seconds": 26.71483564376831
}