{
  "scenario_id": "T47",
  "design": "frozen_fresh59",
  "K": 38.660842644634414,
  "mu_max": 115.98252793390324,
  "rho": 0.8895073411789653,
  "arrival_scv": 1.0,
  "mean_jump_fraction": 0.0521451391607779,
  "tau": 0.49127006013649255,
  "qH": 0.710955390977017,
  "beta": 0.7125896833436757,
  "jump_cv": 1.8584007331010026,
  "cloud_cost_multiplier": 0.6738647501860175,
  "deactivation_mean": 1.8040696880065459,
  "lambda_H": 31.63745001152268,
  "lambda_L": 17.40215003458041,
  "mean_H": 2.3183712727440073,
  "mean_L": 1.7135787668107882,
  "cv_H": 1.8584007331010026,
  "cv_L": 1.8584007331010026,
  "cW": 1.0,
  "cB": 10.0,
  "cL": 2.5,
  "cC": 0.25,
  "policy_count": 190,
  "diffusion_best_idx": 0,
  "exhaustive_train_idx": 0,
  "holdout_oracle_idx": 0,
  "single_train_idx": 0,
  "selection_idx": 0,
  "final_idx": 0,
  "selection_candidate_count": 34,
  "certified": 1,
  "fallback": 0,
  "certificate_stage_reps": 6,
  "certificate_ambiguous_count": 0,
  "certificate_simulation_count": 192,
  "algorithm_simulation_count": 494,
  "exhaustive_simulation_count": 3830,
  "work_reduction": 0.8710182767624021,
  "holdout_regret_vs_exhaustive": 0.0,
  "holdout_regret_vs_oracle": 0.0,
  "hysteresis_gain_vs_best_single": 0.0021935226396975656,
  "adaptive_gain_vs_best_single": 0.0021935226396975656,
  "exhaustive_holdout_objective": 0.5518571340460674,
  "adaptive_holdout_objective": 0.5518571340460674,
  "single_holdout_objective": 0.5530703062842464,
  "selected_alpha_on": 1.9330421322317208,
  "selected_alpha_off": 1.9330421322317208,
  "exhaustive_alpha_on": 1.9330421322317208,
  "exhaustive_alpha_off": 1.9330421322317208,
  "pareto_count": 126,
  "distinct_weight_optima": 6,
  "robust_idx": 77,
  "robust_max_additive_regret": 0.46364068577725503,
  "equal_weight_idx": 0,
  "elapsed_seconds": 35.58537197113037
}