{
  "scenario_id": "T48",
  "design": "frozen_fresh59",
  "K": 79.65786372293968,
  "mu_max": 238.97359116881904,
  "rho": 0.7939365020025039,
  "arrival_scv": 1.0,
  "mean_jump_fraction": 0.07973649445168832,
  "tau": 0.41471556861175934,
  "qH": 0.23615285139627232,
  "beta": 1.228236856300898,
  "jump_cv": 1.9498920343777912,
  "cloud_cost_multiplier": 0.7735420261373835,
  "deactivation_mean": 0.8786419774186567,
  "lambda_H": 6.134020729308665,
  "lambda_L": 26.843393755775423,
  "mean_H": 7.304384630094152,
  "mean_L": 5.398892987460894,
  "cv_H": 1.9498920343777912,
  "cv_L": 1.9498920343777912,
  "cW": 1.0,
  "cB": 10.0,
  "cL": 2.5,
  "cC": 0.25,
  "policy_count": 190,
  "diffusion_best_idx": 0,
  "exhaustive_train_idx": 0,
  "holdout_oracle_idx": 0,
  "single_train_idx": 0,
  "selection_idx": 0,
  "final_idx": 0,
  "selection_candidate_count": 33,
  "certified": 1,
  "fallback": 0,
  "certificate_stage_reps": 15,
  "certificate_ambiguous_count": 0,
  "certificate_simulation_count": 259,
  "algorithm_simulation_count": 553,
  "exhaustive_simulation_count": 3830,
  "work_reduction": 0.8556135770234987,
  "holdout_regret_vs_exhaustive": 0.0,
  "holdout_regret_vs_oracle": 0.0,
  "hysteresis_gain_vs_best_single": 0.0011112819274775748,
  "adaptive_gain_vs_best_single": 0.0011112819274775748,
  "exhaustive_holdout_objective": 0.6390184570783348,
  "adaptive_holdout_objective": 0.6390184570783348,
  "single_holdout_objective": 0.6397293767732194,
  "selected_alpha_on": 3.9828931861469843,
  "selected_alpha_off": 3.9828931861469843,
  "exhaustive_alpha_on": 3.9828931861469843,
  "exhaustive_alpha_off": 3.9828931861469843,
  "pareto_count": 107,
  "distinct_weight_optima": 8,
  "robust_idx": 62,
  "robust_max_additive_regret": 0.4098837486162499,
  "equal_weight_idx": 0,
  "elapsed_seconds": 21.400444507598877
}