{
  "scenario_id": "T49",
  "design": "frozen_fresh59",
  "K": 52.12824502878726,
  "mu_max": 156.3847350863618,
  "rho": 0.6781922007327439,
  "arrival_scv": 1.0,
  "mean_jump_fraction": 0.0673112907544033,
  "tau": 2.206350394205084,
  "qH": 0.31677205971594513,
  "beta": 1.0381969687644952,
  "jump_cv": 1.7752754978858318,
  "cloud_cost_multiplier": 0.2947628299985929,
  "deactivation_mean": 1.4563795715056702,
  "lambda_H": 8.325976011310097,
  "lambda_L": 24.295890397312576,
  "mean_H": 4.035142376296899,
  "mean_L": 2.982496539002056,
  "cv_H": 1.7752754978858318,
  "cv_L": 1.7752754978858318,
  "cW": 1.0,
  "cB": 10.0,
  "cL": 2.5,
  "cC": 0.25,
  "policy_count": 190,
  "diffusion_best_idx": 0,
  "exhaustive_train_idx": 0,
  "holdout_oracle_idx": 0,
  "single_train_idx": 0,
  "selection_idx": 0,
  "final_idx": 0,
  "selection_candidate_count": 34,
  "certified": 0,
  "fallback": 1,
  "certificate_stage_reps": 20,
  "certificate_ambiguous_count": 1,
  "certificate_simulation_count": 680,
  "algorithm_simulation_count": 982,
  "exhaustive_simulation_count": 3830,
  "work_reduction": 0.743603133159269,
  "holdout_regret_vs_exhaustive": 0.0,
  "holdout_regret_vs_oracle": 0.0,
  "hysteresis_gain_vs_best_single": 0.03304774472225261,
  "adaptive_gain_vs_best_single": 0.03304774472225261,
  "exhaustive_holdout_objective": 0.6091287659987497,
  "adaptive_holdout_objective": 0.6091287659987497,
  "single_holdout_objective": 0.6299470968437666,
  "selected_alpha_on": 2.6064122514393633,
  "selected_alpha_off": 2.6064122514393633,
  "exhaustive_alpha_on": 2.6064122514393633,
  "exhaustive_alpha_off": 2.6064122514393633,
  "pareto_count": 96,
  "distinct_weight_optima": 9,
  "robust_idx": 53,
  "robust_max_additive_regret": 0.4486569445086474,
  "equal_weight_idx": 0,
  "elapsed_seconds": 18.969558000564575
}