{
  "scenario_id": "T50",
  "design": "frozen_fresh59",
  "K": 34.89398713025131,
  "mu_max": 104.68196139075394,
  "rho": 0.8959108031287508,
  "arrival_scv": 4.0,
  "mean_jump_fraction": 0.0572046499207232,
  "tau": 2.6144816327664504,
  "qH": 0.6655091372098678,
  "beta": 0.9368353246670983,
  "jump_cv": 1.7075649305091491,
  "cloud_cost_multiplier": 2.39037231788508,
  "deactivation_mean": 1.7047765497669034,
  "lambda_H": 27.190104594347858,
  "lambda_L": 18.48928126133954,
  "mean_H": 2.295513065842884,
  "mean_L": 1.69668357040561,
  "cv_H": 1.7075649305091491,
  "cv_L": 1.7075649305091491,
  "cW": 1.0,
  "cB": 10.0,
  "cL": 2.5,
  "cC": 0.25,
  "policy_count": 190,
  "diffusion_best_idx": 0,
  "exhaustive_train_idx": 1,
  "holdout_oracle_idx": 1,
  "single_train_idx": 0,
  "selection_idx": 3,
  "final_idx": 3,
  "selection_candidate_count": 39,
  "certified": 1,
  "fallback": 0,
  "certificate_stage_reps": 10,
  "certificate_ambiguous_count": 0,
  "certificate_simulation_count": 282,
  "algorithm_simulation_count": 624,
  "exhaustive_simulation_count": 3830,
  "work_reduction": 0.8370757180156658,
  "holdout_regret_vs_exhaustive": 0.0019041502576197227,
  "holdout_regret_vs_oracle": 0.0019041502576197227,
  "hysteresis_gain_vs_best_single": 0.005295903387502707,
  "adaptive_gain_vs_best_single": 0.0034018373256826267,
  "exhaustive_holdout_objective": 1.4905908809576165,
  "adaptive_holdout_objective": 1.4934291899675975,
  "single_holdout_objective": 1.4985269348280363,
  "selected_alpha_on": 5.234098069537696,
  "selected_alpha_off": 1.7446993565125657,
  "exhaustive_alpha_on": 3.489398713025131,
  "exhaustive_alpha_off": 1.7446993565125657,
  "pareto_count": 155,
  "distinct_weight_optima": 3,
  "robust_idx": 177,
  "robust_max_additive_regret": 0.4923193374282609,
  "equal_weight_idx": 1,
  "elapsed_seconds": 57.02000975608826
}