{
  "scenario_id": "T51",
  "design": "frozen_fresh59",
  "K": 71.06426784807601,
  "mu_max": 213.19280354422804,
  "rho": 0.7544577943567746,
  "arrival_scv": 4.0,
  "mean_jump_fraction": 0.09548593383096093,
  "tau": 0.6961360535416704,
  "qH": 0.44134158709453364,
  "beta": 1.266272646440357,
  "jump_cv": 1.2534502561502265,
  "cloud_cost_multiplier": 0.345644631536594,
  "deactivation_mean": 0.6913827222517388,
  "lambda_H": 9.096908295188395,
  "lambda_L": 15.579166619168753,
  "mean_H": 7.803483674110131,
  "mean_L": 5.76779228086401,
  "cv_H": 1.2534502561502265,
  "cv_L": 1.2534502561502265,
  "cW": 1.0,
  "cB": 10.0,
  "cL": 2.5,
  "cC": 0.25,
  "policy_count": 190,
  "diffusion_best_idx": 0,
  "exhaustive_train_idx": 0,
  "holdout_oracle_idx": 0,
  "single_train_idx": 0,
  "selection_idx": 0,
  "final_idx": 0,
  "selection_candidate_count": 34,
  "certified": 1,
  "fallback": 0,
  "certificate_stage_reps": 20,
  "certificate_ambiguous_count": 0,
  "certificate_simulation_count": 276,
  "algorithm_simulation_count": 578,
  "exhaustive_simulation_count": 3830,
  "work_reduction": 0.8490861618798955,
  "holdout_regret_vs_exhaustive": 0.0,
  "holdout_regret_vs_oracle": 0.0,
  "hysteresis_gain_vs_best_single": -0.005557752542707127,
  "adaptive_gain_vs_best_single": -0.005557752542707127,
  "exhaustive_holdout_objective": 1.3459324204796448,
  "adaptive_holdout_objective": 1.3459324204796448,
  "single_holdout_objective": 1.3384934053526494,
  "selected_alpha_on": 3.553213392403801,
  "selected_alpha_off": 3.553213392403801,
  "exhaustive_alpha_on": 3.553213392403801,
  "exhaustive_alpha_off": 3.553213392403801,
  "pareto_count": 138,
  "distinct_weight_optima": 4,
  "robust_idx": 98,
  "robust_max_additive_regret": 0.4710697869010177,
  "equal_weight_idx": 0,
  "elapsed_seconds": 19.8025803565979
}