{
  "scenario_id": "T52",
  "design": "frozen_fresh59",
  "K": 38.44614677047683,
  "mu_max": 115.33844031143049,
  "rho": 0.7864198866714225,
  "arrival_scv": 1.0,
  "mean_jump_fraction": 0.07094723888527736,
  "tau": 1.6448298787203026,
  "qH": 0.5405415792040968,
  "beta": 0.8802355373883448,
  "jump_cv": 0.7414123362464433,
  "cloud_cost_multiplier": 0.8547447428061814,
  "deactivation_mean": 1.3683571590497783,
  "lambda_H": 15.63045100303676,
  "lambda_L": 17.97494347944373,
  "mean_H": 3.136795153014972,
  "mean_L": 2.318500765271936,
  "cv_H": 0.7414123362464433,
  "cv_L": 0.7414123362464433,
  "cW": 1.0,
  "cB": 10.0,
  "cL": 2.5,
  "cC": 0.25,
  "policy_count": 190,
  "diffusion_best_idx": 0,
  "exhaustive_train_idx": 0,
  "holdout_oracle_idx": 1,
  "single_train_idx": 0,
  "selection_idx": 0,
  "final_idx": 0,
  "selection_candidate_count": 33,
  "certified": 1,
  "fallback": 0,
  "certificate_stage_reps": 20,
  "certificate_ambiguous_count": 0,
  "certificate_simulation_count": 288,
  "algorithm_simulation_count": 582,
  "exhaustive_simulation_count": 3830,
  "work_reduction": 0.8480417754569191,
  "holdout_regret_vs_exhaustive": 0.0,
  "holdout_regret_vs_oracle": 0.003810836736180624,
  "hysteresis_gain_vs_best_single": 0.020384209673901563,
  "adaptive_gain_vs_best_single": 0.020384209673901563,
  "exhaustive_holdout_objective": 0.9357931492683729,
  "adaptive_holdout_objective": 0.9357931492683729,
  "single_holdout_objective": 0.9552654811299666,
  "selected_alpha_on": 1.9223073385238416,
  "selected_alpha_off": 1.9223073385238416,
  "exhaustive_alpha_on": 1.9223073385238416,
  "exhaustive_alpha_off": 1.9223073385238416,
  "pareto_count": 101,
  "distinct_weight_optima": 5,
  "robust_idx": 51,
  "robust_max_additive_regret": 0.4105563642979142,
  "equal_weight_idx": 1,
  "elapsed_seconds": 25.84229564666748
}