{
  "scenario_id": "T53",
  "design": "frozen_fresh59",
  "K": 44.29827387787078,
  "mu_max": 132.89482163361234,
  "rho": 0.8092615791279794,
  "arrival_scv": 4.0,
  "mean_jump_fraction": 0.06214044717130706,
  "tau": 1.1553911968939403,
  "qH": 0.7731425801881868,
  "beta": 1.385542322661081,
  "jump_cv": 0.9040384783067388,
  "cloud_cost_multiplier": 1.3837973751168395,
  "deactivation_mean": 1.2444772551832854,
  "lambda_H": 26.26621861824366,
  "lambda_L": 10.427251898535362,
  "mean_H": 3.1656217298411082,
  "mean_L": 2.3398073655347322,
  "cv_H": 0.9040384783067388,
  "cv_L": 0.9040384783067388,
  "cW": 1.0,
  "cB": 10.0,
  "cL": 2.5,
  "cC": 0.25,
  "policy_count": 190,
  "diffusion_best_idx": 0,
  "exhaustive_train_idx": 1,
  "holdout_oracle_idx": 0,
  "single_train_idx": 0,
  "selection_idx": 0,
  "final_idx": 0,
  "selection_candidate_count": 36,
  "certified": 1,
  "fallback": 0,
  "certificate_stage_reps": 6,
  "certificate_ambiguous_count": 0,
  "certificate_simulation_count": 204,
  "algorithm_simulation_count": 522,
  "exhaustive_simulation_count": 3830,
  "work_reduction": 0.8637075718015665,
  "holdout_regret_vs_exhaustive": 0.0,
  "holdout_regret_vs_oracle": 0.0,
  "hysteresis_gain_vs_best_single": -0.002122379514780747,
  "adaptive_gain_vs_best_single": -0.0013169234141357843,
  "exhaustive_holdout_objective": 3.689009209927621,
  "adaptive_holdout_objective": 3.6860441678986122,
  "single_holdout_objective": 3.681196314280306,
  "selected_alpha_on": 2.2149136938935388,
  "selected_alpha_off": 2.2149136938935388,
  "exhaustive_alpha_on": 4.4298273877870775,
  "exhaustive_alpha_off": 2.2149136938935388,
  "pareto_count": 170,
  "distinct_weight_optima": 3,
  "robust_idx": 149,
  "robust_max_additive_regret": 0.5646394088579817,
  "equal_weight_idx": 0,
  "elapsed_seconds": 31.260032892227173
}