{
  "scenario_id": "T54",
  "design": "frozen_fresh59",
  "K": 50.01839428181331,
  "mu_max": 150.05518284543993,
  "rho": 0.6168703341024506,
  "arrival_scv": 1.0,
  "mean_jump_fraction": 0.09424027862346895,
  "tau": 3.7491120819758965,
  "qH": 0.29581381467643203,
  "beta": 1.3496618190690877,
  "jump_cv": 1.3946539050373126,
  "cloud_cost_multiplier": 0.6436704711971606,
  "deactivation_mean": 0.5978641811878053,
  "lambda_H": 5.051253797585989,
  "lambda_L": 16.268486584537566,
  "mean_H": 5.420809525429104,
  "mean_L": 4.00668530140412,
  "cv_H": 1.3946539050373126,
  "cv_L": 1.3946539050373126,
  "cW": 1.0,
  "cB": 10.0,
  "cL": 2.5,
  "cC": 0.25,
  "policy_count": 190,
  "diffusion_best_idx": 0,
  "exhaustive_train_idx": 0,
  "holdout_oracle_idx": 0,
  "single_train_idx": 0,
  "selection_idx": 10,
  "final_idx": 10,
  "selection_candidate_count": 41,
  "certified": 1,
  "fallback": 0,
  "certificate_stage_reps": 20,
  "certificate_ambiguous_count": 0,
  "certificate_simulation_count": 381,
  "algorithm_simulation_count": 739,
  "exhaustive_simulation_count": 3830,
  "work_reduction": 0.8070496083550913,
  "holdout_regret_vs_exhaustive": 0.025744805938024164,
  "holdout_regret_vs_oracle": 0.025744805938024164,
  "hysteresis_gain_vs_best_single": 0.01348435555645724,
  "adaptive_gain_vs_best_single": -0.011913298264566614,
  "exhaustive_holdout_objective": 1.429761098534335,
  "adaptive_holdout_objective": 1.4665700205538377,
  "single_holdout_objective": 1.449304029375845,
  "selected_alpha_on": 12.504598570453327,
  "selected_alpha_off": 2.5009197140906654,
  "exhaustive_alpha_on": 2.5009197140906654,
  "exhaustive_alpha_off": 2.5009197140906654,
  "pareto_count": 97,
  "distinct_weight_optima": 6,
  "robust_idx": 141,
  "robust_max_additive_regret": 0.4268068309727003,
  "equal_weight_idx": 0,
  "elapsed_seconds": 16.217679500579834
}