{
  "scenario_id": "T55",
  "design": "frozen_fresh59",
  "K": 68.90907772984784,
  "mu_max": 206.7272331895435,
  "rho": 0.836844378744221,
  "arrival_scv": 1.0,
  "mean_jump_fraction": 0.09147588338331106,
  "tau": 0.6046269952720309,
  "qH": 0.2710111564347134,
  "beta": 0.749816419497632,
  "jump_cv": 1.5779146805753954,
  "cloud_cost_multiplier": 2.717517033060379,
  "deactivation_mean": 1.0785829778325209,
  "lambda_H": 6.467682242087005,
  "lambda_L": 23.537552515932248,
  "mean_H": 7.249046572237139,
  "mean_L": 5.357990944697016,
  "cv_H": 1.5779146805753954,
  "cv_L": 1.5779146805753954,
  "cW": 1.0,
  "cB": 10.0,
  "cL": 2.5,
  "cC": 0.25,
  "policy_count": 190,
  "diffusion_best_idx": 0,
  "exhaustive_train_idx": 5,
  "holdout_oracle_idx": 6,
  "single_train_idx": 0,
  "selection_idx": 4,
  "final_idx": 4,
  "selection_candidate_count": 37,
  "certified": 1,
  "fallback": 0,
  "certificate_stage_reps": 15,
  "certificate_ambiguous_count": 0,
  "certificate_simulation_count": 383,
  "algorithm_simulation_count": 709,
  "exhaustive_simulation_count": 3830,
  "work_reduction": 0.8148825065274151,
  "holdout_regret_vs_exhaustive": 0.0,
  "holdout_regret_vs_oracle": 0.0008366887777566432,
  "hysteresis_gain_vs_best_single": -0.008433702754064359,
  "adaptive_gain_vs_best_single": -0.0024908878290784506,
  "exhaustive_holdout_objective": 0.8843098911763467,
  "adaptive_holdout_objective": 0.8790985520419613,
  "single_holdout_objective": 0.8769142569920744,
  "selected_alpha_on": 10.336361659477173,
  "selected_alpha_off": 6.890907772984783,
  "exhaustive_alpha_on": 10.336361659477173,
  "exhaustive_alpha_off": 10.336361659477173,
  "pareto_count": 114,
  "distinct_weight_optima": 7,
  "robust_idx": 61,
  "robust_max_additive_regret": 0.4350370007851956,
  "equal_weight_idx": 0,
  "elapsed_seconds": 19.592021703720093
}