{
  "scenario_id": "T56",
  "design": "frozen_fresh59",
  "K": 42.23601975005751,
  "mu_max": 126.70805925017252,
  "rho": 0.820275080775216,
  "arrival_scv": 1.0,
  "mean_jump_fraction": 0.05481246602488765,
  "tau": 2.471553292391975,
  "qH": 0.27444547199424685,
  "beta": 0.9579845463452493,
  "jump_cv": 1.4692084265011895,
  "cloud_cost_multiplier": 3.7037330310800995,
  "deactivation_mean": 1.5496030016794493,
  "lambda_H": 10.714197828469079,
  "lambda_L": 38.3223879032863,
  "mean_H": 2.6623194572129876,
  "mean_L": 1.9678013379400345,
  "cv_H": 1.4692084265011895,
  "cv_L": 1.4692084265011895,
  "cW": 1.0,
  "cB": 10.0,
  "cL": 2.5,
  "cC": 0.25,
  "policy_count": 190,
  "diffusion_best_idx": 0,
  "exhaustive_train_idx": 1,
  "holdout_oracle_idx": 1,
  "single_train_idx": 0,
  "selection_idx": 6,
  "final_idx": 1,
  "selection_candidate_count": 39,
  "certified": 0,
  "fallback": 1,
  "certificate_stage_reps": 20,
  "certificate_ambiguous_count": 2,
  "certificate_simulation_count": 780,
  "algorithm_simulation_count": 1122,
  "exhaustive_simulation_count": 3830,
  "work_reduction": 0.7070496083550915,
  "holdout_regret_vs_exhaustive": 0.0,
  "holdout_regret_vs_oracle": 0.0,
  "hysteresis_gain_vs_best_single": 0.013041798507045064,
  "adaptive_gain_vs_best_single": 0.013041798507045064,
  "exhaustive_holdout_objective": 1.4161117952591473,
  "adaptive_holdout_objective": 1.4161117952591473,
  "single_holdout_objective": 1.43482448711305,
  "selected_alpha_on": 4.223601975005751,
  "selected_alpha_off": 2.1118009875028756,
  "exhaustive_alpha_on": 4.223601975005751,
  "exhaustive_alpha_off": 2.1118009875028756,
  "pareto_count": 98,
  "distinct_weight_optima": 5,
  "robust_idx": 60,
  "robust_max_additive_regret": 0.4361992591578716,
  "equal_weight_idx": 1,
  "elapsed_seconds": 34.417210817337036
}