{
  "scenario_id": "T57",
  "design": "frozen_fresh59",
  "K": 61.35961555825932,
  "mu_max": 184.07884667477796,
  "rho": 0.824238025360609,
  "arrival_scv": 1.0,
  "mean_jump_fraction": 0.06809559019297429,
  "tau": 1.3268478955620449,
  "qH": 0.45399993954405005,
  "beta": 0.8575920857066992,
  "jump_cv": 1.7514247950068502,
  "cloud_cost_multiplier": 0.6289051079882859,
  "deactivation_mean": 1.0154082157830433,
  "lambda_H": 14.335500738830717,
  "lambda_L": 23.32537732369069,
  "mean_H": 4.805067120771727,
  "mean_L": 3.5515713501356245,
  "cv_H": 1.7514247950068502,
  "cv_L": 1.7514247950068502,
  "cW": 1.0,
  "cB": 10.0,
  "cL": 2.5,
  "cC": 0.25,
  "policy_count": 190,
  "diffusion_best_idx": 0,
  "exhaustive_train_idx": 0,
  "holdout_oracle_idx": 1,
  "single_train_idx": 0,
  "selection_idx": 1,
  "final_idx": 1,
  "selection_candidate_count": 37,
  "certified": 1,
  "fallback": 0,
  "certificate_stage_reps": 20,
  "certificate_ambiguous_count": 0,
  "certificate_simulation_count": 329,
  "algorithm_simulation_count": 655,
  "exhaustive_simulation_count": 3830,
  "work_reduction": 0.8289817232375979,
  "holdout_regret_vs_exhaustive": 0.0,
  "holdout_regret_vs_oracle": 0.0,
  "hysteresis_gain_vs_best_single": 0.0004725472640788413,
  "adaptive_gain_vs_best_single": 0.0015469257869610697,
  "exhaustive_holdout_objective": 0.6696703072483065,
  "adaptive_holdout_objective": 0.6689504877040306,
  "single_holdout_objective": 0.6699869077285222,
  "selected_alpha_on": 6.135961555825933,
  "selected_alpha_off": 3.0679807779129664,
  "exhaustive_alpha_on": 3.0679807779129664,
  "exhaustive_alpha_off": 3.0679807779129664,
  "pareto_count": 120,
  "distinct_weight_optima": 8,
  "robust_idx": 72,
  "robust_max_additive_regret": 0.43896983069599843,
  "equal_weight_idx": 1,
  "elapsed_seconds": 26.67557716369629
}