{
  "scenario_id": "T58",
  "design": "frozen_fresh59",
  "K": 76.07730593581701,
  "mu_max": 228.23191780745103,
  "rho": 0.671675618655398,
  "arrival_scv": 4.0,
  "mean_jump_fraction": 0.059968443466050764,
  "tau": 0.7290149984171026,
  "qH": 0.4778257216281875,
  "beta": 0.8008092410030554,
  "jump_cv": 1.3096225142134124,
  "cloud_cost_multiplier": 0.3168381259515139,
  "deactivation_mean": 0.9081935199487284,
  "lambda_H": 13.961424954490782,
  "lambda_L": 20.642134892351127,
  "mean_H": 5.246573263070714,
  "mean_L": 3.877901977052267,
  "cv_H": 1.3096225142134124,
  "cv_L": 1.3096225142134124,
  "cW": 1.0,
  "cB": 10.0,
  "cL": 2.5,
  "cC": 0.25,
  "policy_count": 190,
  "diffusion_best_idx": 0,
  "exhaustive_train_idx": 0,
  "holdout_oracle_idx": 1,
  "single_train_idx": 0,
  "selection_idx": 0,
  "final_idx": 0,
  "selection_candidate_count": 32,
  "certified": 1,
  "fallback": 0,
  "certificate_stage_reps": 15,
  "certificate_ambiguous_count": 0,
  "certificate_simulation_count": 264,
  "algorithm_simulation_count": 550,
  "exhaustive_simulation_count": 3830,
  "work_reduction": 0.8563968668407311,
  "holdout_regret_vs_exhaustive": 0.0,
  "holdout_regret_vs_oracle": 0.0005534460816264522,
  "hysteresis_gain_vs_best_single": -3.211886821644705e-05,
  "adaptive_gain_vs_best_single": -3.211886821644705e-05,
  "exhaustive_holdout_objective": 0.4808820749739032,
  "adaptive_holdout_objective": 0.4808820749739032,
  "single_holdout_objective": 0.4808666300819819,
  "selected_alpha_on": 3.8038652967908506,
  "selected_alpha_off": 3.8038652967908506,
  "exhaustive_alpha_on": 3.8038652967908506,
  "exhaustive_alpha_off": 3.8038652967908506,
  "pareto_count": 126,
  "distinct_weight_optima": 9,
  "robust_idx": 51,
  "robust_max_additive_regret": 0.46568394427654225,
  "equal_weight_idx": 1,
  "elapsed_seconds": 24.510706663131714
}