{
  "scenario_id": "T59",
  "design": "frozen_fresh59",
  "K": 73.03028836719199,
  "mu_max": 219.09086510157596,
  "rho": 0.6962892574356876,
  "arrival_scv": 4.0,
  "mean_jump_fraction": 0.050807497814891155,
  "tau": 3.312143370780294,
  "qH": 0.3247320734594451,
  "beta": 1.256405536749361,
  "jump_cv": 1.5463378316620209,
  "cloud_cost_multiplier": 0.38392162398932517,
  "deactivation_mean": 1.4328298384321938,
  "lambda_H": 11.609419048572603,
  "lambda_L": 32.66181683661477,
  "mean_H": 4.267059149132524,
  "mean_L": 3.153913284141431,
  "cv_H": 1.5463378316620209,
  "cv_L": 1.5463378316620209,
  "cW": 1.0,
  "cB": 10.0,
  "cL": 2.5,
  "cC": 0.25,
  "policy_count": 190,
  "diffusion_best_idx": 0,
  "exhaustive_train_idx": 0,
  "holdout_oracle_idx": 0,
  "single_train_idx": 0,
  "selection_idx": 1,
  "final_idx": 0,
  "selection_candidate_count": 35,
  "certified": 0,
  "fallback": 1,
  "certificate_stage_reps": 20,
  "certificate_ambiguous_count": 3,
  "certificate_simulation_count": 700,
  "algorithm_simulation_count": 1010,
  "exhaustive_simulation_count": 3830,
  "work_reduction": 0.7362924281984334,
  "holdout_regret_vs_exhaustive": 0.0,
  "holdout_regret_vs_oracle": 0.0,
  "hysteresis_gain_vs_best_single": 0.004048170591881686,
  "adaptive_gain_vs_best_single": 0.004048170591881686,
  "exhaustive_holdout_objective": 1.428497049009764,
  "adaptive_holdout_objective": 1.428497049009764,
  "single_holdout_objective": 1.4343033536659116,
  "selected_alpha_on": 3.6515144183595996,
  "selected_alpha_off": 3.6515144183595996,
  "exhaustive_alpha_on": 3.6515144183595996,
  "exhaustive_alpha_off": 3.6515144183595996,
  "pareto_count": 93,
  "distinct_weight_optima": 5,
  "robust_idx": 83,
  "robust_max_additive_regret": 0.4593545222264705,
  "equal_weight_idx": 0,
  "elapsed_seconds": 26.80309820175171
}