level_count,policy_count,scenarios,mean_evaluated_fraction,mean_work_reduction,median_regret,max_regret,exact_match_fraction
19,190,3,0.1052631578947368,0.8869565217391303,0.0145199251602937,0.059640244137039,0.3333333333333333
31,496,3,0.0403225806451612,0.9564634963161419,0.0010476062658832,0.0314745686746785,0.3333333333333333
51,1326,3,0.0150829562594268,0.9836806427316094,0.0,0.0,0.0
